dataset,n_samples,n_features,n_classes,train_per_class,train_rows,test_rows,seed,schedule,schedule_family,learning_rate,eta0,accuracy,macro_f1,log_loss,fit_seconds,n_iter,convergence_warning_count,status
wine,178,13,3,4,12,166,14,constant_0003,constant,constant,0.0003,0.8795180722891566,0.8788399872623729,0.754753099591811,0.0023302979971049353,172,0,PASS
wine,178,13,3,4,12,166,14,constant_001,constant,constant,0.001,0.9156626506024096,0.9154015992361857,0.5379676476383802,0.0017950929977814667,162,0,PASS
wine,178,13,3,4,12,166,14,constant_003,constant,constant,0.003,0.9216867469879518,0.9215635863393965,0.41022126155098393,0.0013972169981570914,117,0,PASS
wine,178,13,3,4,12,166,14,invscaling_0003,invscaling,invscaling,0.0003,0.8614457831325302,0.8602532524946319,1.093876744922469,0.0012532309992820956,7,0,PASS
wine,178,13,3,4,12,166,14,invscaling_001,invscaling,invscaling,0.001,0.8674698795180723,0.8664811909906177,1.075971890310619,0.0012149109970778227,16,0,PASS
wine,178,13,3,4,12,166,14,invscaling_003,invscaling,invscaling,0.003,0.8674698795180723,0.8664811909906177,0.9819015096294478,0.0012496659983298741,57,0,PASS
wine,178,13,3,4,12,166,14,adaptive_0003,adaptive,adaptive,0.0003,0.8795180722891566,0.8788399872623729,0.7533006113225904,0.0015386129962280393,192,0,PASS
wine,178,13,3,4,12,166,14,adaptive_001,adaptive,adaptive,0.001,0.9156626506024096,0.9154015992361857,0.5364309302083228,0.0016686980015947483,187,0,PASS
wine,178,13,3,4,12,166,14,adaptive_003,adaptive,adaptive,0.003,0.9216867469879518,0.9215635863393965,0.4086538769602931,0.0013468019969877787,142,0,PASS
wine,178,13,3,4,12,166,52,constant_0003,constant,constant,0.0003,0.8795180722891566,0.8805191329943804,0.7491542988180995,0.001375571002427023,185,0,PASS
wine,178,13,3,4,12,166,52,constant_001,constant,constant,0.001,0.891566265060241,0.8926378539493293,0.5455763975185234,0.001365036005154252,166,0,PASS
wine,178,13,3,4,12,166,52,constant_003,constant,constant,0.003,0.8975903614457831,0.8987106840765376,0.4319066708175237,0.0014531249980791472,112,0,PASS
wine,178,13,3,4,12,166,52,invscaling_0003,invscaling,invscaling,0.0003,0.8614457831325302,0.8621698621698622,1.0941572055757074,0.0011276250006631017,7,0,PASS
wine,178,13,3,4,12,166,52,invscaling_001,invscaling,invscaling,0.001,0.8674698795180723,0.8676424150562081,1.0772964571408599,0.001163382999948226,16,0,PASS
wine,178,13,3,4,12,166,52,invscaling_003,invscaling,invscaling,0.003,0.8734939759036144,0.8730991209636842,0.9859534977895467,0.001234190996910911,59,0,PASS
wine,178,13,3,4,12,166,52,adaptive_0003,adaptive,adaptive,0.0003,0.8795180722891566,0.8805191329943804,0.7477947325523716,0.0014329750047181733,205,0,PASS
wine,178,13,3,4,12,166,52,adaptive_001,adaptive,adaptive,0.001,0.891566265060241,0.8926378539493293,0.5441353989702913,0.0014316809974843636,191,0,PASS
wine,178,13,3,4,12,166,52,adaptive_003,adaptive,adaptive,0.003,0.8975903614457831,0.8987106840765376,0.43033886263109333,0.0013255369995022193,137,0,PASS
wine,178,13,3,4,12,166,88,constant_0003,constant,constant,0.0003,0.8734939759036144,0.8732376386064393,0.7778221690053972,0.0013637299998663366,190,0,PASS
wine,178,13,3,4,12,166,88,constant_001,constant,constant,0.001,0.891566265060241,0.8918256502633805,0.5758788682982099,0.001452021002478432,157,0,PASS
wine,178,13,3,4,12,166,88,constant_003,constant,constant,0.003,0.9036144578313253,0.9039980904642558,0.4549066114367398,0.001343199000984896,115,0,PASS
wine,178,13,3,4,12,166,88,invscaling_0003,invscaling,invscaling,0.0003,0.8433734939759037,0.8425638371290546,1.0944171195795933,0.0012047920026816428,7,0,PASS
wine,178,13,3,4,12,166,88,invscaling_001,invscaling,invscaling,0.001,0.8433734939759037,0.8425638371290546,1.0784201096090194,0.0011821649968624115,17,0,PASS
wine,178,13,3,4,12,166,88,invscaling_003,invscaling,invscaling,0.003,0.8493975903614458,0.8479681652095445,0.9929156815873581,0.00124001700169174,63,0,PASS
wine,178,13,3,4,12,166,88,adaptive_0003,adaptive,adaptive,0.0003,0.8734939759036144,0.8732376386064393,0.7764848191678579,0.0014043230039533228,210,0,PASS
wine,178,13,3,4,12,166,88,adaptive_001,adaptive,adaptive,0.001,0.891566265060241,0.8918256502633805,0.5743974067959375,0.0015293399992515333,182,0,PASS
wine,178,13,3,4,12,166,88,adaptive_003,adaptive,adaptive,0.003,0.9096385542168675,0.9094768342119456,0.45332350168369967,0.0014139400009298697,140,0,PASS
wine,178,13,3,4,12,166,121,constant_0003,constant,constant,0.0003,0.8614457831325302,0.8631531531531532,0.763252690224957,0.0013870920010958798,177,0,PASS
wine,178,13,3,4,12,166,121,constant_001,constant,constant,0.001,0.8674698795180723,0.8699624060150377,0.5656804408332059,0.0013517719999072142,156,0,PASS
wine,178,13,3,4,12,166,121,constant_003,constant,constant,0.003,0.8554216867469879,0.8571669071669071,0.4561267991406507,0.0013293419979163446,117,0,PASS
wine,178,13,3,4,12,166,121,invscaling_0003,invscaling,invscaling,0.0003,0.8493975903614458,0.8502915232320322,1.0937741751082661,0.0012912130041513592,7,0,PASS
wine,178,13,3,4,12,166,121,invscaling_001,invscaling,invscaling,0.001,0.8493975903614458,0.8502915232320322,1.0756657282787319,0.0011790589996962808,15,0,PASS
wine,178,13,3,4,12,166,121,invscaling_003,invscaling,invscaling,0.003,0.8493975903614458,0.8502915232320322,0.9812086195355912,0.0012358070016489364,55,0,PASS
wine,178,13,3,4,12,166,121,adaptive_0003,adaptive,adaptive,0.0003,0.8614457831325302,0.8631531531531532,0.7618776428054942,0.0014935729996068403,197,0,PASS
wine,178,13,3,4,12,166,121,adaptive_001,adaptive,adaptive,0.001,0.8674698795180723,0.8699624060150377,0.564321621880407,0.001401346002239734,181,0,PASS
wine,178,13,3,4,12,166,121,adaptive_003,adaptive,adaptive,0.003,0.8554216867469879,0.8571669071669071,0.4548602088818809,0.0013841710024280474,142,0,PASS
wine,178,13,3,4,12,166,169,constant_0003,constant,constant,0.0003,0.8855421686746988,0.8868856759823035,0.7522628832089202,0.0013687379978364334,183,0,PASS
wine,178,13,3,4,12,166,169,constant_001,constant,constant,0.001,0.891566265060241,0.8927174851454979,0.5694138782222322,0.0013519099957193248,161,0,PASS
wine,178,13,3,4,12,166,169,constant_003,constant,constant,0.003,0.9036144578313253,0.9047892720306513,0.4693253585406906,0.0013222330017015338,113,0,PASS
wine,178,13,3,4,12,166,169,invscaling_0003,invscaling,invscaling,0.0003,0.8795180722891566,0.8810428057326537,1.0938917914656228,0.00114263899740763,7,0,PASS
wine,178,13,3,4,12,166,169,invscaling_001,invscaling,invscaling,0.001,0.8614457831325302,0.8622209117565154,1.0737554978489443,0.0012048179996781982,21,0,PASS
wine,178,13,3,4,12,166,169,invscaling_003,invscaling,invscaling,0.003,0.8734939759036144,0.8746168251052614,0.9744387250567125,0.0012764209968736395,70,0,PASS
wine,178,13,3,4,12,166,169,adaptive_0003,adaptive,adaptive,0.0003,0.8855421686746988,0.8868856759823035,0.7509754900911404,0.0014491199981421232,203,0,PASS
wine,178,13,3,4,12,166,169,adaptive_001,adaptive,adaptive,0.001,0.891566265060241,0.8927174851454979,0.5680457996977754,0.001364578005450312,186,0,PASS
wine,178,13,3,4,12,166,169,adaptive_003,adaptive,adaptive,0.003,0.9036144578313253,0.9047892720306513,0.4678837731773592,0.0013455739972414449,138,0,PASS
wine,178,13,3,4,12,166,203,constant_0003,constant,constant,0.0003,0.9216867469879518,0.9244844901668895,0.744032541600104,0.001476117002312094,176,0,PASS
wine,178,13,3,4,12,166,203,constant_001,constant,constant,0.001,0.9578313253012049,0.958942379166167,0.5055280386610501,0.0013596569988294505,163,0,PASS
wine,178,13,3,4,12,166,203,constant_003,constant,constant,0.003,0.9698795180722891,0.9716388785743647,0.3661567555189838,0.0015426480022142641,122,0,PASS
wine,178,13,3,4,12,166,203,invscaling_0003,invscaling,invscaling,0.0003,0.9036144578313253,0.9075226210179156,1.0935634233514029,0.0011551589996088296,7,0,PASS
wine,178,13,3,4,12,166,203,invscaling_001,invscaling,invscaling,0.001,0.891566265060241,0.8951243628120374,1.0734452568211788,0.0012207019972265698,19,0,PASS
wine,178,13,3,4,12,166,203,invscaling_003,invscaling,invscaling,0.003,0.8975903614457831,0.900858919367645,0.9734745432715863,0.0013184009949327447,64,0,PASS
wine,178,13,3,4,12,166,203,adaptive_0003,adaptive,adaptive,0.0003,0.9216867469879518,0.9244844901668895,0.7424154030967667,0.0014059640016057529,196,0,PASS
wine,178,13,3,4,12,166,203,adaptive_001,adaptive,adaptive,0.001,0.9578313253012049,0.958942379166167,0.5038987525846012,0.0013782710011582822,188,0,PASS
wine,178,13,3,4,12,166,203,adaptive_003,adaptive,adaptive,0.003,0.9698795180722891,0.9716388785743647,0.36452209153659854,0.001398569998855237,147,0,PASS
wine,178,13,3,4,12,166,247,constant_0003,constant,constant,0.0003,0.8674698795180723,0.8734355948629241,0.7514029129303529,0.0013783350004814565,174,0,PASS
wine,178,13,3,4,12,166,247,constant_001,constant,constant,0.001,0.8614457831325302,0.8647408504445576,0.5739405437521495,0.001328397003817372,155,0,PASS
wine,178,13,3,4,12,166,247,constant_003,constant,constant,0.003,0.8674698795180723,0.8714797747055812,0.48402007032998823,0.0013936270042904653,113,0,PASS
wine,178,13,3,4,12,166,247,invscaling_0003,invscaling,invscaling,0.0003,0.8734939759036144,0.8796961973956154,1.0934110849723104,0.0012345830036792904,7,0,PASS
wine,178,13,3,4,12,166,247,invscaling_001,invscaling,invscaling,0.001,0.8614457831325302,0.8682429702804266,1.0718698314851298,0.0012007580007775687,20,0,PASS
wine,178,13,3,4,12,166,247,invscaling_003,invscaling,invscaling,0.003,0.8614457831325302,0.8682429702804266,0.9671731593620237,0.0013496170067810453,67,0,PASS
wine,178,13,3,4,12,166,247,adaptive_0003,adaptive,adaptive,0.0003,0.8674698795180723,0.8734355948629241,0.7500846828989463,0.001394058002915699,194,0,PASS
wine,178,13,3,4,12,166,247,adaptive_001,adaptive,adaptive,0.001,0.8614457831325302,0.8647408504445576,0.5727110408778517,0.0014215280025382526,180,0,PASS
wine,178,13,3,4,12,166,247,adaptive_003,adaptive,adaptive,0.003,0.8674698795180723,0.8714797747055812,0.482931053318003,0.001347020996036008,138,0,PASS
wine,178,13,3,4,12,166,314,constant_0003,constant,constant,0.0003,0.9036144578313253,0.9036430380197245,0.7829601123206497,0.0013209030003054067,184,0,PASS
wine,178,13,3,4,12,166,314,constant_001,constant,constant,0.001,0.9096385542168675,0.9095093178151875,0.5346539607514527,0.001695487997494638,151,0,PASS
wine,178,13,3,4,12,166,314,constant_003,constant,constant,0.003,0.9216867469879518,0.9212507203495203,0.3866102523855188,0.001348241996311117,134,0,PASS
wine,178,13,3,4,12,166,314,invscaling_0003,invscaling,invscaling,0.0003,0.8855421686746988,0.8862040809081307,1.0936847831561587,0.0011779429987655021,7,0,PASS
wine,178,13,3,4,12,166,314,invscaling_001,invscaling,invscaling,0.001,0.8855421686746988,0.8862040809081307,1.0748031277505694,0.0011655010021058843,19,0,PASS
wine,178,13,3,4,12,166,314,invscaling_003,invscaling,invscaling,0.003,0.8855421686746988,0.8862040809081307,0.9837846701644205,0.0012629080010810867,67,0,PASS
wine,178,13,3,4,12,166,314,adaptive_0003,adaptive,adaptive,0.0003,0.9036144578313253,0.9036430380197245,0.7813086519254145,0.0013722660005441867,204,0,PASS
wine,178,13,3,4,12,166,314,adaptive_001,adaptive,adaptive,0.001,0.9096385542168675,0.9095093178151875,0.5329528713679665,0.00140093299705768,177,0,PASS
wine,178,13,3,4,12,166,314,adaptive_003,adaptive,adaptive,0.003,0.9216867469879518,0.9212507203495203,0.384941678392844,0.001367590004520025,160,0,PASS
wine,178,13,3,4,12,166,415,constant_0003,constant,constant,0.0003,0.9216867469879518,0.9223845450045746,0.7433610722406937,0.0014221879973774776,174,0,PASS
wine,178,13,3,4,12,166,415,constant_001,constant,constant,0.001,0.9337349397590361,0.9350271756332691,0.5259229147882077,0.001370541998767294,157,0,PASS
wine,178,13,3,4,12,166,415,constant_003,constant,constant,0.003,0.9397590361445783,0.9413841466363593,0.3936583817688325,0.0013121689989930019,117,0,PASS
wine,178,13,3,4,12,166,415,invscaling_0003,invscaling,invscaling,0.0003,0.9216867469879518,0.9229677121359906,1.0937761773680852,0.001194537995615974,7,0,PASS
wine,178,13,3,4,12,166,415,invscaling_001,invscaling,invscaling,0.001,0.9036144578313253,0.9044256120527306,1.0748331147317711,0.0011870810049003921,17,0,PASS
wine,178,13,3,4,12,166,415,invscaling_003,invscaling,invscaling,0.003,0.9036144578313253,0.9044256120527306,0.9755644093613215,0.0012371400007396005,60,0,PASS
wine,178,13,3,4,12,166,415,adaptive_0003,adaptive,adaptive,0.0003,0.9216867469879518,0.9223845450045746,0.7418647474966906,0.0013984629986225627,194,0,PASS
wine,178,13,3,4,12,166,415,adaptive_001,adaptive,adaptive,0.001,0.9337349397590361,0.9350271756332691,0.5243422315887607,0.0014360210043378174,182,0,PASS
wine,178,13,3,4,12,166,415,adaptive_003,adaptive,adaptive,0.003,0.9397590361445783,0.9413841466363593,0.39201602026090315,0.0014740660044481046,142,0,PASS
wine,178,13,3,4,12,166,509,constant_0003,constant,constant,0.0003,0.9036144578313253,0.9056357929749534,0.7246786597511098,0.0013974710018374026,177,0,PASS
wine,178,13,3,4,12,166,509,constant_001,constant,constant,0.001,0.9156626506024096,0.9171552203374551,0.5150406010634344,0.0013468410033965483,165,0,PASS
wine,178,13,3,4,12,166,509,constant_003,constant,constant,0.003,0.9156626506024096,0.9171552203374551,0.39663374221454684,0.0013281490028020926,115,0,PASS
wine,178,13,3,4,12,166,509,invscaling_0003,invscaling,invscaling,0.0003,0.9036144578313253,0.905353126405758,1.09337245089106,0.0012087069990229793,7,0,PASS
wine,178,13,3,4,12,166,509,invscaling_001,invscaling,invscaling,0.001,0.891566265060241,0.8925836816803093,1.0730412855803255,0.0011658299990813248,17,0,PASS
wine,178,13,3,4,12,166,509,invscaling_003,invscaling,invscaling,0.003,0.8855421686746988,0.8871152442491393,0.9678109316782202,0.0012028299970552325,60,0,PASS
wine,178,13,3,4,12,166,509,adaptive_0003,adaptive,adaptive,0.0003,0.9036144578313253,0.9056357929749534,0.7232137047875569,0.0014248860024963506,197,0,PASS
wine,178,13,3,4,12,166,509,adaptive_001,adaptive,adaptive,0.001,0.9156626506024096,0.9171552203374551,0.5135381191491694,0.0013654199938173406,190,0,PASS
wine,178,13,3,4,12,166,509,adaptive_003,adaptive,adaptive,0.003,0.9156626506024096,0.9171552203374551,0.3950783711241654,0.0013373179972404614,140,0,PASS
wine,178,13,3,8,24,154,14,constant_0003,constant,constant,0.0003,0.9545454545454546,0.9557653477394595,0.6067924468592448,0.001637371999095194,179,0,PASS
wine,178,13,3,8,24,154,14,constant_001,constant,constant,0.001,0.961038961038961,0.9636417830083458,0.43255149474178345,0.0015378129974124022,138,0,PASS
wine,178,13,3,8,24,154,14,constant_003,constant,constant,0.003,0.974025974025974,0.9764924218991649,0.3310319090982116,0.001396125997416675,94,0,PASS
wine,178,13,3,8,24,154,14,invscaling_0003,invscaling,invscaling,0.0003,0.9090909090909091,0.9116984631690513,1.0916842935052162,0.0011844330001622438,8,0,PASS
wine,178,13,3,8,24,154,14,invscaling_001,invscaling,invscaling,0.001,0.9155844155844156,0.9187518745040869,1.0617747943432807,0.0012354930004221387,23,0,PASS
wine,178,13,3,8,24,154,14,invscaling_003,invscaling,invscaling,0.003,0.9285714285714286,0.931825325015477,0.9272958930776755,0.0013644730061059818,74,0,PASS
wine,178,13,3,8,24,154,14,adaptive_0003,adaptive,adaptive,0.0003,0.9545454545454546,0.9557653477394595,0.6052560228576211,0.0016296420071739703,199,0,PASS
wine,178,13,3,8,24,154,14,adaptive_001,adaptive,adaptive,0.001,0.961038961038961,0.9636417830083458,0.4309360367123513,0.001593291999597568,163,0,PASS
wine,178,13,3,8,24,154,14,adaptive_003,adaptive,adaptive,0.003,0.974025974025974,0.9764924218991649,0.3293195523940882,0.001686264993622899,119,0,PASS
wine,178,13,3,8,24,154,52,constant_0003,constant,constant,0.0003,0.948051948051948,0.9477350595797579,0.5872597164699787,0.0016543649981031194,179,0,PASS
wine,178,13,3,8,24,154,52,constant_001,constant,constant,0.001,0.9545454545454546,0.9549953314659195,0.3991126715213709,0.001607165002496913,141,0,PASS
wine,178,13,3,8,24,154,52,constant_003,constant,constant,0.003,0.961038961038961,0.9610500610500609,0.289569783405193,0.0014302679992397316,96,0,PASS
wine,178,13,3,8,24,154,52,invscaling_0003,invscaling,invscaling,0.0003,0.935064935064935,0.9349206349206348,1.0915570012401088,0.0011496660008560866,8,0,PASS
wine,178,13,3,8,24,154,52,invscaling_001,invscaling,invscaling,0.001,0.9155844155844156,0.9157725631135606,1.0616083565962808,0.0011838109930977225,24,0,PASS
wine,178,13,3,8,24,154,52,invscaling_003,invscaling,invscaling,0.003,0.9285714285714286,0.9287174023051369,0.9254339921080754,0.0014138470069156028,74,0,PASS
wine,178,13,3,8,24,154,52,adaptive_0003,adaptive,adaptive,0.0003,0.948051948051948,0.9477350595797579,0.5856373612889046,0.001655477004533168,199,0,PASS
wine,178,13,3,8,24,154,52,adaptive_001,adaptive,adaptive,0.001,0.9545454545454546,0.9549953314659195,0.3974087308869375,0.0016466820015921257,166,0,PASS
wine,178,13,3,8,24,154,52,adaptive_003,adaptive,adaptive,0.003,0.961038961038961,0.9610500610500609,0.2877839369625374,0.001508921995991841,121,0,PASS
wine,178,13,3,8,24,154,88,constant_0003,constant,constant,0.0003,0.9415584415584416,0.9460013237791015,0.5958806250169983,0.001638100999116432,174,0,PASS
wine,178,13,3,8,24,154,88,constant_001,constant,constant,0.001,0.9285714285714286,0.9333314059568782,0.4139406085198229,0.0015201989954221062,140,0,PASS
wine,178,13,3,8,24,154,88,constant_003,constant,constant,0.003,0.9415584415584416,0.9462958442628562,0.31261108722357345,0.0014042949987924658,99,0,PASS
wine,178,13,3,8,24,154,88,invscaling_0003,invscaling,invscaling,0.0003,0.9090909090909091,0.9151155327342747,1.0918326138700878,0.001158992003183812,7,0,PASS
wine,178,13,3,8,24,154,88,invscaling_001,invscaling,invscaling,0.001,0.8961038961038961,0.9017857993237772,1.0640018205483701,0.0012495890041464008,18,0,PASS
wine,178,13,3,8,24,154,88,invscaling_003,invscaling,invscaling,0.003,0.8961038961038961,0.9017857993237772,0.9321024366865832,0.0013264730005175807,62,0,PASS
wine,178,13,3,8,24,154,88,adaptive_0003,adaptive,adaptive,0.0003,0.9415584415584416,0.9460013237791015,0.5943022822590154,0.001653513994824607,194,0,PASS
wine,178,13,3,8,24,154,88,adaptive_001,adaptive,adaptive,0.001,0.9285714285714286,0.9333314059568782,0.41239786723145205,0.001581082004122436,165,0,PASS
wine,178,13,3,8,24,154,88,adaptive_003,adaptive,adaptive,0.003,0.9415584415584416,0.9462958442628562,0.31107023072223106,0.0015088199943420477,124,0,PASS
wine,178,13,3,8,24,154,121,constant_0003,constant,constant,0.0003,0.935064935064935,0.9388918622728547,0.6291674405437216,0.0018463779997546226,161,0,PASS
wine,178,13,3,8,24,154,121,constant_001,constant,constant,0.001,0.9545454545454546,0.9566857515743932,0.44119998463640747,0.0015148670063354075,132,0,PASS
wine,178,13,3,8,24,154,121,constant_003,constant,constant,0.003,0.9545454545454546,0.9566857515743932,0.3141680192076795,0.001378362998366356,102,0,PASS
wine,178,13,3,8,24,154,121,invscaling_0003,invscaling,invscaling,0.0003,0.9090909090909091,0.913836762981128,1.0919362213550627,0.00119441300194012,7,0,PASS
wine,178,13,3,8,24,154,121,invscaling_001,invscaling,invscaling,0.001,0.9025974025974026,0.9078190428856251,1.062202113517486,0.0013842480038874783,21,0,PASS
wine,178,13,3,8,24,154,121,invscaling_003,invscaling,invscaling,0.003,0.9025974025974026,0.9078190428856251,0.9319965311832012,0.00136142699921038,67,0,PASS
wine,178,13,3,8,24,154,121,adaptive_0003,adaptive,adaptive,0.0003,0.935064935064935,0.9388918622728547,0.6275060419644304,0.0016186619977816008,181,0,PASS
wine,178,13,3,8,24,154,121,adaptive_001,adaptive,adaptive,0.001,0.9545454545454546,0.9566857515743932,0.43940451317896784,0.0015551569958915934,157,0,PASS
wine,178,13,3,8,24,154,121,adaptive_003,adaptive,adaptive,0.003,0.9545454545454546,0.9566857515743932,0.31218647131435306,0.0015211350037134252,128,0,PASS
wine,178,13,3,8,24,154,169,constant_0003,constant,constant,0.0003,0.948051948051948,0.9497766131848796,0.620081615878974,0.0015937580028548837,175,0,PASS
wine,178,13,3,8,24,154,169,constant_001,constant,constant,0.001,0.961038961038961,0.9617613310384394,0.44129472172811096,0.0015175070002442226,142,0,PASS
wine,178,13,3,8,24,154,169,constant_003,constant,constant,0.003,0.948051948051948,0.9499447807198131,0.33119747005655736,0.001397983003698755,100,0,PASS
wine,178,13,3,8,24,154,169,invscaling_0003,invscaling,invscaling,0.0003,0.9090909090909091,0.9116984631690513,1.0909861638214897,0.0011539789993548766,8,0,PASS
wine,178,13,3,8,24,154,169,invscaling_001,invscaling,invscaling,0.001,0.8961038961038961,0.897668201116477,1.0565739381119577,0.0012579270041896962,28,0,PASS
wine,178,13,3,8,24,154,169,invscaling_003,invscaling,invscaling,0.003,0.9090909090909091,0.9116984631690513,0.9195029529201579,0.001361168993753381,76,0,PASS
wine,178,13,3,8,24,154,169,adaptive_0003,adaptive,adaptive,0.0003,0.948051948051948,0.9497766131848796,0.6184798900303117,0.0016485919986735098,195,0,PASS
wine,178,13,3,8,24,154,169,adaptive_001,adaptive,adaptive,0.001,0.961038961038961,0.9617613310384394,0.4396002029512418,0.0015463430027011782,167,0,PASS
wine,178,13,3,8,24,154,169,adaptive_003,adaptive,adaptive,0.003,0.948051948051948,0.9499447807198131,0.3294580992470791,0.0015129390012589283,125,0,PASS
wine,178,13,3,8,24,154,203,constant_0003,constant,constant,0.0003,0.9285714285714286,0.9308361983272234,0.6136042566547804,0.001779630001692567,163,0,PASS
wine,178,13,3,8,24,154,203,constant_001,constant,constant,0.001,0.948051948051948,0.9497766131848796,0.42540270300278865,0.001498321995313745,136,0,PASS
wine,178,13,3,8,24,154,203,constant_003,constant,constant,0.003,0.948051948051948,0.9497766131848796,0.3066479528122099,0.0015940260054776445,101,0,PASS
wine,178,13,3,8,24,154,203,invscaling_0003,invscaling,invscaling,0.0003,0.8831168831168831,0.885176143491676,1.0910080146297347,0.0011704049975378439,8,0,PASS
wine,178,13,3,8,24,154,203,invscaling_001,invscaling,invscaling,0.001,0.8701298701298701,0.8726058354470564,1.0569876709455222,0.0012241730000823736,27,0,PASS
wine,178,13,3,8,24,154,203,invscaling_003,invscaling,invscaling,0.003,0.8896103896103896,0.8914304042823499,0.9201646709643184,0.001352588995359838,74,0,PASS
wine,178,13,3,8,24,154,203,adaptive_0003,adaptive,adaptive,0.0003,0.9285714285714286,0.9308361983272234,0.6119408666483339,0.001636875000258442,183,0,PASS
wine,178,13,3,8,24,154,203,adaptive_001,adaptive,adaptive,0.001,0.948051948051948,0.9497766131848796,0.42360891051610666,0.0015787550000823103,161,0,PASS
wine,178,13,3,8,24,154,203,adaptive_003,adaptive,adaptive,0.003,0.948051948051948,0.9497766131848796,0.30474122315361424,0.0015072640017024241,126,0,PASS
wine,178,13,3,8,24,154,247,constant_0003,constant,constant,0.0003,0.9415584415584416,0.9429096344984197,0.5808092816436716,0.001586434998898767,166,0,PASS
wine,178,13,3,8,24,154,247,constant_001,constant,constant,0.001,0.948051948051948,0.9489494977182856,0.39197000736039966,0.0015265399997588247,143,0,PASS
wine,178,13,3,8,24,154,247,constant_003,constant,constant,0.003,0.961038961038961,0.9610500610500609,0.2841181579120571,0.0014589459970011376,104,0,PASS
wine,178,13,3,8,24,154,247,invscaling_0003,invscaling,invscaling,0.0003,0.922077922077922,0.9238977097357534,1.0914032864655752,0.0011827760026790202,7,0,PASS
wine,178,13,3,8,24,154,247,invscaling_001,invscaling,invscaling,0.001,0.9025974025974026,0.9038926073408833,1.0610337626670108,0.0012149260001024231,20,0,PASS
wine,178,13,3,8,24,154,247,invscaling_003,invscaling,invscaling,0.003,0.9090909090909091,0.9108350951374207,0.9219065728437555,0.0013291450013639405,67,0,PASS
wine,178,13,3,8,24,154,247,adaptive_0003,adaptive,adaptive,0.0003,0.948051948051948,0.9489494977182856,0.5791600836964336,0.0017207019991474226,186,0,PASS
wine,178,13,3,8,24,154,247,adaptive_001,adaptive,adaptive,0.001,0.948051948051948,0.9489494977182856,0.39034273826887117,0.0016328479978255928,168,0,PASS
wine,178,13,3,8,24,154,247,adaptive_003,adaptive,adaptive,0.003,0.961038961038961,0.9610500610500609,0.28249125857006246,0.001572427005157806,129,0,PASS
wine,178,13,3,8,24,154,314,constant_0003,constant,constant,0.0003,0.922077922077922,0.9247968405863144,0.6263909233818208,0.001595009001903236,163,0,PASS
wine,178,13,3,8,24,154,314,constant_001,constant,constant,0.001,0.9545454545454546,0.9557919580789792,0.43072620974018644,0.001578422001330182,142,0,PASS
wine,178,13,3,8,24,154,314,constant_003,constant,constant,0.003,0.9675324675324676,0.9676939290760429,0.3020761499052055,0.001434598998457659,106,0,PASS
wine,178,13,3,8,24,154,314,invscaling_0003,invscaling,invscaling,0.0003,0.8376623376623377,0.8369688238244058,1.091696522146436,0.0013316919939825311,8,0,PASS
wine,178,13,3,8,24,154,314,invscaling_001,invscaling,invscaling,0.001,0.8311688311688312,0.8303052503052504,1.062413931752797,0.001233267001225613,24,0,PASS
wine,178,13,3,8,24,154,314,invscaling_003,invscaling,invscaling,0.003,0.8376623376623377,0.8377196694028376,0.9341810446140262,0.001311015003011562,74,0,PASS
wine,178,13,3,8,24,154,314,adaptive_0003,adaptive,adaptive,0.0003,0.922077922077922,0.9247968405863144,0.6247332218983573,0.0017784730007406324,183,0,PASS
wine,178,13,3,8,24,154,314,adaptive_001,adaptive,adaptive,0.001,0.9545454545454546,0.9557919580789792,0.42891524910752704,0.0015851950010983273,167,0,PASS
wine,178,13,3,8,24,154,314,adaptive_003,adaptive,adaptive,0.003,0.9675324675324676,0.9676939290760429,0.3000893668658851,0.0015661330035072751,131,0,PASS
wine,178,13,3,8,24,154,415,constant_0003,constant,constant,0.0003,0.948051948051948,0.9489494977182856,0.602014362070283,0.0016380420056520961,179,0,PASS
wine,178,13,3,8,24,154,415,constant_001,constant,constant,0.001,0.9545454545454546,0.9549953314659195,0.4097064392266759,0.0015766350043122657,145,0,PASS
wine,178,13,3,8,24,154,415,constant_003,constant,constant,0.003,0.961038961038961,0.9617613310384394,0.2983036317798682,0.0014191399968694896,100,0,PASS
wine,178,13,3,8,24,154,415,invscaling_0003,invscaling,invscaling,0.0003,0.8831168831168831,0.8843795093795094,1.091931852046614,0.0013000239996472374,7,0,PASS
wine,178,13,3,8,24,154,415,invscaling_001,invscaling,invscaling,0.001,0.8766233766233766,0.8780585609632007,1.0638948508863995,0.0012614360020961612,21,0,PASS
wine,178,13,3,8,24,154,415,invscaling_003,invscaling,invscaling,0.003,0.8961038961038961,0.896969696969697,0.9361623130159739,0.0013707780017284676,67,0,PASS
wine,178,13,3,8,24,154,415,adaptive_0003,adaptive,adaptive,0.0003,0.948051948051948,0.9489494977182856,0.6003835212831634,0.001668644996243529,199,0,PASS
wine,178,13,3,8,24,154,415,adaptive_001,adaptive,adaptive,0.001,0.9545454545454546,0.9549953314659195,0.4080197010844438,0.0016762890008976683,170,0,PASS
wine,178,13,3,8,24,154,415,adaptive_003,adaptive,adaptive,0.003,0.961038961038961,0.9617613310384394,0.2965780961839119,0.0015357379961642437,125,0,PASS
wine,178,13,3,8,24,154,509,constant_0003,constant,constant,0.0003,0.935064935064935,0.9378094472162615,0.6195322348081074,0.0015499590008403175,155,0,PASS
wine,178,13,3,8,24,154,509,constant_001,constant,constant,0.001,0.935064935064935,0.9378094472162615,0.4168291691784957,0.0014857920032227412,140,0,PASS
wine,178,13,3,8,24,154,509,constant_003,constant,constant,0.003,0.9545454545454546,0.9557653477394595,0.2952432569760072,0.0014731510018464178,109,0,PASS
wine,178,13,3,8,24,154,509,invscaling_0003,invscaling,invscaling,0.0003,0.9025974025974026,0.9066335615008182,1.0913775338908915,0.0012917620042571798,7,0,PASS
wine,178,13,3,8,24,154,509,invscaling_001,invscaling,invscaling,0.001,0.8831168831168831,0.8871554418868998,1.0614308479831256,0.0013382069955696352,20,0,PASS
wine,178,13,3,8,24,154,509,invscaling_003,invscaling,invscaling,0.003,0.9025974025974026,0.9066335615008182,0.9295962469637616,0.0013937100011389703,63,0,PASS
wine,178,13,3,8,24,154,509,adaptive_0003,adaptive,adaptive,0.0003,0.935064935064935,0.9378094472162615,0.6177566956014926,0.0016161210005520843,175,0,PASS
wine,178,13,3,8,24,154,509,adaptive_001,adaptive,adaptive,0.001,0.935064935064935,0.9378094472162615,0.41507896853619886,0.0017905580025399104,165,0,PASS
wine,178,13,3,8,24,154,509,adaptive_003,adaptive,adaptive,0.003,0.9545454545454546,0.9557653477394595,0.2936618842609784,0.001529169996501878,135,0,PASS
wine,178,13,3,16,48,130,14,constant_0003,constant,constant,0.0003,0.9846153846153847,0.9837261503928171,0.4993448234758327,0.001933148996613454,153,0,PASS
wine,178,13,3,16,48,130,14,constant_001,constant,constant,0.001,0.9923076923076923,0.9918136908962598,0.32079586394106896,0.001730677999148611,116,0,PASS
wine,178,13,3,16,48,130,14,constant_003,constant,constant,0.003,0.9923076923076923,0.9918136908962598,0.20323617846432515,0.0016228130043600686,86,0,PASS
wine,178,13,3,16,48,130,14,invscaling_0003,invscaling,invscaling,0.0003,0.9153846153846154,0.9196687955023934,1.088029694160402,0.0012341309993644245,9,0,PASS
wine,178,13,3,16,48,130,14,invscaling_001,invscaling,invscaling,0.001,0.8923076923076924,0.8970588235294118,1.0378787030880352,0.0013594639967777766,32,0,PASS
wine,178,13,3,16,48,130,14,invscaling_003,invscaling,invscaling,0.003,0.9153846153846154,0.9196687955023934,0.87067687367961,0.0015598709942423739,76,0,PASS
wine,178,13,3,16,48,130,14,adaptive_0003,adaptive,adaptive,0.0003,0.9846153846153847,0.9837261503928171,0.49738311152138975,0.002001973000005819,173,0,PASS
wine,178,13,3,16,48,130,14,adaptive_001,adaptive,adaptive,0.001,0.9923076923076923,0.9918136908962598,0.31871486260819726,0.001891287996841129,141,0,PASS
wine,178,13,3,16,48,130,14,adaptive_003,adaptive,adaptive,0.003,0.9923076923076923,0.9918136908962598,0.20106542319540407,0.0017561099957674742,112,0,PASS
wine,178,13,3,16,48,130,52,constant_0003,constant,constant,0.0003,0.9076923076923077,0.9080048053891113,0.5120506531611093,0.0019467039965093136,154,0,PASS
wine,178,13,3,16,48,130,52,constant_001,constant,constant,0.001,0.9230769230769231,0.9241970589796678,0.38158198731205983,0.0017517119995318353,108,0,PASS
wine,178,13,3,16,48,130,52,constant_003,constant,constant,0.003,0.9230769230769231,0.9241970589796678,0.3024710741444509,0.0016426180009148084,74,0,PASS
wine,178,13,3,16,48,130,52,invscaling_0003,invscaling,invscaling,0.0003,0.8615384615384616,0.8608041140719963,1.087772448971392,0.001230868001584895,9,0,PASS
wine,178,13,3,16,48,130,52,invscaling_001,invscaling,invscaling,0.001,0.8538461538461538,0.8526817457207949,1.0366020777459537,0.001342391005891841,33,0,PASS
wine,178,13,3,16,48,130,52,invscaling_003,invscaling,invscaling,0.003,0.8769230769230769,0.87647823586769,0.8595675513349424,0.0016350029982277192,79,0,PASS
wine,178,13,3,16,48,130,52,adaptive_0003,adaptive,adaptive,0.0003,0.9076923076923077,0.9080048053891113,0.5104668048738471,0.0021947790010017343,174,0,PASS
wine,178,13,3,16,48,130,52,adaptive_001,adaptive,adaptive,0.001,0.9230769230769231,0.9241970589796678,0.3799505289744353,0.0020832380032516085,133,0,PASS
wine,178,13,3,16,48,130,52,adaptive_003,adaptive,adaptive,0.003,0.9230769230769231,0.9241970589796678,0.30089261070498324,0.0017678639997029677,99,0,PASS
wine,178,13,3,16,48,130,88,constant_0003,constant,constant,0.0003,0.9384615384615385,0.9454874148240856,0.5060869024528997,0.0018870229978347197,146,0,PASS
wine,178,13,3,16,48,130,88,constant_001,constant,constant,0.001,0.9846153846153847,0.9862514029180697,0.33464575723238404,0.0017991399945458397,117,0,PASS
wine,178,13,3,16,48,130,88,constant_003,constant,constant,0.003,0.9846153846153847,0.9862514029180697,0.22573774090385923,0.0016583609976805747,89,0,PASS
wine,178,13,3,16,48,130,88,invscaling_0003,invscaling,invscaling,0.0003,0.8846153846153846,0.8955735492577598,1.0881436969109126,0.0012481969970394857,9,0,PASS
wine,178,13,3,16,48,130,88,invscaling_001,invscaling,invscaling,0.001,0.8538461538461538,0.8631899755692557,1.0398944495384832,0.0013328130007721484,32,0,PASS
wine,178,13,3,16,48,130,88,invscaling_003,invscaling,invscaling,0.003,0.8923076923076924,0.90248963998964,0.8732629632001013,0.0015952200046740472,78,0,PASS
wine,178,13,3,16,48,130,88,adaptive_0003,adaptive,adaptive,0.0003,0.9384615384615385,0.9454874148240856,0.5041958531489695,0.001994154998101294,166,0,PASS
wine,178,13,3,16,48,130,88,adaptive_001,adaptive,adaptive,0.001,0.9846153846153847,0.9862514029180697,0.33265440812004426,0.001872095999715384,142,0,PASS
wine,178,13,3,16,48,130,88,adaptive_003,adaptive,adaptive,0.003,0.9846153846153847,0.9862514029180697,0.22386230669101406,0.0017644719991949387,114,0,PASS
wine,178,13,3,16,48,130,121,constant_0003,constant,constant,0.0003,0.9538461538461539,0.9546079025787226,0.49870326410088534,0.0019294390003778972,154,0,PASS
wine,178,13,3,16,48,130,121,constant_001,constant,constant,0.001,0.9615384615384616,0.9616258534168982,0.3477992034367721,0.0022601739983656444,113,0,PASS
wine,178,13,3,16,48,130,121,constant_003,constant,constant,0.003,0.9615384615384616,0.9616258534168982,0.24617602182298468,0.0016099839995149523,81,0,PASS
wine,178,13,3,16,48,130,121,invscaling_0003,invscaling,invscaling,0.0003,0.8923076923076924,0.8926127214170693,1.0873406447140244,0.0011996790053672157,9,0,PASS
wine,178,13,3,16,48,130,121,invscaling_001,invscaling,invscaling,0.001,0.8769230769230769,0.8778565799842396,1.0333524892365276,0.0013424549979390576,36,0,PASS
wine,178,13,3,16,48,130,121,invscaling_003,invscaling,invscaling,0.003,0.9076923076923077,0.9088731144631765,0.8559314854396493,0.0016236169976764359,83,0,PASS
wine,178,13,3,16,48,130,121,adaptive_0003,adaptive,adaptive,0.0003,0.9538461538461539,0.9546079025787226,0.49695716810613566,0.002054620003036689,174,0,PASS
wine,178,13,3,16,48,130,121,adaptive_001,adaptive,adaptive,0.001,0.9615384615384616,0.9616258534168982,0.3458735647891133,0.0018980979948537424,138,0,PASS
wine,178,13,3,16,48,130,121,adaptive_003,adaptive,adaptive,0.003,0.9615384615384616,0.9616258534168982,0.24414300519835358,0.001825166997150518,106,0,PASS
wine,178,13,3,16,48,130,169,constant_0003,constant,constant,0.0003,0.9230769230769231,0.9232804232804233,0.5009678221413163,0.0019094649978796951,154,0,PASS
wine,178,13,3,16,48,130,169,constant_001,constant,constant,0.001,0.9384615384615385,0.939433551198257,0.34548336440690147,0.001737019993015565,112,0,PASS
wine,178,13,3,16,48,130,169,constant_003,constant,constant,0.003,0.9384615384615385,0.939433551198257,0.2530612694757318,0.0015868299960857257,80,0,PASS
wine,178,13,3,16,48,130,169,invscaling_0003,invscaling,invscaling,0.0003,0.9076923076923077,0.9080048053891113,1.0882896939720643,0.0012297880020923913,9,0,PASS
wine,178,13,3,16,48,130,169,invscaling_001,invscaling,invscaling,0.001,0.9,0.8999744051290444,1.039199987620942,0.0013666110025951639,35,0,PASS
wine,178,13,3,16,48,130,169,invscaling_003,invscaling,invscaling,0.003,0.9076923076923077,0.9080048053891113,0.8672172299759409,0.0016321799994329922,83,0,PASS
wine,178,13,3,16,48,130,169,adaptive_0003,adaptive,adaptive,0.0003,0.9230769230769231,0.9232804232804233,0.4992141616512653,0.002024916000664234,174,0,PASS
wine,178,13,3,16,48,130,169,adaptive_001,adaptive,adaptive,0.001,0.9384615384615385,0.939433551198257,0.34365759195200163,0.0019058609977946617,137,0,PASS
wine,178,13,3,16,48,130,169,adaptive_003,adaptive,adaptive,0.003,0.9384615384615385,0.939433551198257,0.2513330935221493,0.0017666459971223958,105,0,PASS
wine,178,13,3,16,48,130,203,constant_0003,constant,constant,0.0003,0.9461538461538461,0.947606090368009,0.5175325639982722,0.001941611000802368,153,0,PASS
wine,178,13,3,16,48,130,203,constant_001,constant,constant,0.001,0.9615384615384616,0.9627900189697942,0.357701016802554,0.0017484269992564805,115,0,PASS
wine,178,13,3,16,48,130,203,constant_003,constant,constant,0.003,0.9615384615384616,0.9627900189697942,0.2528626775742917,0.0016347269993275404,82,0,PASS
wine,178,13,3,16,48,130,203,invscaling_0003,invscaling,invscaling,0.0003,0.8769230769230769,0.8788196142138385,1.088465210781813,0.0012128360031056218,9,0,PASS
wine,178,13,3,16,48,130,203,invscaling_001,invscaling,invscaling,0.001,0.8692307692307693,0.8704521159529648,1.0403361316348791,0.0013261740023153834,33,0,PASS
wine,178,13,3,16,48,130,203,invscaling_003,invscaling,invscaling,0.003,0.9076923076923077,0.9088731144631765,0.8736367376169571,0.0016464109939988703,78,0,PASS
wine,178,13,3,16,48,130,203,adaptive_0003,adaptive,adaptive,0.0003,0.9461538461538461,0.947606090368009,0.5157488897182394,0.0020980339977541007,173,0,PASS
wine,178,13,3,16,48,130,203,adaptive_001,adaptive,adaptive,0.001,0.9615384615384616,0.9627900189697942,0.3557524085327985,0.002001205997657962,140,0,PASS
wine,178,13,3,16,48,130,203,adaptive_003,adaptive,adaptive,0.003,0.9615384615384616,0.9627900189697942,0.2508466605116538,0.0018354420026298612,107,0,PASS
wine,178,13,3,16,48,130,247,constant_0003,constant,constant,0.0003,0.9230769230769231,0.9253196930946291,0.5009384624485904,0.0020921969990013167,146,0,PASS
wine,178,13,3,16,48,130,247,constant_001,constant,constant,0.001,0.9307692307692308,0.9323741682506972,0.35130474009774015,0.0018076980049954727,108,0,PASS
wine,178,13,3,16,48,130,247,constant_003,constant,constant,0.003,0.9461538461538461,0.947606090368009,0.2574878403391842,0.0015966200007824227,80,0,PASS
wine,178,13,3,16,48,130,247,invscaling_0003,invscaling,invscaling,0.0003,0.9153846153846154,0.9170692431561998,1.0876606626189635,0.0012098449951736256,9,0,PASS
wine,178,13,3,16,48,130,247,invscaling_001,invscaling,invscaling,0.001,0.8923076923076924,0.8944486659912192,1.0347852967013544,0.0013489280026988126,34,0,PASS
wine,178,13,3,16,48,130,247,invscaling_003,invscaling,invscaling,0.003,0.9230769230769231,0.9253196930946291,0.8536986675605054,0.0016217099982895888,82,0,PASS
wine,178,13,3,16,48,130,247,adaptive_0003,adaptive,adaptive,0.0003,0.9230769230769231,0.9253196930946291,0.4992024250240594,0.0020160190033493564,166,0,PASS
wine,178,13,3,16,48,130,247,adaptive_001,adaptive,adaptive,0.001,0.9307692307692308,0.9323741682506972,0.34950033366121813,0.0018648439945536666,133,0,PASS
wine,178,13,3,16,48,130,247,adaptive_003,adaptive,adaptive,0.003,0.9461538461538461,0.947606090368009,0.25580387955534706,0.0017664600018179044,105,0,PASS
wine,178,13,3,16,48,130,314,constant_0003,constant,constant,0.0003,0.9538461538461539,0.9546079025787226,0.4936370132973664,0.001938173001690302,154,0,PASS
wine,178,13,3,16,48,130,314,constant_001,constant,constant,0.001,0.9538461538461539,0.9546079025787226,0.33975029114174826,0.0017511390033178031,110,0,PASS
wine,178,13,3,16,48,130,314,constant_003,constant,constant,0.003,0.9615384615384616,0.9627900189697942,0.2398921279338617,0.0015861909996601753,76,0,PASS
wine,178,13,3,16,48,130,314,invscaling_0003,invscaling,invscaling,0.0003,0.9307692307692308,0.9323741682506972,1.0878532621790755,0.0012096089994884096,9,0,PASS
wine,178,13,3,16,48,130,314,invscaling_001,invscaling,invscaling,0.001,0.9230769230769231,0.9253196930946291,1.0366040340124365,0.0013827639995724894,32,0,PASS
wine,178,13,3,16,48,130,314,invscaling_003,invscaling,invscaling,0.003,0.9307692307692308,0.9323741682506972,0.8590262034422519,0.0016212689952226356,77,0,PASS
wine,178,13,3,16,48,130,314,adaptive_0003,adaptive,adaptive,0.0003,0.9538461538461539,0.9546079025787226,0.49185304116744455,0.0020390069985296577,174,0,PASS
wine,178,13,3,16,48,130,314,adaptive_001,adaptive,adaptive,0.001,0.9538461538461539,0.9546079025787226,0.3378245085008285,0.001958802000444848,135,0,PASS
wine,178,13,3,16,48,130,314,adaptive_003,adaptive,adaptive,0.003,0.9615384615384616,0.9627900189697942,0.23799916500501161,0.0017205020049004816,101,0,PASS
wine,178,13,3,16,48,130,415,constant_0003,constant,constant,0.0003,0.9461538461538461,0.947606090368009,0.47517935773346903,0.0019029070026590489,162,0,PASS
wine,178,13,3,16,48,130,415,constant_001,constant,constant,0.001,0.9538461538461539,0.9546079025787226,0.3243712720924053,0.001735109995934181,117,0,PASS
wine,178,13,3,16,48,130,415,constant_003,constant,constant,0.003,0.9538461538461539,0.9558534058534058,0.23137514461307404,0.0016552279994357377,81,0,PASS
wine,178,13,3,16,48,130,415,invscaling_0003,invscaling,invscaling,0.0003,0.8846153846153846,0.8884916094584288,1.0872514976565402,0.001245820996700786,9,0,PASS
wine,178,13,3,16,48,130,415,invscaling_001,invscaling,invscaling,0.001,0.8769230769230769,0.8813071346903136,1.0344277459400548,0.0013524519963539205,31,0,PASS
wine,178,13,3,16,48,130,415,invscaling_003,invscaling,invscaling,0.003,0.9076923076923077,0.9099394783626401,0.8520917996791588,0.0016601870011072606,79,0,PASS
wine,178,13,3,16,48,130,415,adaptive_0003,adaptive,adaptive,0.0003,0.9461538461538461,0.947606090368009,0.47347032095610053,0.002060639002593234,182,0,PASS
wine,178,13,3,16,48,130,415,adaptive_001,adaptive,adaptive,0.001,0.9538461538461539,0.9546079025787226,0.3226062186528323,0.0018950459998450242,142,0,PASS
wine,178,13,3,16,48,130,415,adaptive_003,adaptive,adaptive,0.003,0.9538461538461539,0.9558534058534058,0.2296775164140267,0.0019251240009907633,106,0,PASS
wine,178,13,3,16,48,130,509,constant_0003,constant,constant,0.0003,0.9692307692307692,0.9686645928889493,0.49613987217506045,0.0020403539965627715,162,0,PASS
wine,178,13,3,16,48,130,509,constant_001,constant,constant,0.001,0.9846153846153847,0.9837261503928171,0.3224216342720979,0.0018006789978244342,120,0,PASS
wine,178,13,3,16,48,130,509,constant_003,constant,constant,0.003,0.9846153846153847,0.9837261503928171,0.22038662938171297,0.0016280390045722015,83,0,PASS
wine,178,13,3,16,48,130,509,invscaling_0003,invscaling,invscaling,0.0003,0.9230769230769231,0.9232804232804233,1.088208291870142,0.001270405002287589,10,0,PASS
wine,178,13,3,16,48,130,509,invscaling_001,invscaling,invscaling,0.001,0.9076923076923077,0.9073318216175359,1.0400395656171542,0.0017911499962792732,39,0,PASS
wine,178,13,3,16,48,130,509,invscaling_003,invscaling,invscaling,0.003,0.9307692307692308,0.9304896460753619,0.8747858401036758,0.0016077899999800138,86,0,PASS
wine,178,13,3,16,48,130,509,adaptive_0003,adaptive,adaptive,0.0003,0.9692307692307692,0.9686645928889493,0.4943021948984585,0.0020951400001649745,182,0,PASS
wine,178,13,3,16,48,130,509,adaptive_001,adaptive,adaptive,0.001,0.9846153846153847,0.9837261503928171,0.320501418142259,0.0021608280003420077,145,0,PASS
wine,178,13,3,16,48,130,509,adaptive_003,adaptive,adaptive,0.003,0.9846153846153847,0.9837261503928171,0.21840981170063556,0.001851135995821096,108,0,PASS
wine,178,13,3,32,96,82,14,constant_0003,constant,constant,0.0003,0.9390243902439024,0.9340713066740464,0.4170187610372134,0.0025931120035238564,136,0,PASS
wine,178,13,3,32,96,82,14,constant_001,constant,constant,0.001,0.9512195121951219,0.944944944944945,0.2873636646156496,0.0021666320026270114,93,0,PASS
wine,178,13,3,32,96,82,14,constant_003,constant,constant,0.003,0.9512195121951219,0.9473499473499474,0.20870871374709454,0.0019086140018771403,63,0,PASS
wine,178,13,3,32,96,82,14,invscaling_0003,invscaling,invscaling,0.0003,0.8780487804878049,0.8753603074623678,1.0834258458833512,0.0013433380008791573,12,0,PASS
wine,178,13,3,32,96,82,14,invscaling_001,invscaling,invscaling,0.001,0.8780487804878049,0.8753603074623678,1.0102467583225103,0.001797430006263312,46,0,PASS
wine,178,13,3,32,96,82,14,invscaling_003,invscaling,invscaling,0.003,0.926829268292683,0.9211165711165711,0.8113814160441051,0.0021481529984157532,85,0,PASS
wine,178,13,3,32,96,82,14,adaptive_0003,adaptive,adaptive,0.0003,0.9390243902439024,0.9340713066740464,0.4151300436088884,0.0027131419992656447,156,0,PASS
wine,178,13,3,32,96,82,14,adaptive_001,adaptive,adaptive,0.001,0.9512195121951219,0.944944944944945,0.28538290126236976,0.002425941995170433,118,0,PASS
wine,178,13,3,32,96,82,14,adaptive_003,adaptive,adaptive,0.003,0.9512195121951219,0.9473499473499474,0.20671772070407912,0.0021553469996433705,88,0,PASS
wine,178,13,3,32,96,82,52,constant_0003,constant,constant,0.0003,0.9390243902439024,0.9340713066740464,0.41451640929989053,0.002463299002556596,133,0,PASS
wine,178,13,3,32,96,82,52,constant_001,constant,constant,0.001,0.9512195121951219,0.9473499473499474,0.2846662893415388,0.0022318289993563667,92,0,PASS
wine,178,13,3,32,96,82,52,constant_003,constant,constant,0.003,0.9634146341463414,0.9609982174688056,0.20796765615587973,0.001870356994913891,63,0,PASS
wine,178,13,3,32,96,82,52,invscaling_0003,invscaling,invscaling,0.0003,0.8658536585365854,0.8643934653228061,1.0830979210788263,0.0013183560004108585,11,0,PASS
wine,178,13,3,32,96,82,52,invscaling_001,invscaling,invscaling,0.001,0.8780487804878049,0.8776867595411962,1.0057494455394944,0.0017247380019398406,46,0,PASS
wine,178,13,3,32,96,82,52,invscaling_003,invscaling,invscaling,0.003,0.9146341463414634,0.9125552535485819,0.8010790287620698,0.0022524239975609817,87,0,PASS
wine,178,13,3,32,96,82,52,adaptive_0003,adaptive,adaptive,0.0003,0.9390243902439024,0.9340713066740464,0.4126592302758082,0.0027355920028639957,153,0,PASS
wine,178,13,3,32,96,82,52,adaptive_001,adaptive,adaptive,0.001,0.9512195121951219,0.9473499473499474,0.28276263594954426,0.0026493460027268156,117,0,PASS
wine,178,13,3,32,96,82,52,adaptive_003,adaptive,adaptive,0.003,0.9634146341463414,0.9609982174688056,0.20620966069474778,0.002347581001231447,88,0,PASS
wine,178,13,3,32,96,82,88,constant_0003,constant,constant,0.0003,0.926829268292683,0.9296258733378409,0.41139637352235764,0.0024875409944797866,127,0,PASS
wine,178,13,3,32,96,82,88,constant_001,constant,constant,0.001,0.975609756097561,0.9793233082706768,0.280499090732879,0.0021358279991545714,87,0,PASS
wine,178,13,3,32,96,82,88,constant_003,constant,constant,0.003,0.975609756097561,0.9793233082706768,0.1981673631929684,0.0018570140018709935,59,0,PASS
wine,178,13,3,32,96,82,88,invscaling_0003,invscaling,invscaling,0.0003,0.9024390243902439,0.9089635854341737,1.0824191109185684,0.0013019850011914968,11,0,PASS
wine,178,13,3,32,96,82,88,invscaling_001,invscaling,invscaling,0.001,0.8902439024390244,0.8946169772256729,1.00237049478417,0.0016265950034721754,45,0,PASS
wine,178,13,3,32,96,82,88,invscaling_003,invscaling,invscaling,0.003,0.926829268292683,0.9296258733378409,0.7949534537978238,0.0021840219997102395,83,0,PASS
wine,178,13,3,32,96,82,88,adaptive_0003,adaptive,adaptive,0.0003,0.926829268292683,0.9296258733378409,0.40946359103641206,0.0027593639970291406,147,0,PASS
wine,178,13,3,32,96,82,88,adaptive_001,adaptive,adaptive,0.001,0.975609756097561,0.9793233082706768,0.2784202573307333,0.002578732994152233,112,0,PASS
wine,178,13,3,32,96,82,88,adaptive_003,adaptive,adaptive,0.003,0.975609756097561,0.9793233082706768,0.19604679671219508,0.002438206000078935,84,0,PASS
wine,178,13,3,32,96,82,121,constant_0003,constant,constant,0.0003,0.9390243902439024,0.9340713066740464,0.41908399696494186,0.0025011159959831275,135,0,PASS
wine,178,13,3,32,96,82,121,constant_001,constant,constant,0.001,0.9512195121951219,0.944944944944945,0.2989619845598579,0.0021575569990091026,92,0,PASS
wine,178,13,3,32,96,82,121,constant_003,constant,constant,0.003,0.9512195121951219,0.944944944944945,0.22906705271526606,0.0018515230040065944,62,0,PASS
wine,178,13,3,32,96,82,121,invscaling_0003,invscaling,invscaling,0.0003,0.8902439024390244,0.8912361145227763,1.0838194247481547,0.001357843000732828,11,0,PASS
wine,178,13,3,32,96,82,121,invscaling_001,invscaling,invscaling,0.001,0.8902439024390244,0.8912361145227763,1.009102446546647,0.0016506530009792186,44,0,PASS
wine,178,13,3,32,96,82,121,invscaling_003,invscaling,invscaling,0.003,0.9146341463414634,0.9125552535485819,0.8051294730117464,0.0023810700004105456,86,0,PASS
wine,178,13,3,32,96,82,121,adaptive_0003,adaptive,adaptive,0.0003,0.9390243902439024,0.9340713066740464,0.41732557004541243,0.006429980996472295,155,0,PASS
wine,178,13,3,32,96,82,121,adaptive_001,adaptive,adaptive,0.001,0.9512195121951219,0.944944944944945,0.29718205190434815,0.0025533239968353882,117,0,PASS
wine,178,13,3,32,96,82,121,adaptive_003,adaptive,adaptive,0.003,0.9512195121951219,0.944944944944945,0.227364166200389,0.002459534996887669,87,0,PASS
wine,178,13,3,32,96,82,169,constant_0003,constant,constant,0.0003,0.9634146341463414,0.9609982174688056,0.4103921827976513,0.002460976997099351,134,0,PASS
wine,178,13,3,32,96,82,169,constant_001,constant,constant,0.001,0.9634146341463414,0.9609982174688056,0.2743239491733186,0.002139085001545027,93,0,PASS
wine,178,13,3,32,96,82,169,constant_003,constant,constant,0.003,0.9878048780487805,0.9896103896103896,0.19042004717270258,0.0019647849985631183,65,0,PASS
wine,178,13,3,32,96,82,169,invscaling_0003,invscaling,invscaling,0.0003,0.8902439024390244,0.8946169772256729,1.0831330977985165,0.0013127069978509098,12,0,PASS
wine,178,13,3,32,96,82,169,invscaling_001,invscaling,invscaling,0.001,0.8902439024390244,0.8946169772256729,1.0080858311556413,0.0016090930002974346,47,0,PASS
wine,178,13,3,32,96,82,169,invscaling_003,invscaling,invscaling,0.003,0.926829268292683,0.9296258733378409,0.8067459622613745,0.0023203759992611594,84,0,PASS
wine,178,13,3,32,96,82,169,adaptive_0003,adaptive,adaptive,0.0003,0.9634146341463414,0.9609982174688056,0.408435518241166,0.0027414020005380735,154,0,PASS
wine,178,13,3,32,96,82,169,adaptive_001,adaptive,adaptive,0.001,0.9634146341463414,0.9609982174688056,0.2722470886119679,0.0025824330004979856,118,0,PASS
wine,178,13,3,32,96,82,169,adaptive_003,adaptive,adaptive,0.003,0.9878048780487805,0.9896103896103896,0.18843390006741803,0.002184279997891281,90,0,PASS
wine,178,13,3,32,96,82,203,constant_0003,constant,constant,0.0003,0.9634146341463414,0.9646608946608947,0.4032981747863992,0.0024899339987314306,131,0,PASS
wine,178,13,3,32,96,82,203,constant_001,constant,constant,0.001,0.9634146341463414,0.9646608946608947,0.2754000591216714,0.0021833190039615147,91,0,PASS
wine,178,13,3,32,96,82,203,constant_003,constant,constant,0.003,0.9634146341463414,0.9646608946608947,0.19572239322847845,0.0019139509968226776,64,0,PASS
wine,178,13,3,32,96,82,203,invscaling_0003,invscaling,invscaling,0.0003,0.8536585365853658,0.8593461496687302,1.0821545633848968,0.0013003840067540295,11,0,PASS
wine,178,13,3,32,96,82,203,invscaling_001,invscaling,invscaling,0.001,0.8536585365853658,0.8593461496687302,1.0007236027931266,0.0016246649975073524,46,0,PASS
wine,178,13,3,32,96,82,203,invscaling_003,invscaling,invscaling,0.003,0.8780487804878049,0.8841575974652156,0.7918166534764841,0.002326531997823622,85,0,PASS
wine,178,13,3,32,96,82,203,adaptive_0003,adaptive,adaptive,0.0003,0.9634146341463414,0.9646608946608947,0.4014645590981185,0.0028811330048483796,151,0,PASS
wine,178,13,3,32,96,82,203,adaptive_001,adaptive,adaptive,0.001,0.9634146341463414,0.9646608946608947,0.27345158498509936,0.0025359110004501417,116,0,PASS
wine,178,13,3,32,96,82,203,adaptive_003,adaptive,adaptive,0.003,0.9634146341463414,0.9646608946608947,0.1937940595161868,0.0022131480000098236,89,0,PASS
wine,178,13,3,32,96,82,247,constant_0003,constant,constant,0.0003,0.9512195121951219,0.9473499473499474,0.42990424918270675,0.0024927619961090386,131,0,PASS
wine,178,13,3,32,96,82,247,constant_001,constant,constant,0.001,0.9512195121951219,0.9473499473499474,0.30206507248528314,0.002136464994691778,89,0,PASS
wine,178,13,3,32,96,82,247,constant_003,constant,constant,0.003,0.9634146341463414,0.958095238095238,0.21810445679281737,0.0018513030008762144,62,0,PASS
wine,178,13,3,32,96,82,247,invscaling_0003,invscaling,invscaling,0.0003,0.8292682926829268,0.8270833333333334,1.082868802207883,0.0013102529992465861,13,0,PASS
wine,178,13,3,32,96,82,247,invscaling_001,invscaling,invscaling,0.001,0.8292682926829268,0.8270833333333334,1.0047360604574325,0.0017470890015829355,52,0,PASS
wine,178,13,3,32,96,82,247,invscaling_003,invscaling,invscaling,0.003,0.8902439024390244,0.8847879173966131,0.8049723149894058,0.0021667440014425665,88,0,PASS
wine,178,13,3,32,96,82,247,adaptive_0003,adaptive,adaptive,0.0003,0.9512195121951219,0.9473499473499474,0.4280203886376848,0.002800083006150089,151,0,PASS
wine,178,13,3,32,96,82,247,adaptive_001,adaptive,adaptive,0.001,0.9512195121951219,0.9473499473499474,0.29999723925383887,0.00249338400317356,114,0,PASS
wine,178,13,3,32,96,82,247,adaptive_003,adaptive,adaptive,0.003,0.9634146341463414,0.958095238095238,0.21599769038648622,0.002155522000975907,87,0,PASS
wine,178,13,3,32,96,82,314,constant_0003,constant,constant,0.0003,0.9878048780487805,0.9896103896103896,0.3836099719036763,0.002496740999049507,135,0,PASS
wine,178,13,3,32,96,82,314,constant_001,constant,constant,0.001,0.975609756097561,0.9750664540138224,0.25097424995063977,0.002177442001993768,95,0,PASS
wine,178,13,3,32,96,82,314,constant_003,constant,constant,0.003,0.975609756097561,0.9750664540138224,0.17460891322451275,0.0024582949990872294,66,0,PASS
wine,178,13,3,32,96,82,314,invscaling_0003,invscaling,invscaling,0.0003,0.8902439024390244,0.8946169772256729,1.082141855542452,0.0014256070062401704,11,0,PASS
wine,178,13,3,32,96,82,314,invscaling_001,invscaling,invscaling,0.001,0.8780487804878049,0.8883617963314357,1.0023038411575023,0.0016724129964131862,44,0,PASS
wine,178,13,3,32,96,82,314,invscaling_003,invscaling,invscaling,0.003,0.9390243902439024,0.9400172469853117,0.7907979832956675,0.002147507002518978,82,0,PASS
wine,178,13,3,32,96,82,314,adaptive_0003,adaptive,adaptive,0.0003,0.9878048780487805,0.9896103896103896,0.38171479841929556,0.002738137998676393,155,0,PASS
wine,178,13,3,32,96,82,314,adaptive_001,adaptive,adaptive,0.001,0.975609756097561,0.9750664540138224,0.24907979870830488,0.0024596920047770254,120,0,PASS
wine,178,13,3,32,96,82,314,adaptive_003,adaptive,adaptive,0.003,0.975609756097561,0.9750664540138224,0.17286729700071932,0.0022067800018703565,91,0,PASS
wine,178,13,3,32,96,82,415,constant_0003,constant,constant,0.0003,0.9512195121951219,0.9473499473499474,0.42058560242772086,0.0024818829988362268,131,0,PASS
wine,178,13,3,32,96,82,415,constant_001,constant,constant,0.001,0.9512195121951219,0.9473499473499474,0.2856887663030278,0.0021329689989215694,91,0,PASS
wine,178,13,3,32,96,82,415,constant_003,constant,constant,0.003,0.9634146341463414,0.958095238095238,0.20457990731621808,0.001877137998235412,63,0,PASS
wine,178,13,3,32,96,82,415,invscaling_0003,invscaling,invscaling,0.0003,0.8780487804878049,0.87360747267868,1.08322925334079,0.0013021459963056259,12,0,PASS
wine,178,13,3,32,96,82,415,invscaling_001,invscaling,invscaling,0.001,0.8780487804878049,0.87360747267868,1.0074115048178736,0.0016689299955032766,50,0,PASS
wine,178,13,3,32,96,82,415,invscaling_003,invscaling,invscaling,0.003,0.9146341463414634,0.9101863432849348,0.8096235742563194,0.002177992995711975,86,0,PASS
wine,178,13,3,32,96,82,415,adaptive_0003,adaptive,adaptive,0.0003,0.9512195121951219,0.9473499473499474,0.4186321882596539,0.002723429999605287,151,0,PASS
wine,178,13,3,32,96,82,415,adaptive_001,adaptive,adaptive,0.001,0.9512195121951219,0.9473499473499474,0.2836579087973511,0.002469199003826361,116,0,PASS
wine,178,13,3,32,96,82,415,adaptive_003,adaptive,adaptive,0.003,0.9634146341463414,0.958095238095238,0.2025875026759838,0.0023992959977476858,88,0,PASS
wine,178,13,3,32,96,82,509,constant_0003,constant,constant,0.0003,0.9878048780487805,0.9855699855699855,0.3886576374733688,0.0026130269980058074,137,0,PASS
wine,178,13,3,32,96,82,509,constant_001,constant,constant,0.001,1.0,1.0,0.25904029827626573,0.00217088199860882,93,0,PASS
wine,178,13,3,32,96,82,509,constant_003,constant,constant,0.003,1.0,1.0,0.18192137096965938,0.0019391169989830814,64,0,PASS
wine,178,13,3,32,96,82,509,invscaling_0003,invscaling,invscaling,0.0003,0.926829268292683,0.9232804232804233,1.0830044723377759,0.0014531490014633164,11,0,PASS
wine,178,13,3,32,96,82,509,invscaling_001,invscaling,invscaling,0.001,0.926829268292683,0.9232804232804233,1.0076509452703393,0.0016173010008060373,44,0,PASS
wine,178,13,3,32,96,82,509,invscaling_003,invscaling,invscaling,0.003,0.9512195121951219,0.9504693769399651,0.799355002250946,0.002178101996832993,83,0,PASS
wine,178,13,3,32,96,82,509,adaptive_0003,adaptive,adaptive,0.0003,0.9878048780487805,0.9855699855699855,0.38679320004679246,0.0027337349965819158,157,0,PASS
wine,178,13,3,32,96,82,509,adaptive_001,adaptive,adaptive,0.001,1.0,1.0,0.257153219493063,0.0025767620027181692,118,0,PASS
wine,178,13,3,32,96,82,509,adaptive_003,adaptive,adaptive,0.003,1.0,1.0,0.18012229191563986,0.0022276829986367375,89,0,PASS
breast_cancer,569,30,2,4,8,561,14,constant_0003,constant,constant,0.0003,0.9126559714795008,0.9038244215785404,0.2661477716346767,0.0009118170055444352,164,0,PASS
breast_cancer,569,30,2,4,8,561,14,constant_001,constant,constant,0.001,0.9073083778966132,0.8978142076502733,0.22288753205933376,0.0008411820017499849,109,0,PASS
breast_cancer,569,30,2,4,8,561,14,constant_003,constant,constant,0.003,0.9073083778966132,0.8978142076502733,0.217418496051273,0.0008311689962283708,71,0,PASS
breast_cancer,569,30,2,4,8,561,14,invscaling_0003,invscaling,invscaling,0.0003,0.9144385026737968,0.9058987978753146,0.6726347556144296,0.0007950630024424754,13,0,PASS
breast_cancer,569,30,2,4,8,561,14,invscaling_001,invscaling,invscaling,0.001,0.9144385026737968,0.9058987978753146,0.5690523986753047,0.0008148400011123158,53,0,PASS
breast_cancer,569,30,2,4,8,561,14,invscaling_003,invscaling,invscaling,0.003,0.9144385026737968,0.9058987978753146,0.3730954647343291,0.0007989639998413622,99,0,PASS
breast_cancer,569,30,2,4,8,561,14,adaptive_0003,adaptive,adaptive,0.0003,0.9126559714795008,0.9038244215785404,0.2654919785268775,0.0008711409973329864,184,0,PASS
breast_cancer,569,30,2,4,8,561,14,adaptive_001,adaptive,adaptive,0.001,0.9073083778966132,0.8978142076502733,0.2226051573909887,0.0008436349962721579,134,0,PASS
breast_cancer,569,30,2,4,8,561,14,adaptive_003,adaptive,adaptive,0.003,0.9073083778966132,0.8978142076502733,0.2175360968356654,0.0008644339977763593,96,0,PASS
breast_cancer,569,30,2,4,8,561,52,constant_0003,constant,constant,0.0003,0.966131907308378,0.9633717633717633,0.2673497078564673,0.0008261740003945306,168,0,PASS
breast_cancer,569,30,2,4,8,561,52,constant_001,constant,constant,0.001,0.964349376114082,0.9616436482975523,0.1804232851309701,0.000853190002089832,123,0,PASS
breast_cancer,569,30,2,4,8,561,52,constant_003,constant,constant,0.003,0.9625668449197861,0.959766680213239,0.14312391256132628,0.0008107859976007603,84,0,PASS
breast_cancer,569,30,2,4,8,561,52,invscaling_0003,invscaling,invscaling,0.0003,0.9554367201426025,0.9514908982744249,0.6773695189354799,0.0008410360023844987,10,0,PASS
breast_cancer,569,30,2,4,8,561,52,invscaling_001,invscaling,invscaling,0.001,0.9590017825311943,0.9552719974209383,0.5993420122713135,0.0008468470041407272,38,0,PASS
breast_cancer,569,30,2,4,8,561,52,invscaling_003,invscaling,invscaling,0.003,0.9607843137254902,0.9574519429658843,0.4076358103570558,0.0008293589999084361,87,0,PASS
breast_cancer,569,30,2,4,8,561,52,adaptive_0003,adaptive,adaptive,0.0003,0.966131907308378,0.9633717633717633,0.26642026195063895,0.0008551119972253218,188,0,PASS
breast_cancer,569,30,2,4,8,561,52,adaptive_001,adaptive,adaptive,0.001,0.964349376114082,0.9616436482975523,0.1797230277607983,0.0009070609958143905,148,0,PASS
breast_cancer,569,30,2,4,8,561,52,adaptive_003,adaptive,adaptive,0.003,0.9625668449197861,0.959766680213239,0.14259642975937747,0.0008619410000392236,109,0,PASS
breast_cancer,569,30,2,4,8,561,88,constant_0003,constant,constant,0.0003,0.9607843137254902,0.9584489213283418,0.31988394185094676,0.0008736169984331354,178,0,PASS
breast_cancer,569,30,2,4,8,561,88,constant_001,constant,constant,0.001,0.9554367201426025,0.9529079547782058,0.21767167624356334,0.0008332150027854368,136,0,PASS
breast_cancer,569,30,2,4,8,561,88,constant_003,constant,constant,0.003,0.9500891265597148,0.9473930982745686,0.17269085243782517,0.0008297019958263263,93,0,PASS
breast_cancer,569,30,2,4,8,561,88,invscaling_0003,invscaling,invscaling,0.0003,0.9572192513368984,0.9546715505400092,0.684302980775188,0.0007698600020376034,8,0,PASS
breast_cancer,569,30,2,4,8,561,88,invscaling_001,invscaling,invscaling,0.001,0.9607843137254902,0.9583738060547191,0.6388922398119197,0.000937878001423087,27,0,PASS
breast_cancer,569,30,2,4,8,561,88,invscaling_003,invscaling,invscaling,0.003,0.9572192513368984,0.9546715505400092,0.47969346945769054,0.0008372599986614659,79,0,PASS
breast_cancer,569,30,2,4,8,561,88,adaptive_0003,adaptive,adaptive,0.0003,0.9607843137254902,0.9584489213283418,0.31893542185315377,0.0008417749995714985,198,0,PASS
breast_cancer,569,30,2,4,8,561,88,adaptive_001,adaptive,adaptive,0.001,0.9554367201426025,0.9529079547782058,0.21693463096343862,0.0008324900045408867,161,0,PASS
breast_cancer,569,30,2,4,8,561,88,adaptive_003,adaptive,adaptive,0.003,0.9500891265597148,0.9473930982745686,0.17208921598678487,0.0008414620024268515,118,0,PASS
breast_cancer,569,30,2,4,8,561,121,constant_0003,constant,constant,0.0003,0.9518716577540107,0.9470052935228692,0.29629450208308866,0.0008622680034022778,168,0,PASS
breast_cancer,569,30,2,4,8,561,121,constant_001,constant,constant,0.001,0.9500891265597148,0.9451076320939336,0.20880046447603143,0.0008382279993384145,119,0,PASS
breast_cancer,569,30,2,4,8,561,121,constant_003,constant,constant,0.003,0.9518716577540107,0.9471303364433135,0.16744893080443543,0.0008463690028293058,79,0,PASS
breast_cancer,569,30,2,4,8,561,121,invscaling_0003,invscaling,invscaling,0.0003,0.9411764705882353,0.9347547974413646,0.6792383739650518,0.0007589419983560219,11,0,PASS
breast_cancer,569,30,2,4,8,561,121,invscaling_001,invscaling,invscaling,0.001,0.9393939393939394,0.9326939363143631,0.6062977239856513,0.0008067620001384057,44,0,PASS
breast_cancer,569,30,2,4,8,561,121,invscaling_003,invscaling,invscaling,0.003,0.9429590017825312,0.9368100923631448,0.4325175497729393,0.0008389899958274327,91,0,PASS
breast_cancer,569,30,2,4,8,561,121,adaptive_0003,adaptive,adaptive,0.0003,0.9518716577540107,0.9470052935228692,0.295357270263067,0.0008766969986027107,188,0,PASS
breast_cancer,569,30,2,4,8,561,121,adaptive_001,adaptive,adaptive,0.001,0.9500891265597148,0.9451076320939336,0.2080057900132746,0.0008344130037585273,144,0,PASS
breast_cancer,569,30,2,4,8,561,121,adaptive_003,adaptive,adaptive,0.003,0.9518716577540107,0.9471303364433135,0.1667493343982343,0.0008751920031500049,104,0,PASS
breast_cancer,569,30,2,4,8,561,169,constant_0003,constant,constant,0.0003,0.875222816399287,0.8691348973607038,0.42356151064824077,0.0008114189986372367,119,0,PASS
breast_cancer,569,30,2,4,8,561,169,constant_001,constant,constant,0.001,0.8716577540106952,0.8664285714285714,0.3906874173527267,0.0008237360016210005,90,0,PASS
breast_cancer,569,30,2,4,8,561,169,constant_003,constant,constant,0.003,0.8306595365418895,0.8267758763590268,0.5112682618890341,0.0008323150032083504,104,0,PASS
breast_cancer,569,30,2,4,8,561,169,invscaling_0003,invscaling,invscaling,0.0003,0.8770053475935828,0.8706876680752977,0.6802604038450141,0.0007833959971321747,11,0,PASS
breast_cancer,569,30,2,4,8,561,169,invscaling_001,invscaling,invscaling,0.001,0.875222816399287,0.8689217335576384,0.6146599225715672,0.000847246999910567,43,0,PASS
breast_cancer,569,30,2,4,8,561,169,invscaling_003,invscaling,invscaling,0.003,0.8770053475935828,0.8708998555882029,0.49071528281305343,0.0008055760044953786,72,0,PASS
breast_cancer,569,30,2,4,8,561,169,adaptive_0003,adaptive,adaptive,0.0003,0.875222816399287,0.8691348973607038,0.42280362858683607,0.0008370020004804246,139,0,PASS
breast_cancer,569,30,2,4,8,561,169,adaptive_001,adaptive,adaptive,0.001,0.8716577540106952,0.8664285714285714,0.3908400042704685,0.0008214819972636178,116,0,PASS
breast_cancer,569,30,2,4,8,561,169,adaptive_003,adaptive,adaptive,0.003,0.8306595365418895,0.8267758763590268,0.5141811463792911,0.000836693994642701,130,0,PASS
breast_cancer,569,30,2,4,8,561,203,constant_0003,constant,constant,0.0003,0.9126559714795008,0.9044940502041171,0.3326214608667539,0.0008352529985131696,168,0,PASS
breast_cancer,569,30,2,4,8,561,203,constant_001,constant,constant,0.001,0.9162210338680927,0.9085992990775694,0.2654722033894869,0.0008139069977914914,111,0,PASS
breast_cancer,569,30,2,4,8,561,203,constant_003,constant,constant,0.003,0.9197860962566845,0.9124886906061835,0.23515595411092463,0.0008150040011969395,70,0,PASS
breast_cancer,569,30,2,4,8,561,203,invscaling_0003,invscaling,invscaling,0.0003,0.9162210338680927,0.9083922522366021,0.6789935258265726,0.0007938790004118346,12,0,PASS
breast_cancer,569,30,2,4,8,561,203,invscaling_001,invscaling,invscaling,0.001,0.9162210338680927,0.9083922522366021,0.6043127833228724,0.0007843950006645173,52,0,PASS
breast_cancer,569,30,2,4,8,561,203,invscaling_003,invscaling,invscaling,0.003,0.9144385026737968,0.9065493211915934,0.444372893184462,0.0008162130034179427,99,0,PASS
breast_cancer,569,30,2,4,8,561,203,adaptive_0003,adaptive,adaptive,0.0003,0.9126559714795008,0.9044940502041171,0.33182590011429713,0.0008618300053058192,188,0,PASS
breast_cancer,569,30,2,4,8,561,203,adaptive_001,adaptive,adaptive,0.001,0.9162210338680927,0.9085992990775694,0.26477713709867307,0.0008677819932927378,136,0,PASS
breast_cancer,569,30,2,4,8,561,203,adaptive_003,adaptive,adaptive,0.003,0.9197860962566845,0.9124886906061835,0.23456372740051182,0.0008017630025278777,95,0,PASS
breast_cancer,569,30,2,4,8,561,247,constant_0003,constant,constant,0.0003,0.9215686274509803,0.9167476121094382,0.3397035194439013,0.0009039599972311407,161,0,PASS
breast_cancer,569,30,2,4,8,561,247,constant_001,constant,constant,0.001,0.9215686274509803,0.9168978426566834,0.26262296505217925,0.0008392960007768124,115,0,PASS
breast_cancer,569,30,2,4,8,561,247,constant_003,constant,constant,0.003,0.9269162210338681,0.9224942294408034,0.2258539718105053,0.0007914260058896616,78,0,PASS
breast_cancer,569,30,2,4,8,561,247,invscaling_0003,invscaling,invscaling,0.0003,0.9090909090909091,0.9039322277475397,0.678681318021872,0.0008064319990808144,12,0,PASS
breast_cancer,569,30,2,4,8,561,247,invscaling_001,invscaling,invscaling,0.001,0.9144385026737968,0.9095039655867725,0.6046291939458078,0.000783452000177931,49,0,PASS
breast_cancer,569,30,2,4,8,561,247,invscaling_003,invscaling,invscaling,0.003,0.9180035650623886,0.9131204718683509,0.45278523444916763,0.0010770590015454218,90,0,PASS
breast_cancer,569,30,2,4,8,561,247,adaptive_0003,adaptive,adaptive,0.0003,0.9215686274509803,0.9167476121094382,0.33885732212278213,0.000983570993412286,181,0,PASS
breast_cancer,569,30,2,4,8,561,247,adaptive_001,adaptive,adaptive,0.001,0.9215686274509803,0.9168978426566834,0.2619008759437957,0.0008299640030600131,140,0,PASS
breast_cancer,569,30,2,4,8,561,247,adaptive_003,adaptive,adaptive,0.003,0.9269162210338681,0.9224942294408034,0.22526674411291778,0.0008260009999503382,103,0,PASS
breast_cancer,569,30,2,4,8,561,314,constant_0003,constant,constant,0.0003,0.966131907308378,0.9629670806913924,0.39367552303312703,0.0008553779989597388,164,0,PASS
breast_cancer,569,30,2,4,8,561,314,constant_001,constant,constant,0.001,0.964349376114082,0.9611495844875346,0.3146772460746971,0.0008692839983268641,106,0,PASS
breast_cancer,569,30,2,4,8,561,314,constant_003,constant,constant,0.003,0.964349376114082,0.9611495844875346,0.2652408847475668,0.0008139409983414225,67,0,PASS
breast_cancer,569,30,2,4,8,561,314,invscaling_0003,invscaling,invscaling,0.0003,0.9572192513368984,0.9529493989376573,0.6822685175554674,0.0007912889996077865,13,0,PASS
breast_cancer,569,30,2,4,8,561,314,invscaling_001,invscaling,invscaling,0.001,0.9572192513368984,0.9529493989376573,0.6234771870066044,0.0007917100010672584,58,0,PASS
breast_cancer,569,30,2,4,8,561,314,invscaling_003,invscaling,invscaling,0.003,0.9590017825311943,0.9549628791924523,0.4956342922414977,0.000835692000691779,101,0,PASS
breast_cancer,569,30,2,4,8,561,314,adaptive_0003,adaptive,adaptive,0.0003,0.966131907308378,0.9629670806913924,0.3928027516336304,0.0008497140006511472,184,0,PASS
breast_cancer,569,30,2,4,8,561,314,adaptive_001,adaptive,adaptive,0.001,0.964349376114082,0.9611495844875346,0.31364250909520136,0.0008426990025327541,131,0,PASS
breast_cancer,569,30,2,4,8,561,314,adaptive_003,adaptive,adaptive,0.003,0.9625668449197861,0.9592523545505169,0.26403372277747317,0.000831573001050856,92,0,PASS
breast_cancer,569,30,2,4,8,561,415,constant_0003,constant,constant,0.0003,0.9037433155080213,0.8957880397391089,0.3141227464499148,0.0008172840025508776,155,0,PASS
breast_cancer,569,30,2,4,8,561,415,constant_001,constant,constant,0.001,0.9055258467023173,0.8976083475386125,0.25120197920377835,0.0008460909957648255,103,0,PASS
breast_cancer,569,30,2,4,8,561,415,constant_003,constant,constant,0.003,0.910873440285205,0.9032998703770099,0.22327116846880274,0.0007864479994168505,67,0,PASS
breast_cancer,569,30,2,4,8,561,415,invscaling_0003,invscaling,invscaling,0.0003,0.9001782531194296,0.8923814743765415,0.6735612822357268,0.0008209699954022653,15,0,PASS
breast_cancer,569,30,2,4,8,561,415,invscaling_001,invscaling,invscaling,0.001,0.9001782531194296,0.892156862745098,0.5782124299871194,0.0008330810014740564,61,0,PASS
breast_cancer,569,30,2,4,8,561,415,invscaling_003,invscaling,invscaling,0.003,0.9019607843137255,0.893970893970894,0.414972825904554,0.0008291089980048127,97,0,PASS
breast_cancer,569,30,2,4,8,561,415,adaptive_0003,adaptive,adaptive,0.0003,0.9037433155080213,0.8957880397391089,0.31330833839092587,0.0008406670021940954,175,0,PASS
breast_cancer,569,30,2,4,8,561,415,adaptive_001,adaptive,adaptive,0.001,0.9055258467023173,0.8976083475386125,0.25051905932278234,0.0010447390013723634,128,0,PASS
breast_cancer,569,30,2,4,8,561,415,adaptive_003,adaptive,adaptive,0.003,0.910873440285205,0.9032998703770099,0.2227640917810818,0.0008465450009680353,92,0,PASS
breast_cancer,569,30,2,4,8,561,509,constant_0003,constant,constant,0.0003,0.8431372549019608,0.8412604501607717,0.42463819849000345,0.0008588850032538176,155,0,PASS
breast_cancer,569,30,2,4,8,561,509,constant_001,constant,constant,0.001,0.8360071301247772,0.8342965017722299,0.3866388566771022,0.0008197070055757649,112,0,PASS
breast_cancer,569,30,2,4,8,561,509,constant_003,constant,constant,0.003,0.8324420677361853,0.8308159232072275,0.37930439968715496,0.0008473209963995032,76,0,PASS
breast_cancer,569,30,2,4,8,561,509,invscaling_0003,invscaling,invscaling,0.0003,0.8413547237076648,0.8393930718580017,0.6780782638109986,0.0008412370007135905,14,0,PASS
breast_cancer,569,30,2,4,8,561,509,invscaling_001,invscaling,invscaling,0.001,0.8413547237076648,0.8393930718580017,0.6069910840845705,0.0008653580007376149,56,0,PASS
breast_cancer,569,30,2,4,8,561,509,invscaling_003,invscaling,invscaling,0.003,0.8449197860962567,0.843002216310631,0.4920594409186648,0.0009111659965128638,90,0,PASS
breast_cancer,569,30,2,4,8,561,509,adaptive_0003,adaptive,adaptive,0.0003,0.8431372549019608,0.8412604501607717,0.4241434570912404,0.0008777029943303205,175,0,PASS
breast_cancer,569,30,2,4,8,561,509,adaptive_001,adaptive,adaptive,0.001,0.8342245989304813,0.8325561243320442,0.386369410020067,0.0008617300045443699,137,0,PASS
breast_cancer,569,30,2,4,8,561,509,adaptive_003,adaptive,adaptive,0.003,0.8324420677361853,0.8308159232072275,0.379360378787578,0.0008342969958903268,101,0,PASS
breast_cancer,569,30,2,8,16,553,14,constant_0003,constant,constant,0.0003,0.9005424954792043,0.894338429684596,0.3449911845702441,0.0009837600009632297,107,0,PASS
breast_cancer,569,30,2,8,16,553,14,constant_001,constant,constant,0.001,0.9023508137432188,0.8961625125180817,0.3057229196686072,0.0008246399956988171,71,0,PASS
breast_cancer,569,30,2,8,16,553,14,constant_003,constant,constant,0.003,0.8770343580470162,0.8706343745699738,0.2996421820079505,0.0008450289969914593,64,0,PASS
breast_cancer,569,30,2,8,16,553,14,invscaling_0003,invscaling,invscaling,0.0003,0.8969258589511754,0.8904961907640359,0.6685151863235657,0.0008042619956540875,18,0,PASS
breast_cancer,569,30,2,8,16,553,14,invscaling_001,invscaling,invscaling,0.001,0.8987341772151899,0.8925170068027211,0.5661071294466063,0.0009036389965331182,64,0,PASS
breast_cancer,569,30,2,8,16,553,14,invscaling_003,invscaling,invscaling,0.003,0.8987341772151899,0.892316679648381,0.42987479405411233,0.000871197997184936,80,0,PASS
breast_cancer,569,30,2,8,16,553,14,adaptive_0003,adaptive,adaptive,0.0003,0.9005424954792043,0.894338429684596,0.3441706728418255,0.0009462289963266812,127,0,PASS
breast_cancer,569,30,2,8,16,553,14,adaptive_001,adaptive,adaptive,0.001,0.9023508137432188,0.8961625125180817,0.3052236657209886,0.0008718890021555126,96,0,PASS
breast_cancer,569,30,2,8,16,553,14,adaptive_003,adaptive,adaptive,0.003,0.8770343580470162,0.8706343745699738,0.3000476462176432,0.0008737039970583282,90,0,PASS
breast_cancer,569,30,2,8,16,553,52,constant_0003,constant,constant,0.0003,0.9620253164556962,0.9585559350342066,0.29780954711057844,0.001074116000381764,144,0,PASS
breast_cancer,569,30,2,8,16,553,52,constant_001,constant,constant,0.001,0.9566003616636528,0.9525810324129652,0.22073024319785545,0.001017574999423232,101,0,PASS
breast_cancer,569,30,2,8,16,553,52,constant_003,constant,constant,0.003,0.9511754068716094,0.9467147736154085,0.17950501900935678,0.0008336809987667948,70,0,PASS
breast_cancer,569,30,2,8,16,553,52,invscaling_0003,invscaling,invscaling,0.0003,0.9584086799276673,0.9546088812279405,0.6775740308778262,0.0007808020018273965,12,0,PASS
breast_cancer,569,30,2,8,16,553,52,invscaling_001,invscaling,invscaling,0.001,0.9584086799276673,0.9546088812279405,0.6012021980947319,0.000806978001492098,48,0,PASS
breast_cancer,569,30,2,8,16,553,52,invscaling_003,invscaling,invscaling,0.003,0.9584086799276673,0.9545043192102016,0.44782421293551455,0.0008556160028092563,84,0,PASS
breast_cancer,569,30,2,8,16,553,52,adaptive_0003,adaptive,adaptive,0.0003,0.9620253164556962,0.9585559350342066,0.29685628112494894,0.0009893050009850413,164,0,PASS
breast_cancer,569,30,2,8,16,553,52,adaptive_001,adaptive,adaptive,0.001,0.9566003616636528,0.9525810324129652,0.2198657827519505,0.000912219999008812,126,0,PASS
breast_cancer,569,30,2,8,16,553,52,adaptive_003,adaptive,adaptive,0.003,0.9511754068716094,0.9467147736154085,0.178756005399449,0.0008873159968061373,95,0,PASS
breast_cancer,569,30,2,8,16,553,88,constant_0003,constant,constant,0.0003,0.9602169981916817,0.957192118226601,0.29485158512828413,0.0009971430044970475,136,0,PASS
breast_cancer,569,30,2,8,16,553,88,constant_001,constant,constant,0.001,0.9656419529837251,0.9629132854939306,0.20710453843645865,0.0009385400044266135,99,0,PASS
breast_cancer,569,30,2,8,16,553,88,constant_003,constant,constant,0.003,0.969258589511754,0.966886810728941,0.15691062858644236,0.0008265889991889708,72,0,PASS
breast_cancer,569,30,2,8,16,553,88,invscaling_0003,invscaling,invscaling,0.0003,0.9385171790235082,0.9334206798866855,0.6754879972322976,0.0008024889975786209,14,0,PASS
breast_cancer,569,30,2,8,16,553,88,invscaling_001,invscaling,invscaling,0.001,0.9385171790235082,0.9334206798866855,0.5929055196917029,0.0011473800041130744,53,0,PASS
breast_cancer,569,30,2,8,16,553,88,invscaling_003,invscaling,invscaling,0.003,0.9475587703435805,0.943273023115969,0.4435073888076231,0.000975433002167847,82,0,PASS
breast_cancer,569,30,2,8,16,553,88,adaptive_0003,adaptive,adaptive,0.0003,0.9602169981916817,0.957192118226601,0.29377815335058455,0.0009108180020120926,156,0,PASS
breast_cancer,569,30,2,8,16,553,88,adaptive_001,adaptive,adaptive,0.001,0.9656419529837251,0.9629132854939306,0.20610908180302784,0.0009146980009973049,124,0,PASS
breast_cancer,569,30,2,8,16,553,88,adaptive_003,adaptive,adaptive,0.003,0.969258589511754,0.966886810728941,0.15606403562986873,0.0008902550034690648,97,0,PASS
breast_cancer,569,30,2,8,16,553,121,constant_0003,constant,constant,0.0003,0.8987341772151899,0.8890989829537315,0.27953481157966314,0.0008700300022610463,126,0,PASS
breast_cancer,569,30,2,8,16,553,121,constant_001,constant,constant,0.001,0.9005424954792043,0.8909516587609756,0.24567922160657701,0.0009866090040304698,79,0,PASS
breast_cancer,569,30,2,8,16,553,121,constant_003,constant,constant,0.003,0.9005424954792043,0.8909516587609756,0.23710546323932724,0.0008300150002469309,52,0,PASS
breast_cancer,569,30,2,8,16,553,121,invscaling_0003,invscaling,invscaling,0.0003,0.8987341772151899,0.8890989829537315,0.663735261631356,0.0007988709985511377,19,0,PASS
breast_cancer,569,30,2,8,16,553,121,invscaling_001,invscaling,invscaling,0.001,0.8969258589511754,0.886986264534102,0.5388966782250363,0.0008723370046936907,72,0,PASS
breast_cancer,569,30,2,8,16,553,121,invscaling_003,invscaling,invscaling,0.003,0.8987341772151899,0.8890989829537315,0.37590014526835097,0.0008365500034415163,95,0,PASS
breast_cancer,569,30,2,8,16,553,121,adaptive_0003,adaptive,adaptive,0.0003,0.8987341772151899,0.8890989829537315,0.2788689908411333,0.0009296570060541853,146,0,PASS
breast_cancer,569,30,2,8,16,553,121,adaptive_001,adaptive,adaptive,0.001,0.9005424954792043,0.8909516587609756,0.24527041537710975,0.0008814269967842847,104,0,PASS
breast_cancer,569,30,2,8,16,553,121,adaptive_003,adaptive,adaptive,0.003,0.9005424954792043,0.8909516587609756,0.23709244977636978,0.0008377510021091439,77,0,PASS
breast_cancer,569,30,2,8,16,553,169,constant_0003,constant,constant,0.0003,0.9330922242314648,0.9257402924513579,0.29186613719043547,0.0008941909982240759,130,0,PASS
breast_cancer,569,30,2,8,16,553,169,constant_001,constant,constant,0.001,0.9367088607594937,0.929575414888314,0.21920888240916642,0.0008800959985819645,91,0,PASS
breast_cancer,569,30,2,8,16,553,169,constant_003,constant,constant,0.003,0.9439421338155516,0.9377824071889755,0.17813095332986248,0.0008265069991466589,67,0,PASS
breast_cancer,569,30,2,8,16,553,169,invscaling_0003,invscaling,invscaling,0.0003,0.9330922242314648,0.925551152881932,0.6764429325852708,0.0008230399980675429,12,0,PASS
breast_cancer,569,30,2,8,16,553,169,invscaling_001,invscaling,invscaling,0.001,0.9312839059674503,0.923440687846109,0.5918237038469514,0.0007946039986563846,50,0,PASS
breast_cancer,569,30,2,8,16,553,169,invscaling_003,invscaling,invscaling,0.003,0.9330922242314648,0.925551152881932,0.4296125008879852,0.0009084300036192872,83,0,PASS
breast_cancer,569,30,2,8,16,553,169,adaptive_0003,adaptive,adaptive,0.0003,0.9330922242314648,0.9257402924513579,0.2908466944514417,0.0009004129969980568,150,0,PASS
breast_cancer,569,30,2,8,16,553,169,adaptive_001,adaptive,adaptive,0.001,0.9367088607594937,0.929575414888314,0.21831637464617365,0.00088014700304484,116,0,PASS
breast_cancer,569,30,2,8,16,553,169,adaptive_003,adaptive,adaptive,0.003,0.9439421338155516,0.9377824071889755,0.1774067913186435,0.0008641669992357492,92,0,PASS
breast_cancer,569,30,2,8,16,553,203,constant_0003,constant,constant,0.0003,0.9602169981916817,0.9566317800718644,0.27755534038175184,0.000878933999047149,119,0,PASS
breast_cancer,569,30,2,8,16,553,203,constant_001,constant,constant,0.001,0.9674502712477396,0.964516910967889,0.20651345257086193,0.001193650001368951,87,0,PASS
breast_cancer,569,30,2,8,16,553,203,constant_003,constant,constant,0.003,0.9529837251356239,0.948510242085661,0.18241990676760378,0.0008924860012484714,82,0,PASS
breast_cancer,569,30,2,8,16,553,203,invscaling_0003,invscaling,invscaling,0.0003,0.9439421338155516,0.9389592123769339,0.6740000838649357,0.000767710997024551,12,0,PASS
breast_cancer,569,30,2,8,16,553,203,invscaling_001,invscaling,invscaling,0.001,0.945750452079566,0.9409944515578318,0.5816956530374089,0.0008800340001471341,47,0,PASS
breast_cancer,569,30,2,8,16,553,203,invscaling_003,invscaling,invscaling,0.003,0.9511754068716094,0.9468354430379746,0.4112429289630073,0.0009074560002773069,77,0,PASS
breast_cancer,569,30,2,8,16,553,203,adaptive_0003,adaptive,adaptive,0.0003,0.9602169981916817,0.9566317800718644,0.2764439229947209,0.0009957520014722832,139,0,PASS
breast_cancer,569,30,2,8,16,553,203,adaptive_001,adaptive,adaptive,0.001,0.9656419529837251,0.9625029888404726,0.20565827130129197,0.0008851559978211299,113,0,PASS
breast_cancer,569,30,2,8,16,553,203,adaptive_003,adaptive,adaptive,0.003,0.9529837251356239,0.948510242085661,0.1824725431754764,0.0008968940019258298,108,0,PASS
breast_cancer,569,30,2,8,16,553,247,constant_0003,constant,constant,0.0003,0.9240506329113924,0.9184434518793191,0.27357927277003463,0.0008589979988755658,130,0,PASS
breast_cancer,569,30,2,8,16,553,247,constant_001,constant,constant,0.001,0.9276672694394213,0.9223270970279229,0.2216450988756273,0.000871226002345793,88,0,PASS
breast_cancer,569,30,2,8,16,553,247,constant_003,constant,constant,0.003,0.9276672694394213,0.922637866875577,0.2025516864963775,0.0008022799956961535,63,0,PASS
breast_cancer,569,30,2,8,16,553,247,invscaling_0003,invscaling,invscaling,0.0003,0.9222423146473779,0.9164162211372512,0.6695099057781488,0.0008435909985564649,15,0,PASS
breast_cancer,569,30,2,8,16,553,247,invscaling_001,invscaling,invscaling,0.001,0.9222423146473779,0.9164162211372512,0.5628883103093473,0.0008071970005403273,58,0,PASS
breast_cancer,569,30,2,8,16,553,247,invscaling_003,invscaling,invscaling,0.003,0.9222423146473779,0.9164162211372512,0.39295312434547575,0.000858876999700442,88,0,PASS
breast_cancer,569,30,2,8,16,553,247,adaptive_0003,adaptive,adaptive,0.0003,0.9240506329113924,0.9184434518793191,0.27274505431265605,0.000919723002880346,150,0,PASS
breast_cancer,569,30,2,8,16,553,247,adaptive_001,adaptive,adaptive,0.001,0.9276672694394213,0.9223270970279229,0.22106537860298958,0.0008619660002295859,113,0,PASS
breast_cancer,569,30,2,8,16,553,247,adaptive_003,adaptive,adaptive,0.003,0.9276672694394213,0.922637866875577,0.20236864937288196,0.0008914909994928166,88,0,PASS
breast_cancer,569,30,2,8,16,553,314,constant_0003,constant,constant,0.0003,0.9204339963833634,0.9124496257915947,0.3085880071085833,0.0008586670010117814,122,0,PASS
breast_cancer,569,30,2,8,16,553,314,constant_001,constant,constant,0.001,0.9258589511754068,0.9183205144370192,0.22940804002293555,0.0008520219998899847,90,0,PASS
breast_cancer,569,30,2,8,16,553,314,constant_003,constant,constant,0.003,0.9403254972875226,0.9340974832887339,0.1881634514746828,0.0008530269988114014,65,0,PASS
breast_cancer,569,30,2,8,16,553,314,invscaling_0003,invscaling,invscaling,0.0003,0.9168173598553345,0.9086882233006921,0.676888061154489,0.0007963489988469519,11,0,PASS
breast_cancer,569,30,2,8,16,553,314,invscaling_001,invscaling,invscaling,0.001,0.9168173598553345,0.9086882233006921,0.5999229653962995,0.0007965190015966073,41,0,PASS
breast_cancer,569,30,2,8,16,553,314,invscaling_003,invscaling,invscaling,0.003,0.9204339963833634,0.9124496257915947,0.44712002004348483,0.0008789149942458607,70,0,PASS
breast_cancer,569,30,2,8,16,553,314,adaptive_0003,adaptive,adaptive,0.0003,0.9204339963833634,0.9124496257915947,0.30747863757243754,0.0008799909992376342,142,0,PASS
breast_cancer,569,30,2,8,16,553,314,adaptive_001,adaptive,adaptive,0.001,0.9258589511754068,0.9183205144370192,0.22848886021372783,0.0008827769997878931,115,0,PASS
breast_cancer,569,30,2,8,16,553,314,adaptive_003,adaptive,adaptive,0.003,0.9403254972875226,0.9340974832887339,0.18725888742211091,0.0008513590000802651,91,0,PASS
breast_cancer,569,30,2,8,16,553,415,constant_0003,constant,constant,0.0003,0.9385171790235082,0.9338423645320197,0.28313227351706394,0.0010660860061761923,130,0,PASS
breast_cancer,569,30,2,8,16,553,415,constant_001,constant,constant,0.001,0.9403254972875226,0.93598481792383,0.21498424665719448,0.00086886699864408,88,0,PASS
breast_cancer,569,30,2,8,16,553,415,constant_003,constant,constant,0.003,0.9385171790235082,0.9339780324737345,0.17559189491425195,0.0008426060012425296,61,0,PASS
breast_cancer,569,30,2,8,16,553,415,invscaling_0003,invscaling,invscaling,0.0003,0.9312839059674503,0.9259047699641759,0.6712804246196077,0.0007905560050858185,16,0,PASS
breast_cancer,569,30,2,8,16,553,415,invscaling_001,invscaling,invscaling,0.001,0.9312839059674503,0.9259047699641759,0.5687679637683026,0.0008603169990237802,64,0,PASS
breast_cancer,569,30,2,8,16,553,415,invscaling_003,invscaling,invscaling,0.003,0.9349005424954792,0.9298045189134299,0.40916077376676796,0.0008386120025534183,91,0,PASS
breast_cancer,569,30,2,8,16,553,415,adaptive_0003,adaptive,adaptive,0.0003,0.9385171790235082,0.9338423645320197,0.2821624776524275,0.0009371370033477433,150,0,PASS
breast_cancer,569,30,2,8,16,553,415,adaptive_001,adaptive,adaptive,0.001,0.9403254972875226,0.93598481792383,0.2140496284317483,0.0008724299987079576,113,0,PASS
breast_cancer,569,30,2,8,16,553,415,adaptive_003,adaptive,adaptive,0.003,0.9385171790235082,0.9339780324737345,0.17474596805840287,0.0008485069993184879,86,0,PASS
breast_cancer,569,30,2,8,16,553,509,constant_0003,constant,constant,0.0003,0.9385171790235082,0.9313214108296075,0.279324256577743,0.0009134319989243522,135,0,PASS
breast_cancer,569,30,2,8,16,553,509,constant_001,constant,constant,0.001,0.9403254972875226,0.9334281805745555,0.19820193147478132,0.0008512020067428239,95,0,PASS
breast_cancer,569,30,2,8,16,553,509,constant_003,constant,constant,0.003,0.9403254972875226,0.933768368943103,0.15894275517674167,0.0008131600043270737,67,0,PASS
breast_cancer,569,30,2,8,16,553,509,invscaling_0003,invscaling,invscaling,0.0003,0.9367088607594937,0.9292086215157511,0.6776663554547154,0.0008178619973477907,12,0,PASS
breast_cancer,569,30,2,8,16,553,509,invscaling_001,invscaling,invscaling,0.001,0.9385171790235082,0.9313214108296075,0.5972343907175809,0.0008284130017273128,50,0,PASS
breast_cancer,569,30,2,8,16,553,509,invscaling_003,invscaling,invscaling,0.003,0.9385171790235082,0.9313214108296075,0.43231757840245405,0.0008900239990907721,86,0,PASS
breast_cancer,569,30,2,8,16,553,509,adaptive_0003,adaptive,adaptive,0.0003,0.9385171790235082,0.9313214108296075,0.2782290343894399,0.0009114169952226803,155,0,PASS
breast_cancer,569,30,2,8,16,553,509,adaptive_001,adaptive,adaptive,0.001,0.9403254972875226,0.9334281805745555,0.19728518549155374,0.0009357010058010928,120,0,PASS
breast_cancer,569,30,2,8,16,553,509,adaptive_003,adaptive,adaptive,0.003,0.9403254972875226,0.933768368943103,0.1582896008845502,0.000847009003337007,92,0,PASS
breast_cancer,569,30,2,16,32,537,14,constant_0003,constant,constant,0.0003,0.9050279329608939,0.8960270306182494,0.2631442255529086,0.0009515749989077449,105,0,PASS
breast_cancer,569,30,2,16,32,537,14,constant_001,constant,constant,0.001,0.9050279329608939,0.8957753768519118,0.23806225062269948,0.0009158660031971522,67,0,PASS
breast_cancer,569,30,2,16,32,537,14,constant_003,constant,constant,0.003,0.9087523277467412,0.8998626169753662,0.23351784956641994,0.0008520580013282597,44,0,PASS
breast_cancer,569,30,2,16,32,537,14,invscaling_0003,invscaling,invscaling,0.0003,0.8994413407821229,0.8900424692856059,0.6510906315451975,0.000787876000686083,26,0,PASS
breast_cancer,569,30,2,16,32,537,14,invscaling_001,invscaling,invscaling,0.001,0.8994413407821229,0.8900424692856059,0.5072080603923856,0.0009684109973022714,82,0,PASS
breast_cancer,569,30,2,16,32,537,14,invscaling_003,invscaling,invscaling,0.003,0.9013035381750466,0.8922066559861835,0.3598442037683692,0.000916457996936515,89,0,PASS
breast_cancer,569,30,2,16,32,537,14,adaptive_0003,adaptive,adaptive,0.0003,0.9050279329608939,0.8960270306182494,0.26254865995226634,0.0010106240006280132,125,0,PASS
breast_cancer,569,30,2,16,32,537,14,adaptive_001,adaptive,adaptive,0.001,0.9050279329608939,0.8957753768519118,0.23774444378833684,0.0009515970014035702,92,0,PASS
breast_cancer,569,30,2,16,32,537,14,adaptive_003,adaptive,adaptive,0.003,0.9087523277467412,0.8998626169753662,0.23363404862400355,0.0009161779962596484,69,0,PASS
breast_cancer,569,30,2,16,32,537,52,constant_0003,constant,constant,0.0003,0.9441340782122905,0.937496120181265,0.23846361233078114,0.0009427289987797849,102,0,PASS
breast_cancer,569,30,2,16,32,537,52,constant_001,constant,constant,0.001,0.9478584729981379,0.9418201516793067,0.1825850787346744,0.0010507219994906336,68,0,PASS
breast_cancer,569,30,2,16,32,537,52,constant_003,constant,constant,0.003,0.9478584729981379,0.9418201516793067,0.14970465270084354,0.0009059590011020191,50,0,PASS
breast_cancer,569,30,2,16,32,537,52,invscaling_0003,invscaling,invscaling,0.0003,0.9292364990689013,0.9208284188962692,0.6614830687876587,0.000804802002676297,19,0,PASS
breast_cancer,569,30,2,16,32,537,52,invscaling_001,invscaling,invscaling,0.001,0.9292364990689013,0.9208284188962692,0.5386406704807003,0.0009078470029635355,64,0,PASS
breast_cancer,569,30,2,16,32,537,52,invscaling_003,invscaling,invscaling,0.003,0.931098696461825,0.9230161220955237,0.37778586172644946,0.0009487770003033802,78,0,PASS
breast_cancer,569,30,2,16,32,537,52,adaptive_0003,adaptive,adaptive,0.0003,0.9441340782122905,0.937496120181265,0.23739713643787472,0.0009730129968374968,122,0,PASS
breast_cancer,569,30,2,16,32,537,52,adaptive_001,adaptive,adaptive,0.001,0.9478584729981379,0.9418201516793067,0.1816205491028751,0.0009268490030081011,93,0,PASS
breast_cancer,569,30,2,16,32,537,52,adaptive_003,adaptive,adaptive,0.003,0.9478584729981379,0.9418201516793067,0.14883978868423497,0.0009488199939369224,76,0,PASS
breast_cancer,569,30,2,16,32,537,88,constant_0003,constant,constant,0.0003,0.9292364990689013,0.9235042735042736,0.24105917022679543,0.001282422999793198,107,0,PASS
breast_cancer,569,30,2,16,32,537,88,constant_001,constant,constant,0.001,0.9385474860335196,0.9333468738363631,0.18855638397356872,0.001103747999877669,74,0,PASS
breast_cancer,569,30,2,16,32,537,88,constant_003,constant,constant,0.003,0.9404096834264432,0.9352934088444391,0.1538531683327148,0.0008742860009078868,54,0,PASS
breast_cancer,569,30,2,16,32,537,88,invscaling_0003,invscaling,invscaling,0.0003,0.9087523277467412,0.9012515715009476,0.6584786557407223,0.0008232830004999414,20,0,PASS
breast_cancer,569,30,2,16,32,537,88,invscaling_001,invscaling,invscaling,0.001,0.9180633147113594,0.9112289982266839,0.5280042777206636,0.0008947529931901954,68,0,PASS
breast_cancer,569,30,2,16,32,537,88,invscaling_003,invscaling,invscaling,0.003,0.9180633147113594,0.9112289982266839,0.3709496293429799,0.0009400250055477954,82,0,PASS
breast_cancer,569,30,2,16,32,537,88,adaptive_0003,adaptive,adaptive,0.0003,0.9292364990689013,0.9235042735042736,0.2401667077400148,0.0010117900019395165,127,0,PASS
breast_cancer,569,30,2,16,32,537,88,adaptive_001,adaptive,adaptive,0.001,0.9385474860335196,0.9333468738363631,0.18769838530601454,0.0009614619993953966,99,0,PASS
breast_cancer,569,30,2,16,32,537,88,adaptive_003,adaptive,adaptive,0.003,0.9404096834264432,0.9352934088444391,0.1529733549219736,0.000920103004318662,79,0,PASS
breast_cancer,569,30,2,16,32,537,121,constant_0003,constant,constant,0.0003,0.925512104283054,0.9196540786402538,0.29681299394000554,0.0009015760006150231,82,0,PASS
breast_cancer,569,30,2,16,32,537,121,constant_001,constant,constant,0.001,0.931098696461825,0.925599038393128,0.2318997619269091,0.0009582269995007664,55,0,PASS
breast_cancer,569,30,2,16,32,537,121,constant_003,constant,constant,0.003,0.9478584729981379,0.9435093625078897,0.1786133206607113,0.0008715180010767654,52,0,PASS
breast_cancer,569,30,2,16,32,537,121,invscaling_0003,invscaling,invscaling,0.0003,0.9162011173184358,0.909708444025961,0.6660752685847331,0.0008821809969958849,17,0,PASS
breast_cancer,569,30,2,16,32,537,121,invscaling_001,invscaling,invscaling,0.001,0.9162011173184358,0.909708444025961,0.5608094895744368,0.0009114409986068495,55,0,PASS
breast_cancer,569,30,2,16,32,537,121,invscaling_003,invscaling,invscaling,0.003,0.9217877094972067,0.9156367825722664,0.4196101914224484,0.0009454809987801127,65,0,PASS
breast_cancer,569,30,2,16,32,537,121,adaptive_0003,adaptive,adaptive,0.0003,0.925512104283054,0.9196540786402538,0.29537961468422425,0.0010204849968431517,102,0,PASS
breast_cancer,569,30,2,16,32,537,121,adaptive_001,adaptive,adaptive,0.001,0.931098696461825,0.925599038393128,0.23017442754691927,0.0010120610022568144,81,0,PASS
breast_cancer,569,30,2,16,32,537,121,adaptive_003,adaptive,adaptive,0.003,0.9497206703910615,0.9455876006229711,0.17769348311328764,0.0009185189992422238,78,0,PASS
breast_cancer,569,30,2,16,32,537,169,constant_0003,constant,constant,0.0003,0.9459962756052142,0.9412926695945564,0.22705900137490515,0.0010732189984992146,109,0,PASS
breast_cancer,569,30,2,16,32,537,169,constant_001,constant,constant,0.001,0.9646182495344506,0.9616239576633605,0.16647519575821335,0.0009428460034541786,78,0,PASS
breast_cancer,569,30,2,16,32,537,169,constant_003,constant,constant,0.003,0.9664804469273743,0.9636845901836435,0.13294403830460222,0.0009732350008562207,56,0,PASS
breast_cancer,569,30,2,16,32,537,169,invscaling_0003,invscaling,invscaling,0.0003,0.9348230912476723,0.9293072904325063,0.660359324249968,0.000834853999549523,20,0,PASS
breast_cancer,569,30,2,16,32,537,169,invscaling_001,invscaling,invscaling,0.001,0.9385474860335196,0.9331951067800124,0.5328733705013613,0.0009299379962612875,68,0,PASS
breast_cancer,569,30,2,16,32,537,169,invscaling_003,invscaling,invscaling,0.003,0.9404096834264432,0.9352934088444391,0.3694149998532254,0.0009439150016987696,83,0,PASS
breast_cancer,569,30,2,16,32,537,169,adaptive_0003,adaptive,adaptive,0.0003,0.9478584729981379,0.9433817327388843,0.22606850810998014,0.0009892480011330917,129,0,PASS
breast_cancer,569,30,2,16,32,537,169,adaptive_001,adaptive,adaptive,0.001,0.9646182495344506,0.9616239576633605,0.16562126726065624,0.0009869099958450533,103,0,PASS
breast_cancer,569,30,2,16,32,537,169,adaptive_003,adaptive,adaptive,0.003,0.9664804469273743,0.9636845901836435,0.13219277244368838,0.0009093769986066036,81,0,PASS
breast_cancer,569,30,2,16,32,537,203,constant_0003,constant,constant,0.0003,0.9348230912476723,0.9267779574186259,0.24106227583832723,0.001323496995610185,98,0,PASS
breast_cancer,569,30,2,16,32,537,203,constant_001,constant,constant,0.001,0.9329608938547486,0.9243685643641826,0.19268301375126962,0.0009677410052972846,68,0,PASS
breast_cancer,569,30,2,16,32,537,203,constant_003,constant,constant,0.003,0.9348230912476723,0.9269793661832295,0.1668812464417729,0.0008735390001675114,52,0,PASS
breast_cancer,569,30,2,16,32,537,203,invscaling_0003,invscaling,invscaling,0.0003,0.9199255121042831,0.9100414905428833,0.6543583995815108,0.0008122860017465428,23,0,PASS
breast_cancer,569,30,2,16,32,537,203,invscaling_001,invscaling,invscaling,0.001,0.9199255121042831,0.9100414905428833,0.5218676151220486,0.0009113490013987757,68,0,PASS
breast_cancer,569,30,2,16,32,537,203,invscaling_003,invscaling,invscaling,0.003,0.9217877094972067,0.9120111731843575,0.36613873447789463,0.0009181799978250638,77,0,PASS
breast_cancer,569,30,2,16,32,537,203,adaptive_0003,adaptive,adaptive,0.0003,0.9348230912476723,0.9267779574186259,0.24009446542372,0.0009837639954639599,118,0,PASS
breast_cancer,569,30,2,16,32,537,203,adaptive_001,adaptive,adaptive,0.001,0.9329608938547486,0.9243685643641826,0.19193660014264463,0.0009318619995610788,93,0,PASS
breast_cancer,569,30,2,16,32,537,203,adaptive_003,adaptive,adaptive,0.003,0.9348230912476723,0.9269793661832295,0.1662384997540724,0.0009067999999388121,78,0,PASS
breast_cancer,569,30,2,16,32,537,247,constant_0003,constant,constant,0.0003,0.957169459962756,0.952644231690905,0.24358742194848798,0.0009936650021700189,107,0,PASS
breast_cancer,569,30,2,16,32,537,247,constant_001,constant,constant,0.001,0.9683426443202979,0.9652584589506372,0.17639580004167782,0.0008938989994931035,74,0,PASS
breast_cancer,569,30,2,16,32,537,247,constant_003,constant,constant,0.003,0.9757914338919925,0.9736829208527322,0.13684434476185747,0.0008849810037645511,55,0,PASS
breast_cancer,569,30,2,16,32,537,247,invscaling_0003,invscaling,invscaling,0.0003,0.9422718808193669,0.9363337705996413,0.6660913541726374,0.0008145620013237931,18,0,PASS
breast_cancer,569,30,2,16,32,537,247,invscaling_001,invscaling,invscaling,0.001,0.9459962756052142,0.9404412692706321,0.5572842635319795,0.0008929469986469485,60,0,PASS
breast_cancer,569,30,2,16,32,537,247,invscaling_003,invscaling,invscaling,0.003,0.9497206703910615,0.944548767941623,0.3990946211936967,0.0009075199996004812,78,0,PASS
breast_cancer,569,30,2,16,32,537,247,adaptive_0003,adaptive,adaptive,0.0003,0.957169459962756,0.952644231690905,0.24244472962598315,0.0011699539973051287,127,0,PASS
breast_cancer,569,30,2,16,32,537,247,adaptive_001,adaptive,adaptive,0.001,0.9683426443202979,0.9652584589506372,0.17534594511360624,0.0009763449997990392,99,0,PASS
breast_cancer,569,30,2,16,32,537,247,adaptive_003,adaptive,adaptive,0.003,0.9757914338919925,0.9736829208527322,0.13604080733684704,0.0009067529972526245,80,0,PASS
breast_cancer,569,30,2,16,32,537,314,constant_0003,constant,constant,0.0003,0.9534450651769087,0.9501531606794764,0.25760766195373913,0.0010725729953264818,108,0,PASS
breast_cancer,569,30,2,16,32,537,314,constant_001,constant,constant,0.001,0.9497206703910615,0.9465905867704968,0.20435932273591567,0.0009794290017453022,74,0,PASS
breast_cancer,569,30,2,16,32,537,314,constant_003,constant,constant,0.003,0.9441340782122905,0.9410408432147563,0.18010499132974536,0.0009207449984387495,53,0,PASS
breast_cancer,569,30,2,16,32,537,314,invscaling_0003,invscaling,invscaling,0.0003,0.9441340782122905,0.9397405589801904,0.664797203288993,0.0008346840040758252,19,0,PASS
breast_cancer,569,30,2,16,32,537,314,invscaling_001,invscaling,invscaling,0.001,0.9478584729981379,0.9439974970948422,0.5512576431263131,0.0008966669993242249,65,0,PASS
breast_cancer,569,30,2,16,32,537,314,invscaling_003,invscaling,invscaling,0.003,0.9478584729981379,0.9442284866468843,0.3957280215858922,0.000949161003518384,82,0,PASS
breast_cancer,569,30,2,16,32,537,314,adaptive_0003,adaptive,adaptive,0.0003,0.9553072625698324,0.952097766941215,0.25664707284591454,0.0009935500056599267,128,0,PASS
breast_cancer,569,30,2,16,32,537,314,adaptive_001,adaptive,adaptive,0.001,0.9497206703910615,0.9465905867704968,0.2036035169812614,0.0009726340067572892,99,0,PASS
breast_cancer,569,30,2,16,32,537,314,adaptive_003,adaptive,adaptive,0.003,0.9441340782122905,0.9410408432147563,0.17971219704708344,0.0009384619988850318,78,0,PASS
breast_cancer,569,30,2,16,32,537,415,constant_0003,constant,constant,0.0003,0.9292364990689013,0.9226224783861672,0.27410259250233804,0.0009476280029048212,92,0,PASS
breast_cancer,569,30,2,16,32,537,415,constant_001,constant,constant,0.001,0.9348230912476723,0.928646001404681,0.20263094915892782,0.0008858599976520054,66,0,PASS
breast_cancer,569,30,2,16,32,537,415,constant_003,constant,constant,0.003,0.9422718808193669,0.9364921316165951,0.15890819125477124,0.001028512000630144,53,0,PASS
breast_cancer,569,30,2,16,32,537,415,invscaling_0003,invscaling,invscaling,0.0003,0.9217877094972067,0.9146793572012226,0.6668368515691863,0.0008218700022553094,16,0,PASS
breast_cancer,569,30,2,16,32,537,415,invscaling_001,invscaling,invscaling,0.001,0.9217877094972067,0.9146793572012226,0.5629757109413197,0.0008916900042095222,53,0,PASS
breast_cancer,569,30,2,16,32,537,415,invscaling_003,invscaling,invscaling,0.003,0.925512104283054,0.9187422449535454,0.4145511140429941,0.0009108300000661984,66,0,PASS
breast_cancer,569,30,2,16,32,537,415,adaptive_0003,adaptive,adaptive,0.0003,0.9292364990689013,0.9226224783861672,0.2727619646008073,0.0009964299970306456,112,0,PASS
breast_cancer,569,30,2,16,32,537,415,adaptive_001,adaptive,adaptive,0.001,0.9348230912476723,0.928646001404681,0.20142736166799996,0.0009648449995438568,91,0,PASS
breast_cancer,569,30,2,16,32,537,415,adaptive_003,adaptive,adaptive,0.003,0.9422718808193669,0.9364921316165951,0.15797316532064593,0.0009159239998552948,79,0,PASS
breast_cancer,569,30,2,16,32,537,509,constant_0003,constant,constant,0.0003,0.9366852886405959,0.930084551052293,0.19419418590182985,0.0010368000002927147,111,0,PASS
breast_cancer,569,30,2,16,32,537,509,constant_001,constant,constant,0.001,0.9404096834264432,0.934029484029484,0.1492563671143167,0.0009085540004889481,76,0,PASS
breast_cancer,569,30,2,16,32,537,509,constant_003,constant,constant,0.003,0.9422718808193669,0.9358420466414099,0.13027764959419874,0.000950884998019319,52,0,PASS
breast_cancer,569,30,2,16,32,537,509,invscaling_0003,invscaling,invscaling,0.0003,0.925512104283054,0.9179526355996944,0.6505999333019512,0.0008367230038857087,22,0,PASS
breast_cancer,569,30,2,16,32,537,509,invscaling_001,invscaling,invscaling,0.001,0.9273743016759777,0.9199037759156777,0.49826219106369446,0.0009286749991588295,72,0,PASS
breast_cancer,569,30,2,16,32,537,509,invscaling_003,invscaling,invscaling,0.003,0.9329608938547486,0.9259718775847807,0.326152472080824,0.0009248289934475906,84,0,PASS
breast_cancer,569,30,2,16,32,537,509,adaptive_0003,adaptive,adaptive,0.0003,0.9366852886405959,0.930084551052293,0.19338210691519034,0.0010140419981325977,131,0,PASS
breast_cancer,569,30,2,16,32,537,509,adaptive_001,adaptive,adaptive,0.001,0.9404096834264432,0.934029484029484,0.1486494030139425,0.0009998169989557937,101,0,PASS
breast_cancer,569,30,2,16,32,537,509,adaptive_003,adaptive,adaptive,0.003,0.9422718808193669,0.9358420466414099,0.1299142981890041,0.0009237030026270077,77,0,PASS
breast_cancer,569,30,2,32,64,505,14,constant_0003,constant,constant,0.0003,0.9524752475247524,0.9466398985629755,0.19647319306705027,0.0011078660027123988,94,0,PASS
breast_cancer,569,30,2,32,64,505,14,constant_001,constant,constant,0.001,0.9524752475247524,0.9467954345917471,0.1565128873837352,0.0010249330007354729,64,0,PASS
breast_cancer,569,30,2,32,64,505,14,constant_003,constant,constant,0.003,0.9524752475247524,0.9470982610517494,0.13587414915227367,0.0009551320035825484,45,0,PASS
breast_cancer,569,30,2,32,64,505,14,invscaling_0003,invscaling,invscaling,0.0003,0.9425742574257425,0.9358038653568814,0.6488260723224736,0.0009416579996468499,26,0,PASS
breast_cancer,569,30,2,32,64,505,14,invscaling_001,invscaling,invscaling,0.001,0.9425742574257425,0.9358038653568814,0.5025607722603229,0.0012079000007361174,75,0,PASS
breast_cancer,569,30,2,32,64,505,14,invscaling_003,invscaling,invscaling,0.003,0.9504950495049505,0.9446585046180012,0.3414676110119373,0.00112887399882311,82,0,PASS
breast_cancer,569,30,2,32,64,505,14,adaptive_0003,adaptive,adaptive,0.0003,0.9524752475247524,0.9466398985629755,0.1956286332392596,0.0012192710055387579,114,0,PASS
breast_cancer,569,30,2,32,64,505,14,adaptive_001,adaptive,adaptive,0.001,0.9524752475247524,0.9467954345917471,0.15582888505987988,0.0011305410007480532,89,0,PASS
breast_cancer,569,30,2,32,64,505,14,adaptive_003,adaptive,adaptive,0.003,0.9524752475247524,0.9470982610517494,0.1353119554432668,0.0010320600049453788,70,0,PASS
breast_cancer,569,30,2,32,64,505,52,constant_0003,constant,constant,0.0003,0.9425742574257425,0.9348384197482524,0.20988563618595962,0.0011161069996887818,86,0,PASS
breast_cancer,569,30,2,32,64,505,52,constant_001,constant,constant,0.001,0.9445544554455445,0.9371823577495824,0.16836221201376125,0.0010281169961672276,57,0,PASS
breast_cancer,569,30,2,32,64,505,52,constant_003,constant,constant,0.003,0.9524752475247524,0.9466398985629755,0.1420583576039212,0.0009229919960489497,42,0,PASS
breast_cancer,569,30,2,32,64,505,52,invscaling_0003,invscaling,invscaling,0.0003,0.9326732673267327,0.9232440454903084,0.6449873007686819,0.0009030950022861362,28,0,PASS
breast_cancer,569,30,2,32,64,505,52,invscaling_001,invscaling,invscaling,0.001,0.9346534653465347,0.9256189494262416,0.4986606342867164,0.0010764359976747073,75,0,PASS
breast_cancer,569,30,2,32,64,505,52,invscaling_003,invscaling,invscaling,0.003,0.9386138613861386,0.9301268918852572,0.34522630772121454,0.0010991540038958192,78,0,PASS
breast_cancer,569,30,2,32,64,505,52,adaptive_0003,adaptive,adaptive,0.0003,0.9425742574257425,0.9348384197482524,0.2089318643329994,0.0012338209999143146,106,0,PASS
breast_cancer,569,30,2,32,64,505,52,adaptive_001,adaptive,adaptive,0.001,0.9445544554455445,0.9371823577495824,0.16749020584290428,0.0012195119998068549,82,0,PASS
breast_cancer,569,30,2,32,64,505,52,adaptive_003,adaptive,adaptive,0.003,0.9524752475247524,0.9466398985629755,0.1412659750143606,0.00106610800139606,67,0,PASS
breast_cancer,569,30,2,32,64,505,88,constant_0003,constant,constant,0.0003,0.9227722772277228,0.9118164600319691,0.20995711922349086,0.0010971329975291155,85,0,PASS
breast_cancer,569,30,2,32,64,505,88,constant_001,constant,constant,0.001,0.9326732673267327,0.9229989595666057,0.17648890734161968,0.001004527002805844,58,0,PASS
breast_cancer,569,30,2,32,64,505,88,constant_003,constant,constant,0.003,0.9346534653465347,0.9256189494262416,0.15932955575185195,0.0009956650028470904,42,0,PASS
breast_cancer,569,30,2,32,64,505,88,invscaling_0003,invscaling,invscaling,0.0003,0.9128712871287129,0.9006687647521636,0.6385356810862994,0.0009481199958827347,30,0,PASS
breast_cancer,569,30,2,32,64,505,88,invscaling_001,invscaling,invscaling,0.001,0.9148514851485149,0.9027719943942223,0.4809073967771581,0.0010898010004893877,78,0,PASS
breast_cancer,569,30,2,32,64,505,88,invscaling_003,invscaling,invscaling,0.003,0.9148514851485149,0.9027719943942223,0.331200752692314,0.0010564959957264364,77,0,PASS
breast_cancer,569,30,2,32,64,505,88,adaptive_0003,adaptive,adaptive,0.0003,0.9227722772277228,0.9118164600319691,0.20916342215073552,0.001189008995424956,105,0,PASS
breast_cancer,569,30,2,32,64,505,88,adaptive_001,adaptive,adaptive,0.001,0.9326732673267327,0.9229989595666057,0.1758855558196294,0.0011510399999679066,83,0,PASS
breast_cancer,569,30,2,32,64,505,88,adaptive_003,adaptive,adaptive,0.003,0.9326732673267327,0.9232440454903084,0.15884859953336541,0.0010222100027021952,67,0,PASS
breast_cancer,569,30,2,32,64,505,121,constant_0003,constant,constant,0.0003,0.9346534653465347,0.9258506155755977,0.20434930300069107,0.0011399549985071644,87,0,PASS
breast_cancer,569,30,2,32,64,505,121,constant_001,constant,constant,0.001,0.9425742574257425,0.9350384357769882,0.16128082877646122,0.0009924459955072962,61,0,PASS
breast_cancer,569,30,2,32,64,505,121,constant_003,constant,constant,0.003,0.9465346534653465,0.9395185436544373,0.13847624015606372,0.0009864539970294572,46,0,PASS
breast_cancer,569,30,2,32,64,505,121,invscaling_0003,invscaling,invscaling,0.0003,0.9207920792079208,0.909982174688057,0.6381107850377531,0.0008842590032145381,31,0,PASS
breast_cancer,569,30,2,32,64,505,121,invscaling_001,invscaling,invscaling,0.001,0.9227722772277228,0.9123689093166154,0.4881978654323762,0.001095088999136351,75,0,PASS
breast_cancer,569,30,2,32,64,505,121,invscaling_003,invscaling,invscaling,0.003,0.9267326732673268,0.9168628114029429,0.3402654755434977,0.0011327240063110366,74,0,PASS
breast_cancer,569,30,2,32,64,505,121,adaptive_0003,adaptive,adaptive,0.0003,0.9346534653465347,0.9258506155755977,0.20341475937833361,0.0011735000007320195,107,0,PASS
breast_cancer,569,30,2,32,64,505,121,adaptive_001,adaptive,adaptive,0.001,0.9425742574257425,0.9350384357769882,0.16053352526643783,0.0010980869992636144,86,0,PASS
breast_cancer,569,30,2,32,64,505,121,adaptive_003,adaptive,adaptive,0.003,0.9465346534653465,0.9395185436544373,0.13794516734586346,0.0010310880024917424,71,0,PASS
breast_cancer,569,30,2,32,64,505,169,constant_0003,constant,constant,0.0003,0.9603960396039604,0.9563933407018514,0.2218313165386678,0.0011525380032253452,93,0,PASS
breast_cancer,569,30,2,32,64,505,169,constant_001,constant,constant,0.001,0.9623762376237623,0.9586281535522871,0.17030633115356852,0.0010174790004384704,70,0,PASS
breast_cancer,569,30,2,32,64,505,169,constant_003,constant,constant,0.003,0.9584158415841584,0.9543920008601225,0.14903672775561153,0.0009991760016418993,54,0,PASS
breast_cancer,569,30,2,32,64,505,169,invscaling_0003,invscaling,invscaling,0.0003,0.9366336633663367,0.9302293451229622,0.6578189972687446,0.0008737660027691163,21,0,PASS
breast_cancer,569,30,2,32,64,505,169,invscaling_001,invscaling,invscaling,0.001,0.9366336633663367,0.9302293451229622,0.5378683604324351,0.0010698339974624105,60,0,PASS
breast_cancer,569,30,2,32,64,505,169,invscaling_003,invscaling,invscaling,0.003,0.9504950495049505,0.9454193308518043,0.38785258774990544,0.0010631879995344207,68,0,PASS
breast_cancer,569,30,2,32,64,505,169,adaptive_0003,adaptive,adaptive,0.0003,0.9603960396039604,0.9563933407018514,0.22082311682815323,0.0011680570023600012,113,0,PASS
breast_cancer,569,30,2,32,64,505,169,adaptive_001,adaptive,adaptive,0.001,0.9623762376237623,0.9586281535522871,0.1696427238306878,0.0011353190056979656,95,0,PASS
breast_cancer,569,30,2,32,64,505,169,adaptive_003,adaptive,adaptive,0.003,0.9584158415841584,0.9543920008601225,0.14871263799852555,0.0013163640032871626,79,0,PASS
breast_cancer,569,30,2,32,64,505,203,constant_0003,constant,constant,0.0003,0.9306930693069307,0.9231725498889425,0.2318696175028454,0.0010747139967861585,84,0,PASS
breast_cancer,569,30,2,32,64,505,203,constant_001,constant,constant,0.001,0.9386138613861386,0.9319528299016349,0.17625704679315687,0.001035449000482913,65,0,PASS
breast_cancer,569,30,2,32,64,505,203,constant_003,constant,constant,0.003,0.9425742574257425,0.9363429699079809,0.14181752531103828,0.0010385480054537766,54,0,PASS
breast_cancer,569,30,2,32,64,505,203,invscaling_0003,invscaling,invscaling,0.0003,0.906930693069307,0.8971125628010005,0.6460415847370026,0.0009172970021609217,29,0,PASS
breast_cancer,569,30,2,32,64,505,203,invscaling_001,invscaling,invscaling,0.001,0.9089108910891089,0.8991648435600931,0.5123773264467094,0.0010689209957490675,71,0,PASS
breast_cancer,569,30,2,32,64,505,203,invscaling_003,invscaling,invscaling,0.003,0.9128712871287129,0.9035489807966108,0.3717239763358579,0.0010739710050984286,71,0,PASS
breast_cancer,569,30,2,32,64,505,203,adaptive_0003,adaptive,adaptive,0.0003,0.9306930693069307,0.9231725498889425,0.23079545360403383,0.0012164219951955602,104,0,PASS
breast_cancer,569,30,2,32,64,505,203,adaptive_001,adaptive,adaptive,0.001,0.9386138613861386,0.9319528299016349,0.17537732575986267,0.00141999899642542,90,0,PASS
breast_cancer,569,30,2,32,64,505,203,adaptive_003,adaptive,adaptive,0.003,0.9425742574257425,0.9363429699079809,0.1411322535899546,0.0011278349993517622,79,0,PASS
breast_cancer,569,30,2,32,64,505,247,constant_0003,constant,constant,0.0003,0.9148514851485149,0.9053503323526206,0.2363650477307297,0.0010950409996439703,86,0,PASS
breast_cancer,569,30,2,32,64,505,247,constant_001,constant,constant,0.001,0.9168316831683169,0.9074219568405615,0.19762847497069072,0.0010436740049044602,59,0,PASS
breast_cancer,569,30,2,32,64,505,247,constant_003,constant,constant,0.003,0.9306930693069307,0.9227427102775143,0.1742681649048235,0.0011111800049548037,43,0,PASS
breast_cancer,569,30,2,32,64,505,247,invscaling_0003,invscaling,invscaling,0.0003,0.906930693069307,0.8968317098508656,0.642320522644741,0.00091632800467778,32,0,PASS
breast_cancer,569,30,2,32,64,505,247,invscaling_001,invscaling,invscaling,0.001,0.9089108910891089,0.8988874573438261,0.5003468317862296,0.0011067700033891015,79,0,PASS
breast_cancer,569,30,2,32,64,505,247,invscaling_003,invscaling,invscaling,0.003,0.9108910891089109,0.9009480222294868,0.35890994157982176,0.0014541390046360902,79,0,PASS
breast_cancer,569,30,2,32,64,505,247,adaptive_0003,adaptive,adaptive,0.0003,0.9148514851485149,0.9053503323526206,0.23550898082336094,0.0011765090021071956,106,0,PASS
breast_cancer,569,30,2,32,64,505,247,adaptive_001,adaptive,adaptive,0.001,0.9168316831683169,0.9074219568405615,0.19687268893486323,0.0012250100044184364,84,0,PASS
breast_cancer,569,30,2,32,64,505,247,adaptive_003,adaptive,adaptive,0.003,0.9306930693069307,0.9227427102775143,0.1735843355904901,0.0011124320008093491,68,0,PASS
breast_cancer,569,30,2,32,64,505,314,constant_0003,constant,constant,0.0003,0.9564356435643564,0.951369191441678,0.21711226287608418,0.0011019079975085333,88,0,PASS
breast_cancer,569,30,2,32,64,505,314,constant_001,constant,constant,0.001,0.9643564356435643,0.9603236957888122,0.15641772144360902,0.00107335999928182,67,0,PASS
breast_cancer,569,30,2,32,64,505,314,constant_003,constant,constant,0.003,0.9663366336633663,0.9627853950556811,0.12062370441648314,0.0017274740021093749,60,0,PASS
breast_cancer,569,30,2,32,64,505,314,invscaling_0003,invscaling,invscaling,0.0003,0.9485148514851485,0.9425272262492559,0.6600045105137103,0.000882672997249756,19,0,PASS
breast_cancer,569,30,2,32,64,505,314,invscaling_001,invscaling,invscaling,0.001,0.9485148514851485,0.9425272262492559,0.5411974273824808,0.001039919996401295,57,0,PASS
breast_cancer,569,30,2,32,64,505,314,invscaling_003,invscaling,invscaling,0.003,0.9485148514851485,0.9425272262492559,0.3840881776417926,0.0011082150012953207,68,0,PASS
breast_cancer,569,30,2,32,64,505,314,adaptive_0003,adaptive,adaptive,0.0003,0.9564356435643564,0.951369191441678,0.2159442442137419,0.0012698139980784617,108,0,PASS
breast_cancer,569,30,2,32,64,505,314,adaptive_001,adaptive,adaptive,0.001,0.9643564356435643,0.9603236957888122,0.15551430478226796,0.0011962959979427978,92,0,PASS
breast_cancer,569,30,2,32,64,505,314,adaptive_003,adaptive,adaptive,0.003,0.9663366336633663,0.9627853950556811,0.12003324181418958,0.001122586996643804,86,0,PASS
breast_cancer,569,30,2,32,64,505,415,constant_0003,constant,constant,0.0003,0.9584158415841584,0.9536456261665086,0.1706999831705597,0.001111293000576552,94,0,PASS
breast_cancer,569,30,2,32,64,505,415,constant_001,constant,constant,0.001,0.9623762376237623,0.9581780538302278,0.12698383367545005,0.0010405690045445226,66,0,PASS
breast_cancer,569,30,2,32,64,505,415,constant_003,constant,constant,0.003,0.9603960396039604,0.9559152175431245,0.10376619832385603,0.0011159350033267401,49,0,PASS
breast_cancer,569,30,2,32,64,505,415,invscaling_0003,invscaling,invscaling,0.0003,0.9405940594059405,0.9340570373981475,0.6468966935220638,0.0009529820017633028,23,0,PASS
breast_cancer,569,30,2,32,64,505,415,invscaling_001,invscaling,invscaling,0.001,0.9405940594059405,0.9340570373981475,0.4912737043317123,0.0010415400029160082,70,0,PASS
breast_cancer,569,30,2,32,64,505,415,invscaling_003,invscaling,invscaling,0.003,0.9405940594059405,0.9340570373981475,0.32176436754212406,0.0011386349942767993,78,0,PASS
breast_cancer,569,30,2,32,64,505,415,adaptive_0003,adaptive,adaptive,0.0003,0.9584158415841584,0.9536456261665086,0.1698180213454765,0.0012165219959570095,114,0,PASS
breast_cancer,569,30,2,32,64,505,415,adaptive_001,adaptive,adaptive,0.001,0.9623762376237623,0.9581780538302278,0.12627823257135443,0.001299075003771577,91,0,PASS
breast_cancer,569,30,2,32,64,505,415,adaptive_003,adaptive,adaptive,0.003,0.9603960396039604,0.9559152175431245,0.10323315877760388,0.0010745969993877225,74,0,PASS
breast_cancer,569,30,2,32,64,505,509,constant_0003,constant,constant,0.0003,0.9445544554455445,0.9387878787878787,0.2021286392350335,0.001102262998756487,82,0,PASS
breast_cancer,569,30,2,32,64,505,509,constant_001,constant,constant,0.001,0.9683168316831683,0.9649269021078584,0.14009402556493306,0.0010566830023890361,64,0,PASS
breast_cancer,569,30,2,32,64,505,509,constant_003,constant,constant,0.003,0.9683168316831683,0.9651146725614811,0.10440061812149679,0.0009941509997588582,55,0,PASS
breast_cancer,569,30,2,32,64,505,509,invscaling_0003,invscaling,invscaling,0.0003,0.9326732673267327,0.926062766983602,0.642173277842665,0.0008916780061554164,27,0,PASS
breast_cancer,569,30,2,32,64,505,509,invscaling_001,invscaling,invscaling,0.001,0.9366336633663367,0.9302293451229622,0.49417825966783974,0.001069423000444658,70,0,PASS
breast_cancer,569,30,2,32,64,505,509,invscaling_003,invscaling,invscaling,0.003,0.9405940594059405,0.934590011052777,0.34492964360696615,0.001081285998225212,70,0,PASS
breast_cancer,569,30,2,32,64,505,509,adaptive_0003,adaptive,adaptive,0.0003,0.9465346534653465,0.9408944509707875,0.2009356639647443,0.0011274700009380467,102,0,PASS
breast_cancer,569,30,2,32,64,505,509,adaptive_001,adaptive,adaptive,0.001,0.9683168316831683,0.9649269021078584,0.13912314473188922,0.0011071749977418222,89,0,PASS
breast_cancer,569,30,2,32,64,505,509,adaptive_003,adaptive,adaptive,0.003,0.9683168316831683,0.9651146725614811,0.10383381945790437,0.0010779730000649579,80,0,PASS
digits,1797,64,10,4,40,1757,14,constant_0003,constant,constant,0.0003,0.7694934547524189,0.7603187952670252,1.6314239922119247,0.007850208996387664,181,0,PASS
digits,1797,64,10,4,40,1757,14,constant_001,constant,constant,0.001,0.765509391007399,0.7599549480214183,1.3344797895570817,0.0068192869948688895,156,0,PASS
digits,1797,64,10,4,40,1757,14,constant_003,constant,constant,0.003,0.7592487194080819,0.7555432428850042,1.1402124859896419,0.005400216999987606,107,0,PASS
digits,1797,64,10,4,40,1757,14,invscaling_0003,invscaling,invscaling,0.0003,0.7546955036994878,0.7393394166608257,2.2926297057566725,0.0023127849999582395,7,0,PASS
digits,1797,64,10,4,40,1757,14,invscaling_001,invscaling,invscaling,0.001,0.7575412635173592,0.7398232028766568,2.2569295670741023,0.0025452659974689595,17,0,PASS
digits,1797,64,10,4,40,1757,14,invscaling_003,invscaling,invscaling,0.003,0.7581104154809334,0.7409227291560277,2.107894379479384,0.0034103139987564646,49,0,PASS
digits,1797,64,10,4,40,1757,14,adaptive_0003,adaptive,adaptive,0.0003,0.7689243027888446,0.7598071378114032,1.6291239694181312,0.008344962996488903,202,0,PASS
digits,1797,64,10,4,40,1757,14,adaptive_001,adaptive,adaptive,0.001,0.7649402390438247,0.7594482365545456,1.3314689863951088,0.00786159599374514,182,0,PASS
digits,1797,64,10,4,40,1757,14,adaptive_003,adaptive,adaptive,0.003,0.7598178713716562,0.7562453798850481,1.1364755858375881,0.006398924000677653,133,0,PASS
digits,1797,64,10,4,40,1757,52,constant_0003,constant,constant,0.0003,0.8167330677290837,0.8138863376328199,1.6124619066251547,0.008111063994874712,186,0,PASS
digits,1797,64,10,4,40,1757,52,constant_001,constant,constant,0.001,0.8138873079112123,0.8120618930762025,1.290948103262786,0.0070240650020423345,148,0,PASS
digits,1797,64,10,4,40,1757,52,constant_003,constant,constant,0.003,0.8116107000569152,0.8098858156831102,1.0790259405554885,0.005783751999842934,99,0,PASS
digits,1797,64,10,4,40,1757,52,invscaling_0003,invscaling,invscaling,0.0003,0.7848605577689243,0.7733517710788013,2.2926479237318875,0.0024329759980901144,7,0,PASS
digits,1797,64,10,4,40,1757,52,invscaling_001,invscaling,invscaling,0.001,0.7763232783153102,0.7642058248438695,2.257786003140455,0.002792334998957813,17,0,PASS
digits,1797,64,10,4,40,1757,52,invscaling_003,invscaling,invscaling,0.003,0.7996585088218554,0.7921289140835218,2.110307306133842,0.003477965001366101,47,0,PASS
digits,1797,64,10,4,40,1757,52,adaptive_0003,adaptive,adaptive,0.0003,0.8161639157655094,0.8132897623682276,1.6100032738542316,0.008727336004085373,207,0,PASS
digits,1797,64,10,4,40,1757,52,adaptive_001,adaptive,adaptive,0.001,0.8138873079112123,0.8120618930762025,1.2876368057780703,0.007845028005249333,174,0,PASS
digits,1797,64,10,4,40,1757,52,adaptive_003,adaptive,adaptive,0.003,0.8116107000569152,0.8098858156831102,1.0748819637117057,0.006391091999830678,125,0,PASS
digits,1797,64,10,4,40,1757,88,constant_0003,constant,constant,0.0003,0.7996585088218554,0.7977332566581893,1.6373032885525116,0.008067075999861117,180,0,PASS
digits,1797,64,10,4,40,1757,88,constant_001,constant,constant,0.001,0.8036425725668753,0.8022823968541702,1.30153855173988,0.008097420002741273,153,0,PASS
digits,1797,64,10,4,40,1757,88,constant_003,constant,constant,0.003,0.7996585088218554,0.7986980550955265,1.077760532124399,0.006512084000860341,107,0,PASS
digits,1797,64,10,4,40,1757,88,invscaling_0003,invscaling,invscaling,0.0003,0.7632327831531018,0.7565889040802782,2.2938429038151,0.002322974003618583,7,0,PASS
digits,1797,64,10,4,40,1757,88,invscaling_001,invscaling,invscaling,0.001,0.7586795674445077,0.7514518026754965,2.2641657817533356,0.0024937350026448257,15,0,PASS
digits,1797,64,10,4,40,1757,88,invscaling_003,invscaling,invscaling,0.003,0.7700626067159931,0.7631338197462672,2.1298421391165143,0.0032521140019525774,45,0,PASS
digits,1797,64,10,4,40,1757,88,adaptive_0003,adaptive,adaptive,0.0003,0.8002276607854297,0.7983285145029658,1.634826187565722,0.011429744001361541,201,0,PASS
digits,1797,64,10,4,40,1757,88,adaptive_001,adaptive,adaptive,0.001,0.8036425725668753,0.8022823968541702,1.2981624279373498,0.007771381002385169,179,0,PASS
digits,1797,64,10,4,40,1757,88,adaptive_003,adaptive,adaptive,0.003,0.7990893568582812,0.7981189041739098,1.0736088686742964,0.006407756001863163,133,0,PASS
digits,1797,64,10,4,40,1757,121,constant_0003,constant,constant,0.0003,0.8497438816163916,0.8453952095200077,1.6307388452940454,0.0077576879994012415,182,0,PASS
digits,1797,64,10,4,40,1757,121,constant_001,constant,constant,0.001,0.8554354012521344,0.852833345222512,1.27803272523495,0.006863327995233703,155,0,PASS
digits,1797,64,10,4,40,1757,121,constant_003,constant,constant,0.003,0.8537279453614115,0.8516122808774693,1.0283594242662317,0.005403698996815365,109,0,PASS
digits,1797,64,10,4,40,1757,121,invscaling_0003,invscaling,invscaling,0.0003,0.8002276607854297,0.7872619863239119,2.293971913704994,0.0023433640017174184,7,0,PASS
digits,1797,64,10,4,40,1757,121,invscaling_001,invscaling,invscaling,0.001,0.7973819009675583,0.7828487673517557,2.264962597361613,0.0024152379992301576,17,0,PASS
digits,1797,64,10,4,40,1757,121,invscaling_003,invscaling,invscaling,0.003,0.8104723961297666,0.7983733485858647,2.1329471937616393,0.0032968769955914468,47,0,PASS
digits,1797,64,10,4,40,1757,121,adaptive_0003,adaptive,adaptive,0.0003,0.8497438816163916,0.8454135940153664,1.6281623561179825,0.00892772900260752,203,0,PASS
digits,1797,64,10,4,40,1757,121,adaptive_001,adaptive,adaptive,0.001,0.8554354012521344,0.852833345222512,1.2744415503353992,0.00814791300217621,181,0,PASS
digits,1797,64,10,4,40,1757,121,adaptive_003,adaptive,adaptive,0.003,0.8542970973249858,0.8521484611571835,1.0236853745433736,0.006858621003630105,135,0,PASS
digits,1797,64,10,4,40,1757,169,constant_0003,constant,constant,0.0003,0.7649402390438247,0.7580105941088829,1.6729888739629337,0.007757868996122852,179,0,PASS
digits,1797,64,10,4,40,1757,169,constant_001,constant,constant,0.001,0.7581104154809334,0.7528070329534482,1.3845553344654176,0.006861975998617709,158,0,PASS
digits,1797,64,10,4,40,1757,169,constant_003,constant,constant,0.003,0.7501422879908936,0.7469968898515624,1.196455467871123,0.005358729998988565,109,0,PASS
digits,1797,64,10,4,40,1757,169,invscaling_0003,invscaling,invscaling,0.0003,0.7256687535571997,0.7098390588696147,2.293414077575061,0.0025750579952728003,7,0,PASS
digits,1797,64,10,4,40,1757,169,invscaling_001,invscaling,invscaling,0.001,0.7233921457029027,0.7056139297176367,2.2612677064377045,0.002539553002861794,15,0,PASS
digits,1797,64,10,4,40,1757,169,invscaling_003,invscaling,invscaling,0.003,0.7387592487194081,0.7224404760452249,2.1236477016913966,0.003395813997485675,45,0,PASS
digits,1797,64,10,4,40,1757,169,adaptive_0003,adaptive,adaptive,0.0003,0.7643710870802505,0.757447666821934,1.670822315387614,0.008483656994940247,200,0,PASS
digits,1797,64,10,4,40,1757,169,adaptive_001,adaptive,adaptive,0.001,0.7575412635173592,0.7522410361741695,1.3816787311712806,0.007730694997007959,184,0,PASS
digits,1797,64,10,4,40,1757,169,adaptive_003,adaptive,adaptive,0.003,0.7501422879908936,0.7469968898515624,1.192987881564933,0.0062561759987147525,135,0,PASS
digits,1797,64,10,4,40,1757,203,constant_0003,constant,constant,0.0003,0.8190096755833808,0.8136621120780619,1.6076191998007094,0.00771039399842266,183,0,PASS
digits,1797,64,10,4,40,1757,203,constant_001,constant,constant,0.001,0.8201479795105293,0.8173641786707909,1.2805845192233423,0.006743723999534268,151,0,PASS
digits,1797,64,10,4,40,1757,203,constant_003,constant,constant,0.003,0.8173022196926579,0.8154568917985477,1.059325261687474,0.005551818001549691,105,0,PASS
digits,1797,64,10,4,40,1757,203,invscaling_0003,invscaling,invscaling,0.0003,0.7706317586795675,0.7582060214278782,2.2930033620910204,0.002218995003204327,7,0,PASS
digits,1797,64,10,4,40,1757,203,invscaling_001,invscaling,invscaling,0.001,0.774046670461013,0.7617373748775931,2.259216561431779,0.0027176599978702143,17,0,PASS
digits,1797,64,10,4,40,1757,203,invscaling_003,invscaling,invscaling,0.003,0.7922595332953899,0.7816843960707327,2.113663634657721,0.003304719997686334,49,0,PASS
digits,1797,64,10,4,40,1757,203,adaptive_0003,adaptive,adaptive,0.0003,0.8190096755833808,0.8136621120780619,1.6051265285104688,0.011467491000075825,204,0,PASS
digits,1797,64,10,4,40,1757,203,adaptive_001,adaptive,adaptive,0.001,0.819578827546955,0.8168106338875685,1.2772163277035717,0.007981831004144624,177,0,PASS
digits,1797,64,10,4,40,1757,203,adaptive_003,adaptive,adaptive,0.003,0.8173022196926579,0.8154125508164661,1.0550519570199441,0.006394644995452836,131,0,PASS
digits,1797,64,10,4,40,1757,247,constant_0003,constant,constant,0.0003,0.7922595332953899,0.7913057229587631,1.6264087774330882,0.007834078998712357,183,0,PASS
digits,1797,64,10,4,40,1757,247,constant_001,constant,constant,0.001,0.7871371656232214,0.7855297041396605,1.3220062916813267,0.006810048995248508,149,0,PASS
digits,1797,64,10,4,40,1757,247,constant_003,constant,constant,0.003,0.7797381900967558,0.7781825407214176,1.131392391528272,0.005290889996103942,100,0,PASS
digits,1797,64,10,4,40,1757,247,invscaling_0003,invscaling,invscaling,0.0003,0.7586795674445077,0.7540829411232423,2.2929034659614715,0.003187990005244501,7,0,PASS
digits,1797,64,10,4,40,1757,247,invscaling_001,invscaling,invscaling,0.001,0.7535571997723393,0.748432422876896,2.259858149473328,0.0026066989958053455,17,0,PASS
digits,1797,64,10,4,40,1757,247,invscaling_003,invscaling,invscaling,0.003,0.7626636311895276,0.7594647006410006,2.1208893930350206,0.00335562299733283,48,0,PASS
digits,1797,64,10,4,40,1757,247,adaptive_0003,adaptive,adaptive,0.0003,0.7928286852589641,0.7918962132017086,1.624020989251535,0.008572391998313833,204,0,PASS
digits,1797,64,10,4,40,1757,247,adaptive_001,adaptive,adaptive,0.001,0.7871371656232214,0.7855297041396605,1.3189834544196335,0.007712600003287662,175,0,PASS
digits,1797,64,10,4,40,1757,247,adaptive_003,adaptive,adaptive,0.003,0.7791690381331816,0.7775977749637148,1.127833765190387,0.006251148006413132,126,0,PASS
digits,1797,64,10,4,40,1757,314,constant_0003,constant,constant,0.0003,0.7865680136596471,0.7856831121881547,1.645365416022237,0.0077382859963108785,180,0,PASS
digits,1797,64,10,4,40,1757,314,constant_001,constant,constant,0.001,0.7859988616960728,0.7867478879764123,1.3233870522633373,0.007081540999934077,152,0,PASS
digits,1797,64,10,4,40,1757,314,constant_003,constant,constant,0.003,0.7831531018782015,0.7848963397682258,1.1101367319661262,0.0054763799998909235,105,0,PASS
digits,1797,64,10,4,40,1757,314,invscaling_0003,invscaling,invscaling,0.0003,0.7000569151963574,0.6766240889968866,2.29333077282188,0.0022629450031672604,7,0,PASS
digits,1797,64,10,4,40,1757,314,invscaling_001,invscaling,invscaling,0.001,0.7034718269778031,0.6780436138190564,2.2631598412091334,0.002456631998938974,14,0,PASS
digits,1797,64,10,4,40,1757,314,invscaling_003,invscaling,invscaling,0.003,0.726237905520774,0.7106339776986286,2.13010718044344,0.003341240000736434,41,0,PASS
digits,1797,64,10,4,40,1757,314,adaptive_0003,adaptive,adaptive,0.0003,0.7859988616960728,0.7851063301086276,1.6429607570849414,0.008670631003042217,201,0,PASS
digits,1797,64,10,4,40,1757,314,adaptive_001,adaptive,adaptive,0.001,0.7859988616960728,0.7867478879764123,1.320204805265487,0.008520076997228898,178,0,PASS
digits,1797,64,10,4,40,1757,314,adaptive_003,adaptive,adaptive,0.003,0.7831531018782015,0.7848963397682258,1.1062048261364867,0.007122237999283243,131,0,PASS
digits,1797,64,10,4,40,1757,415,constant_0003,constant,constant,0.0003,0.8565737051792829,0.8532835734256311,1.6011598421486213,0.008164771003066562,186,0,PASS
digits,1797,64,10,4,40,1757,415,constant_001,constant,constant,0.001,0.8594194649971543,0.8570758063713146,1.2532199785869842,0.006901606000610627,152,0,PASS
digits,1797,64,10,4,40,1757,415,constant_003,constant,constant,0.003,0.8508821855435401,0.8490807430781953,1.0256042490785864,0.0054670479948981665,106,0,PASS
digits,1797,64,10,4,40,1757,415,invscaling_0003,invscaling,invscaling,0.0003,0.8212862834376778,0.8144135791623508,2.2928622490183845,0.002424439000606071,7,0,PASS
digits,1797,64,10,4,40,1757,415,invscaling_001,invscaling,invscaling,0.001,0.8087649402390438,0.7995080915908801,2.259386765284436,0.0024744570037000813,18,0,PASS
digits,1797,64,10,4,40,1757,415,invscaling_003,invscaling,invscaling,0.003,0.8218554354012522,0.814844296951976,2.1158902152801815,0.003516360004141461,48,0,PASS
digits,1797,64,10,4,40,1757,415,adaptive_0003,adaptive,adaptive,0.0003,0.8565737051792829,0.8532835734256311,1.5985930873031864,0.010402134998003021,207,0,PASS
digits,1797,64,10,4,40,1757,415,adaptive_001,adaptive,adaptive,0.001,0.8594194649971543,0.8570758063713146,1.2497464681342565,0.010440901001857128,178,0,PASS
digits,1797,64,10,4,40,1757,415,adaptive_003,adaptive,adaptive,0.003,0.8503130335799659,0.8484588202691018,1.0213665832824659,0.008448075997876003,132,0,PASS
digits,1797,64,10,4,40,1757,509,constant_0003,constant,constant,0.0003,0.8042117245304496,0.8022108190647519,1.6170626287050398,0.010835832996235695,187,0,PASS
digits,1797,64,10,4,40,1757,509,constant_001,constant,constant,0.001,0.8042117245304496,0.8034855561902103,1.297888834694373,0.00924768199911341,154,0,PASS
digits,1797,64,10,4,40,1757,509,constant_003,constant,constant,0.003,0.8053500284575982,0.8049138540726769,1.0837726672086474,0.007266929002071265,103,0,PASS
digits,1797,64,10,4,40,1757,509,invscaling_0003,invscaling,invscaling,0.0003,0.7250996015936255,0.7150468879032622,2.293196096627072,0.0024890009954106063,7,0,PASS
digits,1797,64,10,4,40,1757,509,invscaling_001,invscaling,invscaling,0.001,0.7154240182128628,0.7063024505477935,2.260406115166305,0.002568119001807645,16,0,PASS
digits,1797,64,10,4,40,1757,509,invscaling_003,invscaling,invscaling,0.003,0.742743312464428,0.7347357447051537,2.1189535407696964,0.003649218000646215,47,0,PASS
digits,1797,64,10,4,40,1757,509,adaptive_0003,adaptive,adaptive,0.0003,0.8042117245304496,0.8022108190647519,1.6146451881007382,0.008852831997501198,208,0,PASS
digits,1797,64,10,4,40,1757,509,adaptive_001,adaptive,adaptive,0.001,0.8042117245304496,0.8034848837860114,1.294644697320251,0.00802403999841772,180,0,PASS
digits,1797,64,10,4,40,1757,509,adaptive_003,adaptive,adaptive,0.003,0.8053500284575982,0.8049138540726769,1.0796197471899462,0.006479128001956269,129,0,PASS
digits,1797,64,10,8,80,1717,14,constant_0003,constant,constant,0.0003,0.8479906814210832,0.8432866108551644,1.4069576083062236,0.012990220995561685,169,0,PASS
digits,1797,64,10,8,80,1717,14,constant_001,constant,constant,0.001,0.856144437973209,0.8530555664826703,1.0851628639699156,0.010140947000763845,121,0,PASS
digits,1797,64,10,8,80,1717,14,constant_003,constant,constant,0.003,0.8637157833430402,0.8612434179609847,0.8593317910386262,0.007735150997177698,81,0,PASS
digits,1797,64,10,8,80,1717,14,invscaling_0003,invscaling,invscaling,0.0003,0.7810133954571927,0.7684019876074396,2.2898126707840163,0.0027893079968634993,8,0,PASS
digits,1797,64,10,8,80,1717,14,invscaling_001,invscaling,invscaling,0.001,0.7740244612696564,0.7598995703255815,2.2389134254512806,0.0037863050019950606,21,0,PASS
digits,1797,64,10,8,80,1717,14,invscaling_003,invscaling,invscaling,0.003,0.8083867210250437,0.7980318498166146,2.0498796149621064,0.005582730998867191,57,0,PASS
digits,1797,64,10,8,80,1717,14,adaptive_0003,adaptive,adaptive,0.0003,0.8468258590564939,0.842238145583185,1.4041971651415155,0.014551389002008364,189,0,PASS
digits,1797,64,10,8,80,1717,14,adaptive_001,adaptive,adaptive,0.001,0.856144437973209,0.8530555664826703,1.0809927583718502,0.01189559400518192,147,0,PASS
digits,1797,64,10,8,80,1717,14,adaptive_003,adaptive,adaptive,0.003,0.8631333721607455,0.8605571982185911,0.8541976947457759,0.009097563997784164,107,0,PASS
digits,1797,64,10,8,80,1717,52,constant_0003,constant,constant,0.0003,0.8666278392545137,0.8645672113683777,1.4134237576678204,0.012787594998371787,168,0,PASS
digits,1797,64,10,8,80,1717,52,constant_001,constant,constant,0.001,0.8741991846243448,0.8727743411762688,1.0876090340375273,0.010098254999320488,120,0,PASS
digits,1797,64,10,8,80,1717,52,constant_003,constant,constant,0.003,0.8759464181712289,0.8749811243575272,0.8546061752847683,0.007323976999032311,82,0,PASS
digits,1797,64,10,8,80,1717,52,invscaling_0003,invscaling,invscaling,0.0003,0.8147932440302854,0.809309477271316,2.2907344550222217,0.0025611699966248125,8,0,PASS
digits,1797,64,10,8,80,1717,52,invscaling_001,invscaling,invscaling,0.001,0.8130460104834013,0.8070751011524765,2.2461430774906495,0.0031243730045389384,21,0,PASS
digits,1797,64,10,8,80,1717,52,invscaling_003,invscaling,invscaling,0.003,0.8415841584158416,0.8375670391321899,2.0669034278142724,0.005505797002115287,55,0,PASS
digits,1797,64,10,8,80,1717,52,adaptive_0003,adaptive,adaptive,0.0003,0.8666278392545137,0.8645775778212832,1.410578796422568,0.014665246002550703,188,0,PASS
digits,1797,64,10,8,80,1717,52,adaptive_001,adaptive,adaptive,0.001,0.8741991846243448,0.8727743411762688,1.0832550506613428,0.012082304994692095,146,0,PASS
digits,1797,64,10,8,80,1717,52,adaptive_003,adaptive,adaptive,0.003,0.8759464181712289,0.8750070357650254,0.8492932459008926,0.010931092001555953,108,0,PASS
digits,1797,64,10,8,80,1717,88,constant_0003,constant,constant,0.0003,0.82527664531159,0.8201085332145027,1.4216667212279013,0.013626908003061544,171,0,PASS
digits,1797,64,10,8,80,1717,88,constant_001,constant,constant,0.001,0.8241118229470006,0.8198829908149093,1.124883143952538,0.01016677099687513,120,0,PASS
digits,1797,64,10,8,80,1717,88,constant_003,constant,constant,0.003,0.8229470005824112,0.8196688187300722,0.9261771376171107,0.007310743996640667,80,0,PASS
digits,1797,64,10,8,80,1717,88,invscaling_0003,invscaling,invscaling,0.0003,0.7885847408270239,0.776717077772275,2.289895657780324,0.003661795999505557,8,0,PASS
digits,1797,64,10,8,80,1717,88,invscaling_001,invscaling,invscaling,0.001,0.7856726849155504,0.7721308115652445,2.240586200543851,0.0037870800006203353,21,0,PASS
digits,1797,64,10,8,80,1717,88,invscaling_003,invscaling,invscaling,0.003,0.8002329644729179,0.7891517283197345,2.0552055742579167,0.0053768900033901446,53,0,PASS
digits,1797,64,10,8,80,1717,88,adaptive_0003,adaptive,adaptive,0.0003,0.82527664531159,0.8201085332145027,1.4190576436946711,0.014386105998710264,191,0,PASS
digits,1797,64,10,8,80,1717,88,adaptive_001,adaptive,adaptive,0.001,0.8241118229470006,0.8198829908149093,1.1212158278552133,0.011753325998142827,146,0,PASS
digits,1797,64,10,8,80,1717,88,adaptive_003,adaptive,adaptive,0.003,0.8229470005824112,0.8196688187300722,0.9217643264171591,0.009336630995676387,106,0,PASS
digits,1797,64,10,8,80,1717,121,constant_0003,constant,constant,0.0003,0.836924868957484,0.8333862207605816,1.3991966329193557,0.01305502300238004,172,0,PASS
digits,1797,64,10,8,80,1717,121,constant_001,constant,constant,0.001,0.848573092603378,0.846050198204203,1.0859430492920292,0.009892046000459231,122,0,PASS
digits,1797,64,10,8,80,1717,121,constant_003,constant,constant,0.003,0.8578916715200932,0.856074911402113,0.8708242943275563,0.007363274002273101,82,0,PASS
digits,1797,64,10,8,80,1717,121,invscaling_0003,invscaling,invscaling,0.0003,0.7431566686080373,0.7171946658399836,2.2902566732797855,0.0026646199985407293,7,0,PASS
digits,1797,64,10,8,80,1717,121,invscaling_001,invscaling,invscaling,0.001,0.7483983692486895,0.7205343292170951,2.241205202407127,0.0031378769999719225,19,0,PASS
digits,1797,64,10,8,80,1717,121,invscaling_003,invscaling,invscaling,0.003,0.7687827606290041,0.7486124506008169,2.052728425676999,0.005594132999249268,54,0,PASS
digits,1797,64,10,8,80,1717,121,adaptive_0003,adaptive,adaptive,0.0003,0.836924868957484,0.8333862207605816,1.3963820136843734,0.014529112006130163,192,0,PASS
digits,1797,64,10,8,80,1717,121,adaptive_001,adaptive,adaptive,0.001,0.848573092603378,0.846050198204203,1.0819266344798129,0.011938513998757116,148,0,PASS
digits,1797,64,10,8,80,1717,121,adaptive_003,adaptive,adaptive,0.003,0.8578916715200932,0.856074911402113,0.8660184630779106,0.00909574000252178,108,0,PASS
digits,1797,64,10,8,80,1717,169,constant_0003,constant,constant,0.0003,0.860221316249272,0.8591489969393622,1.3966302196884686,0.0131011710036546,171,0,PASS
digits,1797,64,10,8,80,1717,169,constant_001,constant,constant,0.001,0.860221316249272,0.8597281597008744,1.0768352731732465,0.00998095400427701,120,0,PASS
digits,1797,64,10,8,80,1717,169,constant_003,constant,constant,0.003,0.8625509609784507,0.862069257422194,0.8555636772708105,0.007295667004655115,79,0,PASS
digits,1797,64,10,8,80,1717,169,invscaling_0003,invscaling,invscaling,0.0003,0.8107163657542225,0.8060445814413635,2.29008150112705,0.0027325949995429255,7,0,PASS
digits,1797,64,10,8,80,1717,169,invscaling_001,invscaling,invscaling,0.001,0.8142108328479907,0.8086825502647612,2.2416502703376517,0.0031631780002499,20,0,PASS
digits,1797,64,10,8,80,1717,169,invscaling_003,invscaling,invscaling,0.003,0.8404193360512522,0.8370222727971157,2.0549631988727803,0.005288878994178958,54,0,PASS
digits,1797,64,10,8,80,1717,169,adaptive_0003,adaptive,adaptive,0.0003,0.8613861386138614,0.8603749884187938,1.3938519385194916,0.014269719998992514,191,0,PASS
digits,1797,64,10,8,80,1717,169,adaptive_001,adaptive,adaptive,0.001,0.8608037274315666,0.8602817287666751,1.0726604407727072,0.011874627001816407,146,0,PASS
digits,1797,64,10,8,80,1717,169,adaptive_003,adaptive,adaptive,0.003,0.8625509609784507,0.862069257422194,0.8503339261383415,0.009731721998832654,105,0,PASS
digits,1797,64,10,8,80,1717,203,constant_0003,constant,constant,0.0003,0.8398369248689574,0.8400599168648487,1.431304585310215,0.01284543500514701,171,0,PASS
digits,1797,64,10,8,80,1717,203,constant_001,constant,constant,0.001,0.8491555037856727,0.8491423615477439,1.1168336115325672,0.010248655002214946,122,0,PASS
digits,1797,64,10,8,80,1717,203,constant_003,constant,constant,0.003,0.8462434478741991,0.8460809122210531,0.8997502288220262,0.007526241002778988,83,0,PASS
digits,1797,64,10,8,80,1717,203,invscaling_0003,invscaling,invscaling,0.0003,0.7524752475247525,0.7392235515951084,2.2897941521247573,0.002500672999303788,7,0,PASS
digits,1797,64,10,8,80,1717,203,invscaling_001,invscaling,invscaling,0.001,0.7518928363424577,0.7383945502137312,2.240390885297463,0.00318685299862409,20,0,PASS
digits,1797,64,10,8,80,1717,203,invscaling_003,invscaling,invscaling,0.003,0.7740244612696564,0.7645098489374993,2.0571402450767065,0.006382949999533594,54,0,PASS
digits,1797,64,10,8,80,1717,203,adaptive_0003,adaptive,adaptive,0.0003,0.8398369248689574,0.8400127514526299,1.4285677493525317,0.014103166999120731,191,0,PASS
digits,1797,64,10,8,80,1717,203,adaptive_001,adaptive,adaptive,0.001,0.8491555037856727,0.8491423615477439,1.1128045172249814,0.015247353003360331,148,0,PASS
digits,1797,64,10,8,80,1717,203,adaptive_003,adaptive,adaptive,0.003,0.8462434478741991,0.8460809122210531,0.894955908576268,0.012051099998643622,109,0,PASS
digits,1797,64,10,8,80,1717,247,constant_0003,constant,constant,0.0003,0.8439138031450204,0.8395596397011562,1.4034610306225381,0.016352718994312454,171,0,PASS
digits,1797,64,10,8,80,1717,247,constant_001,constant,constant,0.001,0.8497379149679674,0.8454432070740084,1.0930172917943948,0.01005441699817311,121,0,PASS
digits,1797,64,10,8,80,1717,247,constant_003,constant,constant,0.003,0.8567268491555038,0.8530279743686492,0.8768448151367284,0.007276167001691647,80,0,PASS
digits,1797,64,10,8,80,1717,247,invscaling_0003,invscaling,invscaling,0.0003,0.807804309842749,0.799039542333863,2.2895898554109158,0.002541740999731701,8,0,PASS
digits,1797,64,10,8,80,1717,247,invscaling_001,invscaling,invscaling,0.001,0.8054746651135701,0.7962946902520905,2.239752665288644,0.0031407849965034984,20,0,PASS
digits,1797,64,10,8,80,1717,247,invscaling_003,invscaling,invscaling,0.003,0.8095515433896331,0.8017534068153888,2.050068480092716,0.005344892997527495,55,0,PASS
digits,1797,64,10,8,80,1717,247,adaptive_0003,adaptive,adaptive,0.0003,0.8439138031450204,0.8395596397011562,1.400766842007751,0.01848290100315353,191,0,PASS
digits,1797,64,10,8,80,1717,247,adaptive_001,adaptive,adaptive,0.001,0.8497379149679674,0.8454432070740084,1.0889520155918342,0.011932623005122878,147,0,PASS
digits,1797,64,10,8,80,1717,247,adaptive_003,adaptive,adaptive,0.003,0.8567268491555038,0.8530436882217968,0.8720252164743962,0.009242875996278599,106,0,PASS
digits,1797,64,10,8,80,1717,314,constant_0003,constant,constant,0.0003,0.8345952242283052,0.833309153907754,1.4404905424927181,0.0163121619989397,171,0,PASS
digits,1797,64,10,8,80,1717,314,constant_001,constant,constant,0.001,0.842748980780431,0.843072402514402,1.146470963435272,0.009959148002963047,121,0,PASS
digits,1797,64,10,8,80,1717,314,constant_003,constant,constant,0.003,0.8497379149679674,0.8504302439777793,0.9415623162830284,0.00742868199449731,84,0,PASS
digits,1797,64,10,8,80,1717,314,invscaling_0003,invscaling,invscaling,0.0003,0.761211415259173,0.7454591691245658,2.2892413546454047,0.002636712000821717,8,0,PASS
digits,1797,64,10,8,80,1717,314,invscaling_001,invscaling,invscaling,0.001,0.7652882935352359,0.7479027117251127,2.238948710202469,0.003127578995190561,21,0,PASS
digits,1797,64,10,8,80,1717,314,invscaling_003,invscaling,invscaling,0.003,0.7979033197437391,0.7890430440023621,2.053352862884642,0.005349332001060247,53,0,PASS
digits,1797,64,10,8,80,1717,314,adaptive_0003,adaptive,adaptive,0.0003,0.8345952242283052,0.833309153907754,1.4379664855097325,0.01452370900369715,191,0,PASS
digits,1797,64,10,8,80,1717,314,adaptive_001,adaptive,adaptive,0.001,0.842748980780431,0.843072402514402,1.1426695925541743,0.011929447995498776,147,0,PASS
digits,1797,64,10,8,80,1717,314,adaptive_003,adaptive,adaptive,0.003,0.8503203261502621,0.8510056079610863,0.9369539791073408,0.009518357997876592,110,0,PASS
digits,1797,64,10,8,80,1717,415,constant_0003,constant,constant,0.0003,0.8363424577751892,0.8346171147693052,1.388104956340586,0.012965030000486877,169,0,PASS
digits,1797,64,10,8,80,1717,415,constant_001,constant,constant,0.001,0.8415841584158416,0.8404756878338262,1.0957438807602073,0.010225923993857577,119,0,PASS
digits,1797,64,10,8,80,1717,415,constant_003,constant,constant,0.003,0.844496214327315,0.8433270726778865,0.898960498907572,0.007626108999829739,81,0,PASS
digits,1797,64,10,8,80,1717,415,invscaling_0003,invscaling,invscaling,0.0003,0.7979033197437391,0.7881700525270234,2.288151168455404,0.00257502499880502,7,0,PASS
digits,1797,64,10,8,80,1717,415,invscaling_001,invscaling,invscaling,0.001,0.7833430401863716,0.7730976722193856,2.2329626948397587,0.0031648389995098114,19,0,PASS
digits,1797,64,10,8,80,1717,415,invscaling_003,invscaling,invscaling,0.003,0.8048922539312755,0.7997522304926857,2.0305667781944967,0.005303507998178247,55,0,PASS
digits,1797,64,10,8,80,1717,415,adaptive_0003,adaptive,adaptive,0.0003,0.8363424577751892,0.8346171147693052,1.3855068008207696,0.016103448004287202,189,0,PASS
digits,1797,64,10,8,80,1717,415,adaptive_001,adaptive,adaptive,0.001,0.8415841584158416,0.8404756878338262,1.0920556483639206,0.015277384998626076,145,0,PASS
digits,1797,64,10,8,80,1717,415,adaptive_003,adaptive,adaptive,0.003,0.8439138031450204,0.8426984042222798,0.8945554712686274,0.009151092999672983,107,0,PASS
digits,1797,64,10,8,80,1717,509,constant_0003,constant,constant,0.0003,0.8584740827023879,0.8565015201091674,1.3954501803617037,0.013181447000533808,170,0,PASS
digits,1797,64,10,8,80,1717,509,constant_001,constant,constant,0.001,0.8631333721607455,0.8621822774795052,1.0755177040544803,0.010278044996084645,120,0,PASS
digits,1797,64,10,8,80,1717,509,constant_003,constant,constant,0.003,0.8666278392545137,0.8652065268735806,0.8502925152352692,0.0073535129995434545,82,0,PASS
digits,1797,64,10,8,80,1717,509,invscaling_0003,invscaling,invscaling,0.0003,0.8246942341292953,0.8183577786829437,2.289833855610518,0.002582081993750762,8,0,PASS
digits,1797,64,10,8,80,1717,509,invscaling_001,invscaling,invscaling,0.001,0.8142108328479907,0.806093230241725,2.2395857414960116,0.0031560339994030073,20,0,PASS
digits,1797,64,10,8,80,1717,509,invscaling_003,invscaling,invscaling,0.003,0.8363424577751892,0.8298806554565508,2.051022484314342,0.005531302995223086,54,0,PASS
digits,1797,64,10,8,80,1717,509,adaptive_0003,adaptive,adaptive,0.0003,0.8578916715200932,0.8559948859702123,1.3926949910565254,0.016826696999487467,190,0,PASS
digits,1797,64,10,8,80,1717,509,adaptive_001,adaptive,adaptive,0.001,0.8625509609784507,0.8615208622507975,1.0713256921304704,0.012021251000987832,146,0,PASS
digits,1797,64,10,8,80,1717,509,adaptive_003,adaptive,adaptive,0.003,0.8666278392545137,0.8652065268735806,0.8452576687819374,0.009298482997110114,108,0,PASS
digits,1797,64,10,16,160,1637,14,constant_0003,constant,constant,0.0003,0.8814905314599878,0.8799759181286622,1.1983309992788453,0.020327514001110103,138,0,PASS
digits,1797,64,10,16,160,1637,14,constant_001,constant,constant,0.001,0.887599266951741,0.8865102396466163,0.8943760444224648,0.014890443002514075,91,0,PASS
digits,1797,64,10,16,160,1637,14,constant_003,constant,constant,0.003,0.8961514966401954,0.8953772935067932,0.6813620269187437,0.010379578998254146,67,0,PASS
digits,1797,64,10,16,160,1637,14,invscaling_0003,invscaling,invscaling,0.0003,0.7941356139279169,0.7809388409479551,2.28305452051116,0.0032174430016311817,9,0,PASS
digits,1797,64,10,16,160,1637,14,invscaling_001,invscaling,invscaling,0.001,0.7953573610262675,0.7803331287817835,2.2019384325298614,0.005375468004785944,30,0,PASS
digits,1797,64,10,16,160,1637,14,invscaling_003,invscaling,invscaling,0.003,0.8295662797800856,0.8219242822833632,1.9647165778019504,0.010291543003404513,63,0,PASS
digits,1797,64,10,16,160,1637,14,adaptive_0003,adaptive,adaptive,0.0003,0.8814905314599878,0.8799759181286622,1.1946235617836516,0.02299523399415193,158,0,PASS
digits,1797,64,10,16,160,1637,14,adaptive_001,adaptive,adaptive,0.001,0.887599266951741,0.8865102396466163,0.8891799237953668,0.017943667000508867,117,0,PASS
digits,1797,64,10,16,160,1637,14,adaptive_003,adaptive,adaptive,0.003,0.8961514966401954,0.8953772935067932,0.675622063296375,0.014258107999921776,93,0,PASS
digits,1797,64,10,16,160,1637,52,constant_0003,constant,constant,0.0003,0.902871105681124,0.9019674599333479,1.1709305868538407,0.020526606000203174,140,0,PASS
digits,1797,64,10,16,160,1637,52,constant_001,constant,constant,0.001,0.9053145998778253,0.9045602342358166,0.8586049361823368,0.017045059001247864,94,0,PASS
digits,1797,64,10,16,160,1637,52,constant_003,constant,constant,0.003,0.9040928527794746,0.9037314926007136,0.6437620838859395,0.01072268399730092,68,0,PASS
digits,1797,64,10,16,160,1637,52,invscaling_0003,invscaling,invscaling,0.0003,0.8332315210751374,0.8205395464856284,2.2842609141168917,0.0034092450005118735,8,0,PASS
digits,1797,64,10,16,160,1637,52,invscaling_001,invscaling,invscaling,0.001,0.8411728772144166,0.8292734525006745,2.2082951415794754,0.0050798259981093,26,0,PASS
digits,1797,64,10,16,160,1637,52,invscaling_003,invscaling,invscaling,0.003,0.8619425778863775,0.854930623217693,1.9686388790885399,0.010192415000346955,64,0,PASS
digits,1797,64,10,16,160,1637,52,adaptive_0003,adaptive,adaptive,0.0003,0.9034819792302994,0.9025957471909034,1.1671602169430086,0.02348521199746756,160,0,PASS
digits,1797,64,10,16,160,1637,52,adaptive_001,adaptive,adaptive,0.001,0.9059254734270006,0.9051537930515844,0.8533423453558369,0.018512037000618875,120,0,PASS
digits,1797,64,10,16,160,1637,52,adaptive_003,adaptive,adaptive,0.003,0.9047037263286499,0.9043491276708961,0.6382055997906144,0.014069856995774899,94,0,PASS
digits,1797,64,10,16,160,1637,88,constant_0003,constant,constant,0.0003,0.8753817959682346,0.8725724997941183,1.189888400781084,0.020551333000184968,139,0,PASS
digits,1797,64,10,16,160,1637,88,constant_001,constant,constant,0.001,0.8845448992058644,0.8827452495634102,0.9031295840579486,0.014642234003986232,93,0,PASS
digits,1797,64,10,16,160,1637,88,constant_003,constant,constant,0.003,0.8906536346976176,0.8894171469650181,0.7176155062689885,0.010312324004189577,64,0,PASS
digits,1797,64,10,16,160,1637,88,invscaling_0003,invscaling,invscaling,0.0003,0.807574832009774,0.7948728450169413,2.2835166054277485,0.0031533110013697296,8,0,PASS
digits,1797,64,10,16,160,1637,88,invscaling_001,invscaling,invscaling,0.001,0.8100183262064753,0.7960605855119375,2.202997711527498,0.005166795999684837,26,0,PASS
digits,1797,64,10,16,160,1637,88,invscaling_003,invscaling,invscaling,0.003,0.8393402565668907,0.8308797935591847,1.9581707905148051,0.010168359003728256,64,0,PASS
digits,1797,64,10,16,160,1637,88,adaptive_0003,adaptive,adaptive,0.0003,0.8753817959682346,0.8725724997941183,1.1863154369371445,0.02334859700204106,159,0,PASS
digits,1797,64,10,16,160,1637,88,adaptive_001,adaptive,adaptive,0.001,0.8851557727550398,0.8834077773810514,0.898457051889879,0.01798825599689735,119,0,PASS
digits,1797,64,10,16,160,1637,88,adaptive_003,adaptive,adaptive,0.003,0.8906536346976176,0.8894585006284403,0.7127918804610185,0.013856822995876428,90,0,PASS
digits,1797,64,10,16,160,1637,121,constant_0003,constant,constant,0.0003,0.902871105681124,0.9015431352418493,1.1796886504986568,0.020331316998635884,139,0,PASS
digits,1797,64,10,16,160,1637,121,constant_001,constant,constant,0.001,0.9132559560171044,0.9126789009479446,0.872787756384604,0.014891302998876199,92,0,PASS
digits,1797,64,10,16,160,1637,121,constant_003,constant,constant,0.003,0.9169211973121564,0.9167642448963044,0.6563230121910189,0.010587791999569163,63,0,PASS
digits,1797,64,10,16,160,1637,121,invscaling_0003,invscaling,invscaling,0.0003,0.8185705558949298,0.8092580448196036,2.2825236898262515,0.0034151840009144507,9,0,PASS
digits,1797,64,10,16,160,1637,121,invscaling_001,invscaling,invscaling,0.001,0.8234575442883323,0.8126451635285521,2.198181351785903,0.0052384060036274604,29,0,PASS
digits,1797,64,10,16,160,1637,121,invscaling_003,invscaling,invscaling,0.003,0.8540012217470984,0.8468941039537585,1.9506359250714729,0.010262731004331727,64,0,PASS
digits,1797,64,10,16,160,1637,121,adaptive_0003,adaptive,adaptive,0.0003,0.902871105681124,0.9015431352418493,1.1759600895326168,0.023397008000756614,159,0,PASS
digits,1797,64,10,16,160,1637,121,adaptive_001,adaptive,adaptive,0.001,0.9138668295662797,0.9132825001434061,0.867608157269835,0.018209861998911947,117,0,PASS
digits,1797,64,10,16,160,1637,121,adaptive_003,adaptive,adaptive,0.003,0.9169211973121564,0.9167642448963044,0.6504881783163843,0.013745011994615197,89,0,PASS
digits,1797,64,10,16,160,1637,169,constant_0003,constant,constant,0.0003,0.8955406230910201,0.8944331305328166,1.1607295015539358,0.027557403001992498,140,0,PASS
digits,1797,64,10,16,160,1637,169,constant_001,constant,constant,0.001,0.9004276114844227,0.8996617277908656,0.8579569126520653,0.01476295600150479,93,0,PASS
digits,1797,64,10,16,160,1637,169,constant_003,constant,constant,0.003,0.9022602321319487,0.9016581049696522,0.6577965873475319,0.010665548004908487,64,0,PASS
digits,1797,64,10,16,160,1637,169,invscaling_0003,invscaling,invscaling,0.0003,0.8179596823457544,0.8113615063847595,2.2838055519000453,0.003293768997536972,8,0,PASS
digits,1797,64,10,16,160,1637,169,invscaling_001,invscaling,invscaling,0.001,0.8118509468540013,0.8029575844152653,2.2046112868021934,0.0050929839999298565,25,0,PASS
digits,1797,64,10,16,160,1637,169,invscaling_003,invscaling,invscaling,0.003,0.8503359804520464,0.8463493391875584,1.9589685749572048,0.011810344003606588,62,0,PASS
digits,1797,64,10,16,160,1637,169,adaptive_0003,adaptive,adaptive,0.0003,0.8955406230910201,0.8944331305328166,1.1570075680877427,0.02364733700233046,160,0,PASS
digits,1797,64,10,16,160,1637,169,adaptive_001,adaptive,adaptive,0.001,0.9004276114844227,0.8996617277908656,0.8530669399006832,0.018401357003313024,119,0,PASS
digits,1797,64,10,16,160,1637,169,adaptive_003,adaptive,adaptive,0.003,0.902871105681124,0.902304894827779,0.652680289686394,0.013649574997543823,90,0,PASS
digits,1797,64,10,16,160,1637,203,constant_0003,constant,constant,0.0003,0.9040928527794746,0.9020186302415499,1.1781816042830733,0.020746197005792055,140,0,PASS
digits,1797,64,10,16,160,1637,203,constant_001,constant,constant,0.001,0.9138668295662797,0.9126838531589314,0.8658421311331507,0.014444355998421088,93,0,PASS
digits,1797,64,10,16,160,1637,203,constant_003,constant,constant,0.003,0.9175320708613317,0.9167591269418418,0.6487427538136017,0.010485123995749746,65,0,PASS
digits,1797,64,10,16,160,1637,203,invscaling_0003,invscaling,invscaling,0.0003,0.8032987171655467,0.7876286920616777,2.283339788932437,0.0032457069974043407,8,0,PASS
digits,1797,64,10,16,160,1637,203,invscaling_001,invscaling,invscaling,0.001,0.805742211362248,0.7911766394176282,2.2039437012563146,0.005103257004520856,27,0,PASS
digits,1797,64,10,16,160,1637,203,invscaling_003,invscaling,invscaling,0.003,0.8485033598045205,0.8393738552433548,1.9639978550995183,0.010467239997524302,64,0,PASS
digits,1797,64,10,16,160,1637,203,adaptive_0003,adaptive,adaptive,0.0003,0.9047037263286499,0.9027056154421491,1.1743805538437446,0.02323502500075847,160,0,PASS
digits,1797,64,10,16,160,1637,203,adaptive_001,adaptive,adaptive,0.001,0.9138668295662797,0.9126838531589314,0.8605738435787466,0.018245608000142965,118,0,PASS
digits,1797,64,10,16,160,1637,203,adaptive_003,adaptive,adaptive,0.003,0.918142944410507,0.917411623835813,0.6428741792219278,0.014383428999281023,91,0,PASS
digits,1797,64,10,16,160,1637,247,constant_0003,constant,constant,0.0003,0.9010384850335981,0.8994357857672901,1.1736710449746488,0.020604094002919737,140,0,PASS
digits,1797,64,10,16,160,1637,247,constant_001,constant,constant,0.001,0.9077580940745266,0.9066598360591829,0.8563114798778728,0.014815779999480583,95,0,PASS
digits,1797,64,10,16,160,1637,247,constant_003,constant,constant,0.003,0.9114233353695785,0.9104563863358413,0.6386986788085692,0.010650693999195937,66,0,PASS
digits,1797,64,10,16,160,1637,247,invscaling_0003,invscaling,invscaling,0.0003,0.8185705558949298,0.8057725513852528,2.284198600644414,0.003198521997546777,8,0,PASS
digits,1797,64,10,16,160,1637,247,invscaling_001,invscaling,invscaling,0.001,0.8118509468540013,0.7983681881175266,2.208023331011675,0.006860736000817269,26,0,PASS
digits,1797,64,10,16,160,1637,247,invscaling_003,invscaling,invscaling,0.003,0.8405620036652413,0.8325787254942172,1.969211935709421,0.00990344399906462,63,0,PASS
digits,1797,64,10,16,160,1637,247,adaptive_0003,adaptive,adaptive,0.0003,0.9016493585827734,0.9000585537808028,1.1698599367050169,0.023398074001306668,160,0,PASS
digits,1797,64,10,16,160,1637,247,adaptive_001,adaptive,adaptive,0.001,0.9077580940745266,0.9066598360591829,0.8510114170624052,0.0182476760019199,121,0,PASS
digits,1797,64,10,16,160,1637,247,adaptive_003,adaptive,adaptive,0.003,0.9120342089187539,0.9110329679517731,0.6331207559263519,0.014341569003590848,92,0,PASS
digits,1797,64,10,16,160,1637,314,constant_0003,constant,constant,0.0003,0.8814905314599878,0.8792049518752432,1.1863425538894041,0.02048916299827397,141,0,PASS
digits,1797,64,10,16,160,1637,314,constant_001,constant,constant,0.001,0.8924862553451436,0.8902979308938181,0.8907164854242438,0.014533599001879338,94,0,PASS
digits,1797,64,10,16,160,1637,314,constant_003,constant,constant,0.003,0.8943188759926696,0.892047150244467,0.6904357936592346,0.010238680995826144,63,0,PASS
digits,1797,64,10,16,160,1637,314,invscaling_0003,invscaling,invscaling,0.0003,0.8069639584605987,0.7963219860765018,2.2829201618736916,0.003307867002149578,9,0,PASS
digits,1797,64,10,16,160,1637,314,invscaling_001,invscaling,invscaling,0.001,0.8124618204031765,0.8014047461745959,2.1999947044600274,0.005270591005682945,28,0,PASS
digits,1797,64,10,16,160,1637,314,invscaling_003,invscaling,invscaling,0.003,0.8362858888210141,0.8298029440452714,1.9550372011207715,0.010658708997652866,65,0,PASS
digits,1797,64,10,16,160,1637,314,adaptive_0003,adaptive,adaptive,0.0003,0.8814905314599878,0.8792049518752432,1.1826972366258353,0.027169638000486884,161,0,PASS
digits,1797,64,10,16,160,1637,314,adaptive_001,adaptive,adaptive,0.001,0.8930971288943189,0.8908914888275705,0.8859116516919517,0.01870774800045183,119,0,PASS
digits,1797,64,10,16,160,1637,314,adaptive_003,adaptive,adaptive,0.003,0.8943188759926696,0.892047150244467,0.6851048248605138,0.018490050002583303,89,0,PASS
digits,1797,64,10,16,160,1637,415,constant_0003,constant,constant,0.0003,0.8949297495418448,0.8927870796729348,1.1715564552007718,0.022773386001063045,139,0,PASS
digits,1797,64,10,16,160,1637,415,constant_001,constant,constant,0.001,0.902871105681124,0.9013014691521113,0.8686088278162716,0.014996200996392872,93,0,PASS
digits,1797,64,10,16,160,1637,415,constant_003,constant,constant,0.003,0.9077580940745266,0.9064653158349442,0.6623203920779656,0.01082127500558272,63,0,PASS
digits,1797,64,10,16,160,1637,415,invscaling_0003,invscaling,invscaling,0.0003,0.8130726939523518,0.8011066217151509,2.2838712640760646,0.0033550019943504594,9,0,PASS
digits,1797,64,10,16,160,1637,415,invscaling_001,invscaling,invscaling,0.001,0.8191814294441051,0.8071564274661258,2.2059315095493988,0.005042928998591378,27,0,PASS
digits,1797,64,10,16,160,1637,415,invscaling_003,invscaling,invscaling,0.003,0.8472816127061699,0.839364776481713,1.9611074667266835,0.010197300005529542,63,0,PASS
digits,1797,64,10,16,160,1637,415,adaptive_0003,adaptive,adaptive,0.0003,0.8949297495418448,0.8927870796729348,1.1678585887549002,0.02347343799920054,159,0,PASS
digits,1797,64,10,16,160,1637,415,adaptive_001,adaptive,adaptive,0.001,0.902871105681124,0.9013014691521113,0.863687932570066,0.018362928996793926,118,0,PASS
digits,1797,64,10,16,160,1637,415,adaptive_003,adaptive,adaptive,0.003,0.9077580940745266,0.9064653158349442,0.6567340902762147,0.014317465997010004,89,0,PASS
digits,1797,64,10,16,160,1637,509,constant_0003,constant,constant,0.0003,0.8937080024434942,0.8910659388016835,1.1815637463239748,0.02341655799682485,138,0,PASS
digits,1797,64,10,16,160,1637,509,constant_001,constant,constant,0.001,0.9004276114844227,0.8986336330409944,0.8767036489448229,0.01497939600085374,93,0,PASS
digits,1797,64,10,16,160,1637,509,constant_003,constant,constant,0.003,0.9016493585827734,0.9006169152164535,0.6673275334357411,0.010768545005703345,66,0,PASS
digits,1797,64,10,16,160,1637,509,invscaling_0003,invscaling,invscaling,0.0003,0.792302993280391,0.7752236999927735,2.283117933449332,0.0032037589990068227,9,0,PASS
digits,1797,64,10,16,160,1637,509,invscaling_001,invscaling,invscaling,0.001,0.792302993280391,0.7780782186690475,2.2016048616266333,0.005400950001785532,29,0,PASS
digits,1797,64,10,16,160,1637,509,invscaling_003,invscaling,invscaling,0.003,0.8289554062309102,0.8220049447885854,1.9600940746168325,0.01097982899955241,65,0,PASS
digits,1797,64,10,16,160,1637,509,adaptive_0003,adaptive,adaptive,0.0003,0.8937080024434942,0.8910659388016835,1.177858881126386,0.024041352997301146,158,0,PASS
digits,1797,64,10,16,160,1637,509,adaptive_001,adaptive,adaptive,0.001,0.9010384850335981,0.8992369809379447,0.8715562455648301,0.018181721003202256,119,0,PASS
digits,1797,64,10,16,160,1637,509,adaptive_003,adaptive,adaptive,0.003,0.9016493585827734,0.9006967462964834,0.6618303125058749,0.014015084998391103,92,0,PASS
digits,1797,64,10,32,320,1477,14,constant_0003,constant,constant,0.0003,0.922816519972918,0.9222265423337006,0.9659624416294614,0.032092499001009855,110,0,PASS
digits,1797,64,10,32,320,1477,14,constant_001,constant,constant,0.001,0.9316181448882871,0.9311312161160012,0.6861015582384927,0.021127826999872923,74,0,PASS
digits,1797,64,10,32,320,1477,14,constant_003,constant,constant,0.003,0.9343263371699391,0.933869424751802,0.5019764635693399,0.015398390001791995,54,0,PASS
digits,1797,64,10,32,320,1477,14,invscaling_0003,invscaling,invscaling,0.0003,0.8524035206499662,0.844311834371933,2.2720662960488127,0.0048636779974913225,11,0,PASS
digits,1797,64,10,32,320,1477,14,invscaling_001,invscaling,invscaling,0.001,0.8612051455653351,0.8539144085637682,2.143040090208056,0.012667167997278739,38,0,PASS
digits,1797,64,10,32,320,1477,14,invscaling_003,invscaling,invscaling,0.003,0.8815165876777251,0.8773550465881772,1.8477827178582236,0.02264887600176735,76,0,PASS
digits,1797,64,10,32,320,1477,14,adaptive_0003,adaptive,adaptive,0.0003,0.922816519972918,0.9222265423337006,0.9611957591873574,0.037848674997803755,130,0,PASS
digits,1797,64,10,32,320,1477,14,adaptive_001,adaptive,adaptive,0.001,0.9316181448882871,0.9311789263170628,0.6802858700120651,0.028587784996489063,100,0,PASS
digits,1797,64,10,32,320,1477,14,adaptive_003,adaptive,adaptive,0.003,0.933649289099526,0.9331869140857675,0.4960635392067219,0.02200597400224069,80,0,PASS
digits,1797,64,10,32,320,1477,52,constant_0003,constant,constant,0.0003,0.926201760324983,0.9254025239146493,0.9742183805171037,0.032046571002865676,110,0,PASS
digits,1797,64,10,32,320,1477,52,constant_001,constant,constant,0.001,0.9316181448882871,0.9306319749384052,0.699101032995173,0.024824380001518875,71,0,PASS
digits,1797,64,10,32,320,1477,52,constant_003,constant,constant,0.003,0.9316181448882871,0.9306607985630873,0.5174238142133123,0.015568583003187086,51,0,PASS
digits,1797,64,10,32,320,1477,52,invscaling_0003,invscaling,invscaling,0.0003,0.8111035883547731,0.7920971988012531,2.2732559514686033,0.004861376000917517,11,0,PASS
digits,1797,64,10,32,320,1477,52,invscaling_001,invscaling,invscaling,0.001,0.8246445497630331,0.8087989127592227,2.148650119535797,0.010702903993660584,37,0,PASS
digits,1797,64,10,32,320,1477,52,invscaling_003,invscaling,invscaling,0.003,0.8693297224102912,0.8626737195575643,1.8549546155686552,0.02150499200070044,75,0,PASS
digits,1797,64,10,32,320,1477,52,adaptive_0003,adaptive,adaptive,0.0003,0.926878808395396,0.9260757897597856,0.9694755709843436,0.037451740994583815,130,0,PASS
digits,1797,64,10,32,320,1477,52,adaptive_001,adaptive,adaptive,0.001,0.9316181448882871,0.9306319749384052,0.6932054720999522,0.028474339000240434,97,0,PASS
digits,1797,64,10,32,320,1477,52,adaptive_003,adaptive,adaptive,0.003,0.9316181448882871,0.9306466254047727,0.5115624413392421,0.021744179997767787,77,0,PASS
digits,1797,64,10,32,320,1477,88,constant_0003,constant,constant,0.0003,0.9207853757616791,0.9202919252624566,0.9754313450160742,0.038637626996205654,110,0,PASS
digits,1797,64,10,32,320,1477,88,constant_001,constant,constant,0.001,0.922816519972918,0.922508467374137,0.6944611257874622,0.02164131099561928,71,0,PASS
digits,1797,64,10,32,320,1477,88,constant_003,constant,constant,0.003,0.923493568043331,0.92317054402636,0.5100684425849513,0.015063518003444187,50,0,PASS
digits,1797,64,10,32,320,1477,88,invscaling_0003,invscaling,invscaling,0.0003,0.8131347325660122,0.799033536074802,2.272928501305431,0.005281471996568143,11,0,PASS
digits,1797,64,10,32,320,1477,88,invscaling_001,invscaling,invscaling,0.001,0.8259986459038592,0.8143673678606522,2.149137239744902,0.010930693002592307,36,0,PASS
digits,1797,64,10,32,320,1477,88,invscaling_003,invscaling,invscaling,0.003,0.8652674339878131,0.8598865638629982,1.858898246961938,0.021594327001366764,73,0,PASS
digits,1797,64,10,32,320,1477,88,adaptive_0003,adaptive,adaptive,0.0003,0.9214624238320921,0.9210169400466082,0.9706226767523073,0.03765851200296311,130,0,PASS
digits,1797,64,10,32,320,1477,88,adaptive_001,adaptive,adaptive,0.001,0.922816519972918,0.9225627057652833,0.6885380802580179,0.028659183997660875,96,0,PASS
digits,1797,64,10,32,320,1477,88,adaptive_003,adaptive,adaptive,0.003,0.923493568043331,0.92317054402636,0.5041529056407283,0.022039824005332775,76,0,PASS
digits,1797,64,10,32,320,1477,121,constant_0003,constant,constant,0.0003,0.9356804333107651,0.9350578707649999,0.9686721582808477,0.03177720399980899,109,0,PASS
digits,1797,64,10,32,320,1477,121,constant_001,constant,constant,0.001,0.9417738659444821,0.9414040469799778,0.6833982952111672,0.025127534005150665,71,0,PASS
digits,1797,64,10,32,320,1477,121,constant_003,constant,constant,0.003,0.947190250507786,0.9468914364374156,0.49562899413478806,0.015040244994452223,49,0,PASS
digits,1797,64,10,32,320,1477,121,invscaling_0003,invscaling,invscaling,0.0003,0.8341232227488151,0.8191965170927782,2.2732833616376427,0.005239065998466685,11,0,PASS
digits,1797,64,10,32,320,1477,121,invscaling_001,invscaling,invscaling,0.001,0.8429248476641842,0.8289903106391838,2.1490035116174235,0.0105801000026986,35,0,PASS
digits,1797,64,10,32,320,1477,121,invscaling_003,invscaling,invscaling,0.003,0.8801624915368991,0.874870368675937,1.8574503014407606,0.02131079100217903,74,0,PASS
digits,1797,64,10,32,320,1477,121,adaptive_0003,adaptive,adaptive,0.0003,0.9356804333107651,0.9350578707649999,0.9638215423540973,0.03762353799538687,129,0,PASS
digits,1797,64,10,32,320,1477,121,adaptive_001,adaptive,adaptive,0.001,0.9417738659444821,0.9414040469799778,0.67747343198215,0.028466226998716593,96,0,PASS
digits,1797,64,10,32,320,1477,121,adaptive_003,adaptive,adaptive,0.003,0.947190250507786,0.9468627424427787,0.4894308602274576,0.021982241996738594,75,0,PASS
digits,1797,64,10,32,320,1477,169,constant_0003,constant,constant,0.0003,0.9126607989167231,0.9114936641015424,0.9672227902690819,0.031797245996131096,109,0,PASS
digits,1797,64,10,32,320,1477,169,constant_001,constant,constant,0.001,0.9214624238320921,0.9205403773702561,0.6882157302539068,0.02165617100399686,72,0,PASS
digits,1797,64,10,32,320,1477,169,constant_003,constant,constant,0.003,0.9255247122545701,0.925038087123696,0.5011213303657269,0.015518172993324697,51,0,PASS
digits,1797,64,10,32,320,1477,169,invscaling_0003,invscaling,invscaling,0.0003,0.8429248476641842,0.8314548646729948,2.2722715621580316,0.006533517000207212,11,0,PASS
digits,1797,64,10,32,320,1477,169,invscaling_001,invscaling,invscaling,0.001,0.8490182802979012,0.8400147858738742,2.1439939944677757,0.011024505001842044,36,0,PASS
digits,1797,64,10,32,320,1477,169,invscaling_003,invscaling,invscaling,0.003,0.8727149627623562,0.8681815780685769,1.8482660486694287,0.02238041999953566,74,0,PASS
digits,1797,64,10,32,320,1477,169,adaptive_0003,adaptive,adaptive,0.0003,0.9126607989167231,0.9114936641015424,0.9624328478915927,0.03794028400443494,129,0,PASS
digits,1797,64,10,32,320,1477,169,adaptive_001,adaptive,adaptive,0.001,0.9214624238320921,0.9205403773702561,0.6823782312091288,0.028533222000987735,97,0,PASS
digits,1797,64,10,32,320,1477,169,adaptive_003,adaptive,adaptive,0.003,0.9248476641841571,0.924383229696826,0.49513024457757315,0.021972848997393157,77,0,PASS
digits,1797,64,10,32,320,1477,203,constant_0003,constant,constant,0.0003,0.926201760324983,0.9256931966929773,0.9646363219062338,0.0321989259973634,109,0,PASS
digits,1797,64,10,32,320,1477,203,constant_001,constant,constant,0.001,0.9322951929587001,0.9319447897234964,0.6917496336815377,0.021752485998149496,71,0,PASS
digits,1797,64,10,32,320,1477,203,constant_003,constant,constant,0.003,0.932972241029113,0.9327108426784101,0.5134145929325448,0.01490390500111971,49,0,PASS
digits,1797,64,10,32,320,1477,203,invscaling_0003,invscaling,invscaling,0.0003,0.8043331076506431,0.7896541723341113,2.2725163858009725,0.00493718000507215,12,0,PASS
digits,1797,64,10,32,320,1477,203,invscaling_001,invscaling,invscaling,0.001,0.8246445497630331,0.813466334319426,2.14729394813759,0.010866652999538928,38,0,PASS
digits,1797,64,10,32,320,1477,203,invscaling_003,invscaling,invscaling,0.003,0.8672985781990521,0.8619551244146495,1.8518223086873782,0.02155039200442843,73,0,PASS
digits,1797,64,10,32,320,1477,203,adaptive_0003,adaptive,adaptive,0.0003,0.9275558564658091,0.9270374408150943,0.9599171732655913,0.04160710699943593,129,0,PASS
digits,1797,64,10,32,320,1477,203,adaptive_001,adaptive,adaptive,0.001,0.9322951929587001,0.9319386035768138,0.6860292750719437,0.028499272993940394,96,0,PASS
digits,1797,64,10,32,320,1477,203,adaptive_003,adaptive,adaptive,0.003,0.932972241029113,0.9327108426784101,0.5076552096787811,0.021907437992922496,75,0,PASS
digits,1797,64,10,32,320,1477,247,constant_0003,constant,constant,0.0003,0.9309410968178741,0.9303467408116152,0.9688765522439761,0.03228068099997472,109,0,PASS
digits,1797,64,10,32,320,1477,247,constant_001,constant,constant,0.001,0.9343263371699391,0.933788170676153,0.6886198690261311,0.024369172999286093,71,0,PASS
digits,1797,64,10,32,320,1477,247,constant_003,constant,constant,0.003,0.942450914014895,0.9419420635886393,0.5017830177863141,0.014775497998925857,51,0,PASS
digits,1797,64,10,32,320,1477,247,invscaling_0003,invscaling,invscaling,0.0003,0.8449559918754231,0.8357624545476613,2.273633251284514,0.004794249005499296,11,0,PASS
digits,1797,64,10,32,320,1477,247,invscaling_001,invscaling,invscaling,0.001,0.8625592417061612,0.8549231768914474,2.150778737935651,0.010517663999053184,35,0,PASS
digits,1797,64,10,32,320,1477,247,invscaling_003,invscaling,invscaling,0.003,0.8957345971563981,0.8931373208205517,1.8556728740594937,0.021737953000410926,74,0,PASS
digits,1797,64,10,32,320,1477,247,adaptive_0003,adaptive,adaptive,0.0003,0.9309410968178741,0.9303467408116152,0.9640692813067665,0.037635193002643064,129,0,PASS
digits,1797,64,10,32,320,1477,247,adaptive_001,adaptive,adaptive,0.001,0.9350033852403521,0.9344865805380843,0.6826279842063205,0.028574255004059523,97,0,PASS
digits,1797,64,10,32,320,1477,247,adaptive_003,adaptive,adaptive,0.003,0.942450914014895,0.9419420635886393,0.4957941529014844,0.022708069998770952,77,0,PASS
digits,1797,64,10,32,320,1477,314,constant_0003,constant,constant,0.0003,0.933649289099526,0.9331861261564584,0.9692002385989895,0.03169566900032805,109,0,PASS
digits,1797,64,10,32,320,1477,314,constant_001,constant,constant,0.001,0.9417738659444821,0.9414421196744349,0.6897681941882272,0.021189852996030822,71,0,PASS
digits,1797,64,10,32,320,1477,314,constant_003,constant,constant,0.003,0.943805010155721,0.9435917213434596,0.5065621401678733,0.015229102005832829,49,0,PASS
digits,1797,64,10,32,320,1477,314,invscaling_0003,invscaling,invscaling,0.0003,0.8165199729180772,0.8035495070670953,2.2725159228482013,0.00479385899961926,11,0,PASS
digits,1797,64,10,32,320,1477,314,invscaling_001,invscaling,invscaling,0.001,0.8327691266079892,0.8212381821500891,2.1461391726404258,0.01060896099806996,37,0,PASS
digits,1797,64,10,32,320,1477,314,invscaling_003,invscaling,invscaling,0.003,0.8679756262694651,0.8625105790927359,1.8510547006174558,0.02153453499340685,73,0,PASS
digits,1797,64,10,32,320,1477,314,adaptive_0003,adaptive,adaptive,0.0003,0.933649289099526,0.9331861261564584,0.9644118218862391,0.037613034997775685,129,0,PASS
digits,1797,64,10,32,320,1477,314,adaptive_001,adaptive,adaptive,0.001,0.9417738659444821,0.9414421196744349,0.6838501347896118,0.028302714999881573,96,0,PASS
digits,1797,64,10,32,320,1477,314,adaptive_003,adaptive,adaptive,0.003,0.943805010155721,0.9435917213434596,0.5006031088397542,0.02195563499844866,75,0,PASS
digits,1797,64,10,32,320,1477,415,constant_0003,constant,constant,0.0003,0.9146919431279621,0.9135655699186372,0.9744675833238055,0.034104388003470376,110,0,PASS
digits,1797,64,10,32,320,1477,415,constant_001,constant,constant,0.001,0.9248476641841571,0.924160551501618,0.6987688280787059,0.02115103799587814,73,0,PASS
digits,1797,64,10,32,320,1477,415,constant_003,constant,constant,0.003,0.9282329045362221,0.9275232411002117,0.514685086828866,0.014762136997887865,51,0,PASS
digits,1797,64,10,32,320,1477,415,invscaling_0003,invscaling,invscaling,0.0003,0.8408937034529451,0.831082061009129,2.272395115219364,0.004976274001819547,12,0,PASS
digits,1797,64,10,32,320,1477,415,invscaling_001,invscaling,invscaling,0.001,0.8490182802979012,0.8408958418708192,2.145061953294571,0.011262382999120746,38,0,PASS
digits,1797,64,10,32,320,1477,415,invscaling_003,invscaling,invscaling,0.003,0.8788083953960731,0.8748125313172229,1.8506016311783084,0.026603220001561567,74,0,PASS
digits,1797,64,10,32,320,1477,415,adaptive_0003,adaptive,adaptive,0.0003,0.9153689911983751,0.9142317393626772,0.9697041855204862,0.03819281100004446,130,0,PASS
digits,1797,64,10,32,320,1477,415,adaptive_001,adaptive,adaptive,0.001,0.9248476641841571,0.924160551501618,0.6929592614531722,0.028473402999225073,98,0,PASS
digits,1797,64,10,32,320,1477,415,adaptive_003,adaptive,adaptive,0.003,0.9275558564658091,0.9268720445977386,0.5086368053954503,0.021911925003223587,77,0,PASS
digits,1797,64,10,32,320,1477,509,constant_0003,constant,constant,0.0003,0.920108327691266,0.9187188055999365,0.9702491450719871,0.03175480700156186,108,0,PASS
digits,1797,64,10,32,320,1477,509,constant_001,constant,constant,0.001,0.9255247122545701,0.9244578417989324,0.6941345289486955,0.02163053899857914,70,0,PASS
digits,1797,64,10,32,320,1477,509,constant_003,constant,constant,0.003,0.9309410968178741,0.9301824575252912,0.511293148827717,0.014892316001350991,51,0,PASS
digits,1797,64,10,32,320,1477,509,invscaling_0003,invscaling,invscaling,0.0003,0.8361543669600542,0.8202345240740094,2.272384820464134,0.005015196999011096,11,0,PASS
digits,1797,64,10,32,320,1477,509,invscaling_001,invscaling,invscaling,0.001,0.8436018957345972,0.8300938778954695,2.1463069072524203,0.01091848000214668,36,0,PASS
digits,1797,64,10,32,320,1477,509,invscaling_003,invscaling,invscaling,0.003,0.8754231550440081,0.8693829936157366,1.851813547347901,0.021531774997129105,73,0,PASS
digits,1797,64,10,32,320,1477,509,adaptive_0003,adaptive,adaptive,0.0003,0.920108327691266,0.9187188055999365,0.9654989327309217,0.037725939000665676,128,0,PASS
digits,1797,64,10,32,320,1477,509,adaptive_001,adaptive,adaptive,0.001,0.9255247122545701,0.9244430259002053,0.6882324577984655,0.028266927001823206,96,0,PASS
digits,1797,64,10,32,320,1477,509,adaptive_003,adaptive,adaptive,0.003,0.9316181448882871,0.9309343681778588,0.5054807571902173,0.022153700003400445,77,0,PASS
