dataset,train_per_class,train_rows,test_rows,seed,schedule,schedule_family,learning_rate,eta0,power_t,n_iter,t_,final_learning_rate,final_learning_rate_note,test_log_loss,test_macro_f1,convergence_warning_count,max_iter,tol,alpha,class_weight
wine,4,12,166,14,constant_0003,constant,constant,0.0003,0.5,172,2065.0,0.0003,constant eta0,0.754753099591811,0.8788399872623729,0,1000,0.001,0.0001,balanced
wine,4,12,166,52,constant_0003,constant,constant,0.0003,0.5,185,2221.0,0.0003,constant eta0,0.7491542988180995,0.8805191329943804,0,1000,0.001,0.0001,balanced
wine,4,12,166,88,constant_0003,constant,constant,0.0003,0.5,190,2281.0,0.0003,constant eta0,0.7778221690053972,0.8732376386064393,0,1000,0.001,0.0001,balanced
wine,4,12,166,121,constant_0003,constant,constant,0.0003,0.5,177,2125.0,0.0003,constant eta0,0.763252690224957,0.8631531531531532,0,1000,0.001,0.0001,balanced
wine,4,12,166,169,constant_0003,constant,constant,0.0003,0.5,183,2197.0,0.0003,constant eta0,0.7522628832089202,0.8868856759823035,0,1000,0.001,0.0001,balanced
wine,4,12,166,203,constant_0003,constant,constant,0.0003,0.5,176,2113.0,0.0003,constant eta0,0.744032541600104,0.9244844901668895,0,1000,0.001,0.0001,balanced
wine,4,12,166,247,constant_0003,constant,constant,0.0003,0.5,174,2089.0,0.0003,constant eta0,0.7514029129303529,0.8734355948629241,0,1000,0.001,0.0001,balanced
wine,4,12,166,314,constant_0003,constant,constant,0.0003,0.5,184,2209.0,0.0003,constant eta0,0.7829601123206497,0.9036430380197245,0,1000,0.001,0.0001,balanced
wine,4,12,166,415,constant_0003,constant,constant,0.0003,0.5,174,2089.0,0.0003,constant eta0,0.7433610722406937,0.9223845450045746,0,1000,0.001,0.0001,balanced
wine,4,12,166,509,constant_0003,constant,constant,0.0003,0.5,177,2125.0,0.0003,constant eta0,0.7246786597511098,0.9056357929749534,0,1000,0.001,0.0001,balanced
wine,4,12,166,14,constant_001,constant,constant,0.001,0.5,162,1945.0,0.001,constant eta0,0.5379676476383802,0.9154015992361857,0,1000,0.001,0.0001,balanced
wine,4,12,166,52,constant_001,constant,constant,0.001,0.5,166,1993.0,0.001,constant eta0,0.5455763975185234,0.8926378539493293,0,1000,0.001,0.0001,balanced
wine,4,12,166,88,constant_001,constant,constant,0.001,0.5,157,1885.0,0.001,constant eta0,0.5758788682982099,0.8918256502633805,0,1000,0.001,0.0001,balanced
wine,4,12,166,121,constant_001,constant,constant,0.001,0.5,156,1873.0,0.001,constant eta0,0.5656804408332059,0.8699624060150377,0,1000,0.001,0.0001,balanced
wine,4,12,166,169,constant_001,constant,constant,0.001,0.5,161,1933.0,0.001,constant eta0,0.5694138782222322,0.8927174851454979,0,1000,0.001,0.0001,balanced
wine,4,12,166,203,constant_001,constant,constant,0.001,0.5,163,1957.0,0.001,constant eta0,0.5055280386610501,0.958942379166167,0,1000,0.001,0.0001,balanced
wine,4,12,166,247,constant_001,constant,constant,0.001,0.5,155,1861.0,0.001,constant eta0,0.5739405437521495,0.8647408504445576,0,1000,0.001,0.0001,balanced
wine,4,12,166,314,constant_001,constant,constant,0.001,0.5,151,1813.0,0.001,constant eta0,0.5346539607514527,0.9095093178151875,0,1000,0.001,0.0001,balanced
wine,4,12,166,415,constant_001,constant,constant,0.001,0.5,157,1885.0,0.001,constant eta0,0.5259229147882077,0.9350271756332691,0,1000,0.001,0.0001,balanced
wine,4,12,166,509,constant_001,constant,constant,0.001,0.5,165,1981.0,0.001,constant eta0,0.5150406010634344,0.9171552203374551,0,1000,0.001,0.0001,balanced
wine,4,12,166,14,constant_003,constant,constant,0.003,0.5,117,1405.0,0.003,constant eta0,0.41022126155098393,0.9215635863393965,0,1000,0.001,0.0001,balanced
wine,4,12,166,52,constant_003,constant,constant,0.003,0.5,112,1345.0,0.003,constant eta0,0.4319066708175237,0.8987106840765376,0,1000,0.001,0.0001,balanced
wine,4,12,166,88,constant_003,constant,constant,0.003,0.5,115,1381.0,0.003,constant eta0,0.4549066114367398,0.9039980904642558,0,1000,0.001,0.0001,balanced
wine,4,12,166,121,constant_003,constant,constant,0.003,0.5,117,1405.0,0.003,constant eta0,0.4561267991406507,0.8571669071669071,0,1000,0.001,0.0001,balanced
wine,4,12,166,169,constant_003,constant,constant,0.003,0.5,113,1357.0,0.003,constant eta0,0.4693253585406906,0.9047892720306513,0,1000,0.001,0.0001,balanced
wine,4,12,166,203,constant_003,constant,constant,0.003,0.5,122,1465.0,0.003,constant eta0,0.3661567555189838,0.9716388785743647,0,1000,0.001,0.0001,balanced
wine,4,12,166,247,constant_003,constant,constant,0.003,0.5,113,1357.0,0.003,constant eta0,0.48402007032998823,0.8714797747055812,0,1000,0.001,0.0001,balanced
wine,4,12,166,314,constant_003,constant,constant,0.003,0.5,134,1609.0,0.003,constant eta0,0.3866102523855188,0.9212507203495203,0,1000,0.001,0.0001,balanced
wine,4,12,166,415,constant_003,constant,constant,0.003,0.5,117,1405.0,0.003,constant eta0,0.3936583817688325,0.9413841466363593,0,1000,0.001,0.0001,balanced
wine,4,12,166,509,constant_003,constant,constant,0.003,0.5,115,1381.0,0.003,constant eta0,0.39663374221454684,0.9171552203374551,0,1000,0.001,0.0001,balanced
wine,4,12,166,14,invscaling_0003,invscaling,invscaling,0.0003,0.5,7,85.0,3.253956867279842e-05,"eta0 / (clf.t_ ** power_t), using sklearn update counter t_",1.093876744922469,0.8602532524946319,0,1000,0.001,0.0001,balanced
wine,4,12,166,52,invscaling_0003,invscaling,invscaling,0.0003,0.5,7,85.0,3.253956867279842e-05,"eta0 / (clf.t_ ** power_t), using sklearn update counter t_",1.0941572055757074,0.8621698621698622,0,1000,0.001,0.0001,balanced
wine,4,12,166,88,invscaling_0003,invscaling,invscaling,0.0003,0.5,7,85.0,3.253956867279842e-05,"eta0 / (clf.t_ ** power_t), using sklearn update counter t_",1.0944171195795933,0.8425638371290546,0,1000,0.001,0.0001,balanced
wine,4,12,166,121,invscaling_0003,invscaling,invscaling,0.0003,0.5,7,85.0,3.253956867279842e-05,"eta0 / (clf.t_ ** power_t), using sklearn update counter t_",1.0937741751082661,0.8502915232320322,0,1000,0.001,0.0001,balanced
wine,4,12,166,169,invscaling_0003,invscaling,invscaling,0.0003,0.5,7,85.0,3.253956867279842e-05,"eta0 / (clf.t_ ** power_t), using sklearn update counter t_",1.0938917914656228,0.8810428057326537,0,1000,0.001,0.0001,balanced
wine,4,12,166,203,invscaling_0003,invscaling,invscaling,0.0003,0.5,7,85.0,3.253956867279842e-05,"eta0 / (clf.t_ ** power_t), using sklearn update counter t_",1.0935634233514029,0.9075226210179156,0,1000,0.001,0.0001,balanced
wine,4,12,166,247,invscaling_0003,invscaling,invscaling,0.0003,0.5,7,85.0,3.253956867279842e-05,"eta0 / (clf.t_ ** power_t), using sklearn update counter t_",1.0934110849723104,0.8796961973956154,0,1000,0.001,0.0001,balanced
wine,4,12,166,314,invscaling_0003,invscaling,invscaling,0.0003,0.5,7,85.0,3.253956867279842e-05,"eta0 / (clf.t_ ** power_t), using sklearn update counter t_",1.0936847831561587,0.8862040809081307,0,1000,0.001,0.0001,balanced
wine,4,12,166,415,invscaling_0003,invscaling,invscaling,0.0003,0.5,7,85.0,3.253956867279842e-05,"eta0 / (clf.t_ ** power_t), using sklearn update counter t_",1.0937761773680852,0.9229677121359906,0,1000,0.001,0.0001,balanced
wine,4,12,166,509,invscaling_0003,invscaling,invscaling,0.0003,0.5,7,85.0,3.253956867279842e-05,"eta0 / (clf.t_ ** power_t), using sklearn update counter t_",1.09337245089106,0.905353126405758,0,1000,0.001,0.0001,balanced
wine,4,12,166,14,invscaling_001,invscaling,invscaling,0.001,0.5,16,193.0,7.198157507486945e-05,"eta0 / (clf.t_ ** power_t), using sklearn update counter t_",1.075971890310619,0.8664811909906177,0,1000,0.001,0.0001,balanced
wine,4,12,166,52,invscaling_001,invscaling,invscaling,0.001,0.5,16,193.0,7.198157507486945e-05,"eta0 / (clf.t_ ** power_t), using sklearn update counter t_",1.0772964571408599,0.8676424150562081,0,1000,0.001,0.0001,balanced
wine,4,12,166,88,invscaling_001,invscaling,invscaling,0.001,0.5,17,205.0,6.984302957695781e-05,"eta0 / (clf.t_ ** power_t), using sklearn update counter t_",1.0784201096090194,0.8425638371290546,0,1000,0.001,0.0001,balanced
wine,4,12,166,121,invscaling_001,invscaling,invscaling,0.001,0.5,15,181.0,7.432941462471664e-05,"eta0 / (clf.t_ ** power_t), using sklearn update counter t_",1.0756657282787319,0.8502915232320322,0,1000,0.001,0.0001,balanced
wine,4,12,166,169,invscaling_001,invscaling,invscaling,0.001,0.5,21,253.0,6.286946134619315e-05,"eta0 / (clf.t_ ** power_t), using sklearn update counter t_",1.0737554978489443,0.8622209117565154,0,1000,0.001,0.0001,balanced
wine,4,12,166,203,invscaling_001,invscaling,invscaling,0.001,0.5,19,229.0,6.608186004550898e-05,"eta0 / (clf.t_ ** power_t), using sklearn update counter t_",1.0734452568211788,0.8951243628120374,0,1000,0.001,0.0001,balanced
wine,4,12,166,247,invscaling_001,invscaling,invscaling,0.001,0.5,20,241.0,6.441566264008309e-05,"eta0 / (clf.t_ ** power_t), using sklearn update counter t_",1.0718698314851298,0.8682429702804266,0,1000,0.001,0.0001,balanced
wine,4,12,166,314,invscaling_001,invscaling,invscaling,0.001,0.5,19,229.0,6.608186004550898e-05,"eta0 / (clf.t_ ** power_t), using sklearn update counter t_",1.0748031277505694,0.8862040809081307,0,1000,0.001,0.0001,balanced
wine,4,12,166,415,invscaling_001,invscaling,invscaling,0.001,0.5,17,205.0,6.984302957695781e-05,"eta0 / (clf.t_ ** power_t), using sklearn update counter t_",1.0748331147317711,0.9044256120527306,0,1000,0.001,0.0001,balanced
wine,4,12,166,509,invscaling_001,invscaling,invscaling,0.001,0.5,17,205.0,6.984302957695781e-05,"eta0 / (clf.t_ ** power_t), using sklearn update counter t_",1.0730412855803255,0.8925836816803093,0,1000,0.001,0.0001,balanced
wine,4,12,166,14,invscaling_003,invscaling,invscaling,0.003,0.5,57,685.0,0.00011462410798513051,"eta0 / (clf.t_ ** power_t), using sklearn update counter t_",0.9819015096294478,0.8664811909906177,0,1000,0.001,0.0001,balanced
wine,4,12,166,52,invscaling_003,invscaling,invscaling,0.003,0.5,59,709.0,0.00011266736492830196,"eta0 / (clf.t_ ** power_t), using sklearn update counter t_",0.9859534977895467,0.8730991209636842,0,1000,0.001,0.0001,balanced
wine,4,12,166,88,invscaling_003,invscaling,invscaling,0.003,0.5,63,757.0,0.0001090368546277221,"eta0 / (clf.t_ ** power_t), using sklearn update counter t_",0.9929156815873581,0.8479681652095445,0,1000,0.001,0.0001,balanced
wine,4,12,166,121,invscaling_003,invscaling,invscaling,0.003,0.5,55,661.0,0.0001166864762376621,"eta0 / (clf.t_ ** power_t), using sklearn update counter t_",0.9812086195355912,0.8502915232320322,0,1000,0.001,0.0001,balanced
wine,4,12,166,169,invscaling_003,invscaling,invscaling,0.003,0.5,70,841.0,0.00010344827586206896,"eta0 / (clf.t_ ** power_t), using sklearn update counter t_",0.9744387250567125,0.8746168251052614,0,1000,0.001,0.0001,balanced
wine,4,12,166,203,invscaling_003,invscaling,invscaling,0.003,0.5,64,769.0,0.00010818276689619283,"eta0 / (clf.t_ ** power_t), using sklearn update counter t_",0.9734745432715863,0.900858919367645,0,1000,0.001,0.0001,balanced
wine,4,12,166,247,invscaling_003,invscaling,invscaling,0.003,0.5,67,805.0,0.0001057361065275362,"eta0 / (clf.t_ ** power_t), using sklearn update counter t_",0.9671731593620237,0.8682429702804266,0,1000,0.001,0.0001,balanced
wine,4,12,166,314,invscaling_003,invscaling,invscaling,0.003,0.5,67,805.0,0.0001057361065275362,"eta0 / (clf.t_ ** power_t), using sklearn update counter t_",0.9837846701644205,0.8862040809081307,0,1000,0.001,0.0001,balanced
wine,4,12,166,415,invscaling_003,invscaling,invscaling,0.003,0.5,60,721.0,0.0001117258384085788,"eta0 / (clf.t_ ** power_t), using sklearn update counter t_",0.9755644093613215,0.9044256120527306,0,1000,0.001,0.0001,balanced
wine,4,12,166,509,invscaling_003,invscaling,invscaling,0.003,0.5,60,721.0,0.0001117258384085788,"eta0 / (clf.t_ ** power_t), using sklearn update counter t_",0.9678109316782202,0.8871152442491393,0,1000,0.001,0.0001,balanced
wine,4,12,166,14,adaptive_0003,adaptive,adaptive,0.0003,0.5,192,2305.0,0.0003,eta0 nominal terminal value recorded; sklearn adaptive schedule divides by 5 after n_iter_no_change without sufficient improvement,0.7533006113225904,0.8788399872623729,0,1000,0.001,0.0001,balanced
wine,4,12,166,52,adaptive_0003,adaptive,adaptive,0.0003,0.5,205,2461.0,0.0003,eta0 nominal terminal value recorded; sklearn adaptive schedule divides by 5 after n_iter_no_change without sufficient improvement,0.7477947325523716,0.8805191329943804,0,1000,0.001,0.0001,balanced
wine,4,12,166,88,adaptive_0003,adaptive,adaptive,0.0003,0.5,210,2521.0,0.0003,eta0 nominal terminal value recorded; sklearn adaptive schedule divides by 5 after n_iter_no_change without sufficient improvement,0.7764848191678579,0.8732376386064393,0,1000,0.001,0.0001,balanced
wine,4,12,166,121,adaptive_0003,adaptive,adaptive,0.0003,0.5,197,2365.0,0.0003,eta0 nominal terminal value recorded; sklearn adaptive schedule divides by 5 after n_iter_no_change without sufficient improvement,0.7618776428054942,0.8631531531531532,0,1000,0.001,0.0001,balanced
wine,4,12,166,169,adaptive_0003,adaptive,adaptive,0.0003,0.5,203,2437.0,0.0003,eta0 nominal terminal value recorded; sklearn adaptive schedule divides by 5 after n_iter_no_change without sufficient improvement,0.7509754900911404,0.8868856759823035,0,1000,0.001,0.0001,balanced
wine,4,12,166,203,adaptive_0003,adaptive,adaptive,0.0003,0.5,196,2353.0,0.0003,eta0 nominal terminal value recorded; sklearn adaptive schedule divides by 5 after n_iter_no_change without sufficient improvement,0.7424154030967667,0.9244844901668895,0,1000,0.001,0.0001,balanced
wine,4,12,166,247,adaptive_0003,adaptive,adaptive,0.0003,0.5,194,2329.0,0.0003,eta0 nominal terminal value recorded; sklearn adaptive schedule divides by 5 after n_iter_no_change without sufficient improvement,0.7500846828989463,0.8734355948629241,0,1000,0.001,0.0001,balanced
wine,4,12,166,314,adaptive_0003,adaptive,adaptive,0.0003,0.5,204,2449.0,0.0003,eta0 nominal terminal value recorded; sklearn adaptive schedule divides by 5 after n_iter_no_change without sufficient improvement,0.7813086519254145,0.9036430380197245,0,1000,0.001,0.0001,balanced
wine,4,12,166,415,adaptive_0003,adaptive,adaptive,0.0003,0.5,194,2329.0,0.0003,eta0 nominal terminal value recorded; sklearn adaptive schedule divides by 5 after n_iter_no_change without sufficient improvement,0.7418647474966906,0.9223845450045746,0,1000,0.001,0.0001,balanced
wine,4,12,166,509,adaptive_0003,adaptive,adaptive,0.0003,0.5,197,2365.0,0.0003,eta0 nominal terminal value recorded; sklearn adaptive schedule divides by 5 after n_iter_no_change without sufficient improvement,0.7232137047875569,0.9056357929749534,0,1000,0.001,0.0001,balanced
wine,4,12,166,14,adaptive_001,adaptive,adaptive,0.001,0.5,187,2245.0,0.001,eta0 nominal terminal value recorded; sklearn adaptive schedule divides by 5 after n_iter_no_change without sufficient improvement,0.5364309302083228,0.9154015992361857,0,1000,0.001,0.0001,balanced
wine,4,12,166,52,adaptive_001,adaptive,adaptive,0.001,0.5,191,2293.0,0.001,eta0 nominal terminal value recorded; sklearn adaptive schedule divides by 5 after n_iter_no_change without sufficient improvement,0.5441353989702913,0.8926378539493293,0,1000,0.001,0.0001,balanced
wine,4,12,166,88,adaptive_001,adaptive,adaptive,0.001,0.5,182,2185.0,0.001,eta0 nominal terminal value recorded; sklearn adaptive schedule divides by 5 after n_iter_no_change without sufficient improvement,0.5743974067959375,0.8918256502633805,0,1000,0.001,0.0001,balanced
wine,4,12,166,121,adaptive_001,adaptive,adaptive,0.001,0.5,181,2173.0,0.001,eta0 nominal terminal value recorded; sklearn adaptive schedule divides by 5 after n_iter_no_change without sufficient improvement,0.564321621880407,0.8699624060150377,0,1000,0.001,0.0001,balanced
wine,4,12,166,169,adaptive_001,adaptive,adaptive,0.001,0.5,186,2233.0,0.001,eta0 nominal terminal value recorded; sklearn adaptive schedule divides by 5 after n_iter_no_change without sufficient improvement,0.5680457996977754,0.8927174851454979,0,1000,0.001,0.0001,balanced
wine,4,12,166,203,adaptive_001,adaptive,adaptive,0.001,0.5,188,2257.0,0.001,eta0 nominal terminal value recorded; sklearn adaptive schedule divides by 5 after n_iter_no_change without sufficient improvement,0.5038987525846012,0.958942379166167,0,1000,0.001,0.0001,balanced
wine,4,12,166,247,adaptive_001,adaptive,adaptive,0.001,0.5,180,2161.0,0.001,eta0 nominal terminal value recorded; sklearn adaptive schedule divides by 5 after n_iter_no_change without sufficient improvement,0.5727110408778517,0.8647408504445576,0,1000,0.001,0.0001,balanced
wine,4,12,166,314,adaptive_001,adaptive,adaptive,0.001,0.5,177,2125.0,0.001,eta0 nominal terminal value recorded; sklearn adaptive schedule divides by 5 after n_iter_no_change without sufficient improvement,0.5329528713679665,0.9095093178151875,0,1000,0.001,0.0001,balanced
wine,4,12,166,415,adaptive_001,adaptive,adaptive,0.001,0.5,182,2185.0,0.001,eta0 nominal terminal value recorded; sklearn adaptive schedule divides by 5 after n_iter_no_change without sufficient improvement,0.5243422315887607,0.9350271756332691,0,1000,0.001,0.0001,balanced
wine,4,12,166,509,adaptive_001,adaptive,adaptive,0.001,0.5,190,2281.0,0.001,eta0 nominal terminal value recorded; sklearn adaptive schedule divides by 5 after n_iter_no_change without sufficient improvement,0.5135381191491694,0.9171552203374551,0,1000,0.001,0.0001,balanced
wine,4,12,166,14,adaptive_003,adaptive,adaptive,0.003,0.5,142,1705.0,0.003,eta0 nominal terminal value recorded; sklearn adaptive schedule divides by 5 after n_iter_no_change without sufficient improvement,0.4086538769602931,0.9215635863393965,0,1000,0.001,0.0001,balanced
wine,4,12,166,52,adaptive_003,adaptive,adaptive,0.003,0.5,137,1645.0,0.003,eta0 nominal terminal value recorded; sklearn adaptive schedule divides by 5 after n_iter_no_change without sufficient improvement,0.43033886263109333,0.8987106840765376,0,1000,0.001,0.0001,balanced
wine,4,12,166,88,adaptive_003,adaptive,adaptive,0.003,0.5,140,1681.0,0.003,eta0 nominal terminal value recorded; sklearn adaptive schedule divides by 5 after n_iter_no_change without sufficient improvement,0.45332350168369967,0.9094768342119456,0,1000,0.001,0.0001,balanced
wine,4,12,166,121,adaptive_003,adaptive,adaptive,0.003,0.5,142,1705.0,0.003,eta0 nominal terminal value recorded; sklearn adaptive schedule divides by 5 after n_iter_no_change without sufficient improvement,0.4548602088818809,0.8571669071669071,0,1000,0.001,0.0001,balanced
wine,4,12,166,169,adaptive_003,adaptive,adaptive,0.003,0.5,138,1657.0,0.003,eta0 nominal terminal value recorded; sklearn adaptive schedule divides by 5 after n_iter_no_change without sufficient improvement,0.4678837731773592,0.9047892720306513,0,1000,0.001,0.0001,balanced
wine,4,12,166,203,adaptive_003,adaptive,adaptive,0.003,0.5,147,1765.0,0.003,eta0 nominal terminal value recorded; sklearn adaptive schedule divides by 5 after n_iter_no_change without sufficient improvement,0.36452209153659854,0.9716388785743647,0,1000,0.001,0.0001,balanced
wine,4,12,166,247,adaptive_003,adaptive,adaptive,0.003,0.5,138,1657.0,0.003,eta0 nominal terminal value recorded; sklearn adaptive schedule divides by 5 after n_iter_no_change without sufficient improvement,0.482931053318003,0.8714797747055812,0,1000,0.001,0.0001,balanced
wine,4,12,166,314,adaptive_003,adaptive,adaptive,0.003,0.5,160,1921.0,0.003,eta0 nominal terminal value recorded; sklearn adaptive schedule divides by 5 after n_iter_no_change without sufficient improvement,0.384941678392844,0.9212507203495203,0,1000,0.001,0.0001,balanced
wine,4,12,166,415,adaptive_003,adaptive,adaptive,0.003,0.5,142,1705.0,0.003,eta0 nominal terminal value recorded; sklearn adaptive schedule divides by 5 after n_iter_no_change without sufficient improvement,0.39201602026090315,0.9413841466363593,0,1000,0.001,0.0001,balanced
wine,4,12,166,509,adaptive_003,adaptive,adaptive,0.003,0.5,140,1681.0,0.003,eta0 nominal terminal value recorded; sklearn adaptive schedule divides by 5 after n_iter_no_change without sufficient improvement,0.3950783711241654,0.9171552203374551,0,1000,0.001,0.0001,balanced
wine,8,24,154,14,constant_0003,constant,constant,0.0003,0.5,179,4297.0,0.0003,constant eta0,0.6067924468592448,0.9557653477394595,0,1000,0.001,0.0001,balanced
wine,8,24,154,52,constant_0003,constant,constant,0.0003,0.5,179,4297.0,0.0003,constant eta0,0.5872597164699787,0.9477350595797579,0,1000,0.001,0.0001,balanced
wine,8,24,154,88,constant_0003,constant,constant,0.0003,0.5,174,4177.0,0.0003,constant eta0,0.5958806250169983,0.9460013237791015,0,1000,0.001,0.0001,balanced
wine,8,24,154,121,constant_0003,constant,constant,0.0003,0.5,161,3865.0,0.0003,constant eta0,0.6291674405437216,0.9388918622728547,0,1000,0.001,0.0001,balanced
wine,8,24,154,169,constant_0003,constant,constant,0.0003,0.5,175,4201.0,0.0003,constant eta0,0.620081615878974,0.9497766131848796,0,1000,0.001,0.0001,balanced
wine,8,24,154,203,constant_0003,constant,constant,0.0003,0.5,163,3913.0,0.0003,constant eta0,0.6136042566547804,0.9308361983272234,0,1000,0.001,0.0001,balanced
wine,8,24,154,247,constant_0003,constant,constant,0.0003,0.5,166,3985.0,0.0003,constant eta0,0.5808092816436716,0.9429096344984197,0,1000,0.001,0.0001,balanced
wine,8,24,154,314,constant_0003,constant,constant,0.0003,0.5,163,3913.0,0.0003,constant eta0,0.6263909233818208,0.9247968405863144,0,1000,0.001,0.0001,balanced
wine,8,24,154,415,constant_0003,constant,constant,0.0003,0.5,179,4297.0,0.0003,constant eta0,0.602014362070283,0.9489494977182856,0,1000,0.001,0.0001,balanced
wine,8,24,154,509,constant_0003,constant,constant,0.0003,0.5,155,3721.0,0.0003,constant eta0,0.6195322348081074,0.9378094472162615,0,1000,0.001,0.0001,balanced
wine,8,24,154,14,constant_001,constant,constant,0.001,0.5,138,3313.0,0.001,constant eta0,0.43255149474178345,0.9636417830083458,0,1000,0.001,0.0001,balanced
wine,8,24,154,52,constant_001,constant,constant,0.001,0.5,141,3385.0,0.001,constant eta0,0.3991126715213709,0.9549953314659195,0,1000,0.001,0.0001,balanced
wine,8,24,154,88,constant_001,constant,constant,0.001,0.5,140,3361.0,0.001,constant eta0,0.4139406085198229,0.9333314059568782,0,1000,0.001,0.0001,balanced
wine,8,24,154,121,constant_001,constant,constant,0.001,0.5,132,3169.0,0.001,constant eta0,0.44119998463640747,0.9566857515743932,0,1000,0.001,0.0001,balanced
wine,8,24,154,169,constant_001,constant,constant,0.001,0.5,142,3409.0,0.001,constant eta0,0.44129472172811096,0.9617613310384394,0,1000,0.001,0.0001,balanced
wine,8,24,154,203,constant_001,constant,constant,0.001,0.5,136,3265.0,0.001,constant eta0,0.42540270300278865,0.9497766131848796,0,1000,0.001,0.0001,balanced
wine,8,24,154,247,constant_001,constant,constant,0.001,0.5,143,3433.0,0.001,constant eta0,0.39197000736039966,0.9489494977182856,0,1000,0.001,0.0001,balanced
wine,8,24,154,314,constant_001,constant,constant,0.001,0.5,142,3409.0,0.001,constant eta0,0.43072620974018644,0.9557919580789792,0,1000,0.001,0.0001,balanced
wine,8,24,154,415,constant_001,constant,constant,0.001,0.5,145,3481.0,0.001,constant eta0,0.4097064392266759,0.9549953314659195,0,1000,0.001,0.0001,balanced
wine,8,24,154,509,constant_001,constant,constant,0.001,0.5,140,3361.0,0.001,constant eta0,0.4168291691784957,0.9378094472162615,0,1000,0.001,0.0001,balanced
wine,8,24,154,14,constant_003,constant,constant,0.003,0.5,94,2257.0,0.003,constant eta0,0.3310319090982116,0.9764924218991649,0,1000,0.001,0.0001,balanced
wine,8,24,154,52,constant_003,constant,constant,0.003,0.5,96,2305.0,0.003,constant eta0,0.289569783405193,0.9610500610500609,0,1000,0.001,0.0001,balanced
wine,8,24,154,88,constant_003,constant,constant,0.003,0.5,99,2377.0,0.003,constant eta0,0.31261108722357345,0.9462958442628562,0,1000,0.001,0.0001,balanced
wine,8,24,154,121,constant_003,constant,constant,0.003,0.5,102,2449.0,0.003,constant eta0,0.3141680192076795,0.9566857515743932,0,1000,0.001,0.0001,balanced
wine,8,24,154,169,constant_003,constant,constant,0.003,0.5,100,2401.0,0.003,constant eta0,0.33119747005655736,0.9499447807198131,0,1000,0.001,0.0001,balanced
wine,8,24,154,203,constant_003,constant,constant,0.003,0.5,101,2425.0,0.003,constant eta0,0.3066479528122099,0.9497766131848796,0,1000,0.001,0.0001,balanced
wine,8,24,154,247,constant_003,constant,constant,0.003,0.5,104,2497.0,0.003,constant eta0,0.2841181579120571,0.9610500610500609,0,1000,0.001,0.0001,balanced
wine,8,24,154,314,constant_003,constant,constant,0.003,0.5,106,2545.0,0.003,constant eta0,0.3020761499052055,0.9676939290760429,0,1000,0.001,0.0001,balanced
wine,8,24,154,415,constant_003,constant,constant,0.003,0.5,100,2401.0,0.003,constant eta0,0.2983036317798682,0.9617613310384394,0,1000,0.001,0.0001,balanced
wine,8,24,154,509,constant_003,constant,constant,0.003,0.5,109,2617.0,0.003,constant eta0,0.2952432569760072,0.9557653477394595,0,1000,0.001,0.0001,balanced
wine,8,24,154,14,invscaling_0003,invscaling,invscaling,0.0003,0.5,8,193.0,2.1594472522460836e-05,"eta0 / (clf.t_ ** power_t), using sklearn update counter t_",1.0916842935052162,0.9116984631690513,0,1000,0.001,0.0001,balanced
wine,8,24,154,52,invscaling_0003,invscaling,invscaling,0.0003,0.5,8,193.0,2.1594472522460836e-05,"eta0 / (clf.t_ ** power_t), using sklearn update counter t_",1.0915570012401088,0.9349206349206348,0,1000,0.001,0.0001,balanced
wine,8,24,154,88,invscaling_0003,invscaling,invscaling,0.0003,0.5,7,169.0,2.3076923076923076e-05,"eta0 / (clf.t_ ** power_t), using sklearn update counter t_",1.0918326138700878,0.9151155327342747,0,1000,0.001,0.0001,balanced
wine,8,24,154,121,invscaling_0003,invscaling,invscaling,0.0003,0.5,7,169.0,2.3076923076923076e-05,"eta0 / (clf.t_ ** power_t), using sklearn update counter t_",1.0919362213550627,0.913836762981128,0,1000,0.001,0.0001,balanced
wine,8,24,154,169,invscaling_0003,invscaling,invscaling,0.0003,0.5,8,193.0,2.1594472522460836e-05,"eta0 / (clf.t_ ** power_t), using sklearn update counter t_",1.0909861638214897,0.9116984631690513,0,1000,0.001,0.0001,balanced
wine,8,24,154,203,invscaling_0003,invscaling,invscaling,0.0003,0.5,8,193.0,2.1594472522460836e-05,"eta0 / (clf.t_ ** power_t), using sklearn update counter t_",1.0910080146297347,0.885176143491676,0,1000,0.001,0.0001,balanced
wine,8,24,154,247,invscaling_0003,invscaling,invscaling,0.0003,0.5,7,169.0,2.3076923076923076e-05,"eta0 / (clf.t_ ** power_t), using sklearn update counter t_",1.0914032864655752,0.9238977097357534,0,1000,0.001,0.0001,balanced
wine,8,24,154,314,invscaling_0003,invscaling,invscaling,0.0003,0.5,8,193.0,2.1594472522460836e-05,"eta0 / (clf.t_ ** power_t), using sklearn update counter t_",1.091696522146436,0.8369688238244058,0,1000,0.001,0.0001,balanced
wine,8,24,154,415,invscaling_0003,invscaling,invscaling,0.0003,0.5,7,169.0,2.3076923076923076e-05,"eta0 / (clf.t_ ** power_t), using sklearn update counter t_",1.091931852046614,0.8843795093795094,0,1000,0.001,0.0001,balanced
wine,8,24,154,509,invscaling_0003,invscaling,invscaling,0.0003,0.5,7,169.0,2.3076923076923076e-05,"eta0 / (clf.t_ ** power_t), using sklearn update counter t_",1.0913775338908915,0.9066335615008182,0,1000,0.001,0.0001,balanced
wine,8,24,154,14,invscaling_001,invscaling,invscaling,0.001,0.5,23,553.0,4.252432555625623e-05,"eta0 / (clf.t_ ** power_t), using sklearn update counter t_",1.0617747943432807,0.9187518745040869,0,1000,0.001,0.0001,balanced
wine,8,24,154,52,invscaling_001,invscaling,invscaling,0.001,0.5,24,577.0,4.163054471218133e-05,"eta0 / (clf.t_ ** power_t), using sklearn update counter t_",1.0616083565962808,0.9157725631135606,0,1000,0.001,0.0001,balanced
wine,8,24,154,88,invscaling_001,invscaling,invscaling,0.001,0.5,18,433.0,4.8056933133221275e-05,"eta0 / (clf.t_ ** power_t), using sklearn update counter t_",1.0640018205483701,0.9017857993237772,0,1000,0.001,0.0001,balanced
wine,8,24,154,121,invscaling_001,invscaling,invscaling,0.001,0.5,21,505.0,4.449941594899848e-05,"eta0 / (clf.t_ ** power_t), using sklearn update counter t_",1.062202113517486,0.9078190428856251,0,1000,0.001,0.0001,balanced
wine,8,24,154,169,invscaling_001,invscaling,invscaling,0.001,0.5,28,673.0,3.8547167224584984e-05,"eta0 / (clf.t_ ** power_t), using sklearn update counter t_",1.0565739381119577,0.897668201116477,0,1000,0.001,0.0001,balanced
wine,8,24,154,203,invscaling_001,invscaling,invscaling,0.001,0.5,27,649.0,3.925343359894298e-05,"eta0 / (clf.t_ ** power_t), using sklearn update counter t_",1.0569876709455222,0.8726058354470564,0,1000,0.001,0.0001,balanced
wine,8,24,154,247,invscaling_001,invscaling,invscaling,0.001,0.5,20,481.0,4.559607525875532e-05,"eta0 / (clf.t_ ** power_t), using sklearn update counter t_",1.0610337626670108,0.9038926073408833,0,1000,0.001,0.0001,balanced
wine,8,24,154,314,invscaling_001,invscaling,invscaling,0.001,0.5,24,577.0,4.163054471218133e-05,"eta0 / (clf.t_ ** power_t), using sklearn update counter t_",1.062413931752797,0.8303052503052504,0,1000,0.001,0.0001,balanced
wine,8,24,154,415,invscaling_001,invscaling,invscaling,0.001,0.5,21,505.0,4.449941594899848e-05,"eta0 / (clf.t_ ** power_t), using sklearn update counter t_",1.0638948508863995,0.8780585609632007,0,1000,0.001,0.0001,balanced
wine,8,24,154,509,invscaling_001,invscaling,invscaling,0.001,0.5,20,481.0,4.559607525875532e-05,"eta0 / (clf.t_ ** power_t), using sklearn update counter t_",1.0614308479831256,0.8871554418868998,0,1000,0.001,0.0001,balanced
wine,8,24,154,14,invscaling_003,invscaling,invscaling,0.003,0.5,74,1777.0,7.116681679805737e-05,"eta0 / (clf.t_ ** power_t), using sklearn update counter t_",0.9272958930776755,0.931825325015477,0,1000,0.001,0.0001,balanced
wine,8,24,154,52,invscaling_003,invscaling,invscaling,0.003,0.5,74,1777.0,7.116681679805737e-05,"eta0 / (clf.t_ ** power_t), using sklearn update counter t_",0.9254339921080754,0.9287174023051369,0,1000,0.001,0.0001,balanced
wine,8,24,154,88,invscaling_003,invscaling,invscaling,0.003,0.5,62,1489.0,7.774525741400162e-05,"eta0 / (clf.t_ ** power_t), using sklearn update counter t_",0.9321024366865832,0.9017857993237772,0,1000,0.001,0.0001,balanced
wine,8,24,154,121,invscaling_003,invscaling,invscaling,0.003,0.5,67,1609.0,7.478994824163423e-05,"eta0 / (clf.t_ ** power_t), using sklearn update counter t_",0.9319965311832012,0.9078190428856251,0,1000,0.001,0.0001,balanced
wine,8,24,154,169,invscaling_003,invscaling,invscaling,0.003,0.5,76,1825.0,7.022468831767834e-05,"eta0 / (clf.t_ ** power_t), using sklearn update counter t_",0.9195029529201579,0.9116984631690513,0,1000,0.001,0.0001,balanced
wine,8,24,154,203,invscaling_003,invscaling,invscaling,0.003,0.5,74,1777.0,7.116681679805737e-05,"eta0 / (clf.t_ ** power_t), using sklearn update counter t_",0.9201646709643184,0.8914304042823499,0,1000,0.001,0.0001,balanced
wine,8,24,154,247,invscaling_003,invscaling,invscaling,0.003,0.5,67,1609.0,7.478994824163423e-05,"eta0 / (clf.t_ ** power_t), using sklearn update counter t_",0.9219065728437555,0.9108350951374207,0,1000,0.001,0.0001,balanced
wine,8,24,154,314,invscaling_003,invscaling,invscaling,0.003,0.5,74,1777.0,7.116681679805737e-05,"eta0 / (clf.t_ ** power_t), using sklearn update counter t_",0.9341810446140262,0.8377196694028376,0,1000,0.001,0.0001,balanced
wine,8,24,154,415,invscaling_003,invscaling,invscaling,0.003,0.5,67,1609.0,7.478994824163423e-05,"eta0 / (clf.t_ ** power_t), using sklearn update counter t_",0.9361623130159739,0.896969696969697,0,1000,0.001,0.0001,balanced
wine,8,24,154,509,invscaling_003,invscaling,invscaling,0.003,0.5,63,1513.0,7.712617450935913e-05,"eta0 / (clf.t_ ** power_t), using sklearn update counter t_",0.9295962469637616,0.9066335615008182,0,1000,0.001,0.0001,balanced
wine,8,24,154,14,adaptive_0003,adaptive,adaptive,0.0003,0.5,199,4777.0,0.0003,eta0 nominal terminal value recorded; sklearn adaptive schedule divides by 5 after n_iter_no_change without sufficient improvement,0.6052560228576211,0.9557653477394595,0,1000,0.001,0.0001,balanced
wine,8,24,154,52,adaptive_0003,adaptive,adaptive,0.0003,0.5,199,4777.0,0.0003,eta0 nominal terminal value recorded; sklearn adaptive schedule divides by 5 after n_iter_no_change without sufficient improvement,0.5856373612889046,0.9477350595797579,0,1000,0.001,0.0001,balanced
wine,8,24,154,88,adaptive_0003,adaptive,adaptive,0.0003,0.5,194,4657.0,0.0003,eta0 nominal terminal value recorded; sklearn adaptive schedule divides by 5 after n_iter_no_change without sufficient improvement,0.5943022822590154,0.9460013237791015,0,1000,0.001,0.0001,balanced
wine,8,24,154,121,adaptive_0003,adaptive,adaptive,0.0003,0.5,181,4345.0,0.0003,eta0 nominal terminal value recorded; sklearn adaptive schedule divides by 5 after n_iter_no_change without sufficient improvement,0.6275060419644304,0.9388918622728547,0,1000,0.001,0.0001,balanced
wine,8,24,154,169,adaptive_0003,adaptive,adaptive,0.0003,0.5,195,4681.0,0.0003,eta0 nominal terminal value recorded; sklearn adaptive schedule divides by 5 after n_iter_no_change without sufficient improvement,0.6184798900303117,0.9497766131848796,0,1000,0.001,0.0001,balanced
wine,8,24,154,203,adaptive_0003,adaptive,adaptive,0.0003,0.5,183,4393.0,0.0003,eta0 nominal terminal value recorded; sklearn adaptive schedule divides by 5 after n_iter_no_change without sufficient improvement,0.6119408666483339,0.9308361983272234,0,1000,0.001,0.0001,balanced
wine,8,24,154,247,adaptive_0003,adaptive,adaptive,0.0003,0.5,186,4465.0,0.0003,eta0 nominal terminal value recorded; sklearn adaptive schedule divides by 5 after n_iter_no_change without sufficient improvement,0.5791600836964336,0.9489494977182856,0,1000,0.001,0.0001,balanced
wine,8,24,154,314,adaptive_0003,adaptive,adaptive,0.0003,0.5,183,4393.0,0.0003,eta0 nominal terminal value recorded; sklearn adaptive schedule divides by 5 after n_iter_no_change without sufficient improvement,0.6247332218983573,0.9247968405863144,0,1000,0.001,0.0001,balanced
wine,8,24,154,415,adaptive_0003,adaptive,adaptive,0.0003,0.5,199,4777.0,0.0003,eta0 nominal terminal value recorded; sklearn adaptive schedule divides by 5 after n_iter_no_change without sufficient improvement,0.6003835212831634,0.9489494977182856,0,1000,0.001,0.0001,balanced
wine,8,24,154,509,adaptive_0003,adaptive,adaptive,0.0003,0.5,175,4201.0,0.0003,eta0 nominal terminal value recorded; sklearn adaptive schedule divides by 5 after n_iter_no_change without sufficient improvement,0.6177566956014926,0.9378094472162615,0,1000,0.001,0.0001,balanced
wine,8,24,154,14,adaptive_001,adaptive,adaptive,0.001,0.5,163,3913.0,0.001,eta0 nominal terminal value recorded; sklearn adaptive schedule divides by 5 after n_iter_no_change without sufficient improvement,0.4309360367123513,0.9636417830083458,0,1000,0.001,0.0001,balanced
wine,8,24,154,52,adaptive_001,adaptive,adaptive,0.001,0.5,166,3985.0,0.001,eta0 nominal terminal value recorded; sklearn adaptive schedule divides by 5 after n_iter_no_change without sufficient improvement,0.3974087308869375,0.9549953314659195,0,1000,0.001,0.0001,balanced
wine,8,24,154,88,adaptive_001,adaptive,adaptive,0.001,0.5,165,3961.0,0.001,eta0 nominal terminal value recorded; sklearn adaptive schedule divides by 5 after n_iter_no_change without sufficient improvement,0.41239786723145205,0.9333314059568782,0,1000,0.001,0.0001,balanced
wine,8,24,154,121,adaptive_001,adaptive,adaptive,0.001,0.5,157,3769.0,0.001,eta0 nominal terminal value recorded; sklearn adaptive schedule divides by 5 after n_iter_no_change without sufficient improvement,0.43940451317896784,0.9566857515743932,0,1000,0.001,0.0001,balanced
wine,8,24,154,169,adaptive_001,adaptive,adaptive,0.001,0.5,167,4009.0,0.001,eta0 nominal terminal value recorded; sklearn adaptive schedule divides by 5 after n_iter_no_change without sufficient improvement,0.4396002029512418,0.9617613310384394,0,1000,0.001,0.0001,balanced
wine,8,24,154,203,adaptive_001,adaptive,adaptive,0.001,0.5,161,3865.0,0.001,eta0 nominal terminal value recorded; sklearn adaptive schedule divides by 5 after n_iter_no_change without sufficient improvement,0.42360891051610666,0.9497766131848796,0,1000,0.001,0.0001,balanced
wine,8,24,154,247,adaptive_001,adaptive,adaptive,0.001,0.5,168,4033.0,0.001,eta0 nominal terminal value recorded; sklearn adaptive schedule divides by 5 after n_iter_no_change without sufficient improvement,0.39034273826887117,0.9489494977182856,0,1000,0.001,0.0001,balanced
wine,8,24,154,314,adaptive_001,adaptive,adaptive,0.001,0.5,167,4009.0,0.001,eta0 nominal terminal value recorded; sklearn adaptive schedule divides by 5 after n_iter_no_change without sufficient improvement,0.42891524910752704,0.9557919580789792,0,1000,0.001,0.0001,balanced
wine,8,24,154,415,adaptive_001,adaptive,adaptive,0.001,0.5,170,4081.0,0.001,eta0 nominal terminal value recorded; sklearn adaptive schedule divides by 5 after n_iter_no_change without sufficient improvement,0.4080197010844438,0.9549953314659195,0,1000,0.001,0.0001,balanced
wine,8,24,154,509,adaptive_001,adaptive,adaptive,0.001,0.5,165,3961.0,0.001,eta0 nominal terminal value recorded; sklearn adaptive schedule divides by 5 after n_iter_no_change without sufficient improvement,0.41507896853619886,0.9378094472162615,0,1000,0.001,0.0001,balanced
wine,8,24,154,14,adaptive_003,adaptive,adaptive,0.003,0.5,119,2857.0,0.003,eta0 nominal terminal value recorded; sklearn adaptive schedule divides by 5 after n_iter_no_change without sufficient improvement,0.3293195523940882,0.9764924218991649,0,1000,0.001,0.0001,balanced
wine,8,24,154,52,adaptive_003,adaptive,adaptive,0.003,0.5,121,2905.0,0.003,eta0 nominal terminal value recorded; sklearn adaptive schedule divides by 5 after n_iter_no_change without sufficient improvement,0.2877839369625374,0.9610500610500609,0,1000,0.001,0.0001,balanced
wine,8,24,154,88,adaptive_003,adaptive,adaptive,0.003,0.5,124,2977.0,0.003,eta0 nominal terminal value recorded; sklearn adaptive schedule divides by 5 after n_iter_no_change without sufficient improvement,0.31107023072223106,0.9462958442628562,0,1000,0.001,0.0001,balanced
wine,8,24,154,121,adaptive_003,adaptive,adaptive,0.003,0.5,128,3073.0,0.003,eta0 nominal terminal value recorded; sklearn adaptive schedule divides by 5 after n_iter_no_change without sufficient improvement,0.31218647131435306,0.9566857515743932,0,1000,0.001,0.0001,balanced
wine,8,24,154,169,adaptive_003,adaptive,adaptive,0.003,0.5,125,3001.0,0.003,eta0 nominal terminal value recorded; sklearn adaptive schedule divides by 5 after n_iter_no_change without sufficient improvement,0.3294580992470791,0.9499447807198131,0,1000,0.001,0.0001,balanced
wine,8,24,154,203,adaptive_003,adaptive,adaptive,0.003,0.5,126,3025.0,0.003,eta0 nominal terminal value recorded; sklearn adaptive schedule divides by 5 after n_iter_no_change without sufficient improvement,0.30474122315361424,0.9497766131848796,0,1000,0.001,0.0001,balanced
wine,8,24,154,247,adaptive_003,adaptive,adaptive,0.003,0.5,129,3097.0,0.003,eta0 nominal terminal value recorded; sklearn adaptive schedule divides by 5 after n_iter_no_change without sufficient improvement,0.28249125857006246,0.9610500610500609,0,1000,0.001,0.0001,balanced
wine,8,24,154,314,adaptive_003,adaptive,adaptive,0.003,0.5,131,3145.0,0.003,eta0 nominal terminal value recorded; sklearn adaptive schedule divides by 5 after n_iter_no_change without sufficient improvement,0.3000893668658851,0.9676939290760429,0,1000,0.001,0.0001,balanced
wine,8,24,154,415,adaptive_003,adaptive,adaptive,0.003,0.5,125,3001.0,0.003,eta0 nominal terminal value recorded; sklearn adaptive schedule divides by 5 after n_iter_no_change without sufficient improvement,0.2965780961839119,0.9617613310384394,0,1000,0.001,0.0001,balanced
wine,8,24,154,509,adaptive_003,adaptive,adaptive,0.003,0.5,135,3241.0,0.003,eta0 nominal terminal value recorded; sklearn adaptive schedule divides by 5 after n_iter_no_change without sufficient improvement,0.2936618842609784,0.9557653477394595,0,1000,0.001,0.0001,balanced
wine,16,48,130,14,constant_0003,constant,constant,0.0003,0.5,153,7345.0,0.0003,constant eta0,0.4993448234758327,0.9837261503928171,0,1000,0.001,0.0001,balanced
wine,16,48,130,52,constant_0003,constant,constant,0.0003,0.5,154,7393.0,0.0003,constant eta0,0.5120506531611093,0.9080048053891113,0,1000,0.001,0.0001,balanced
wine,16,48,130,88,constant_0003,constant,constant,0.0003,0.5,146,7009.0,0.0003,constant eta0,0.5060869024528997,0.9454874148240856,0,1000,0.001,0.0001,balanced
wine,16,48,130,121,constant_0003,constant,constant,0.0003,0.5,154,7393.0,0.0003,constant eta0,0.49870326410088534,0.9546079025787226,0,1000,0.001,0.0001,balanced
wine,16,48,130,169,constant_0003,constant,constant,0.0003,0.5,154,7393.0,0.0003,constant eta0,0.5009678221413163,0.9232804232804233,0,1000,0.001,0.0001,balanced
wine,16,48,130,203,constant_0003,constant,constant,0.0003,0.5,153,7345.0,0.0003,constant eta0,0.5175325639982722,0.947606090368009,0,1000,0.001,0.0001,balanced
wine,16,48,130,247,constant_0003,constant,constant,0.0003,0.5,146,7009.0,0.0003,constant eta0,0.5009384624485904,0.9253196930946291,0,1000,0.001,0.0001,balanced
wine,16,48,130,314,constant_0003,constant,constant,0.0003,0.5,154,7393.0,0.0003,constant eta0,0.4936370132973664,0.9546079025787226,0,1000,0.001,0.0001,balanced
wine,16,48,130,415,constant_0003,constant,constant,0.0003,0.5,162,7777.0,0.0003,constant eta0,0.47517935773346903,0.947606090368009,0,1000,0.001,0.0001,balanced
wine,16,48,130,509,constant_0003,constant,constant,0.0003,0.5,162,7777.0,0.0003,constant eta0,0.49613987217506045,0.9686645928889493,0,1000,0.001,0.0001,balanced
wine,16,48,130,14,constant_001,constant,constant,0.001,0.5,116,5569.0,0.001,constant eta0,0.32079586394106896,0.9918136908962598,0,1000,0.001,0.0001,balanced
wine,16,48,130,52,constant_001,constant,constant,0.001,0.5,108,5185.0,0.001,constant eta0,0.38158198731205983,0.9241970589796678,0,1000,0.001,0.0001,balanced
wine,16,48,130,88,constant_001,constant,constant,0.001,0.5,117,5617.0,0.001,constant eta0,0.33464575723238404,0.9862514029180697,0,1000,0.001,0.0001,balanced
wine,16,48,130,121,constant_001,constant,constant,0.001,0.5,113,5425.0,0.001,constant eta0,0.3477992034367721,0.9616258534168982,0,1000,0.001,0.0001,balanced
wine,16,48,130,169,constant_001,constant,constant,0.001,0.5,112,5377.0,0.001,constant eta0,0.34548336440690147,0.939433551198257,0,1000,0.001,0.0001,balanced
wine,16,48,130,203,constant_001,constant,constant,0.001,0.5,115,5521.0,0.001,constant eta0,0.357701016802554,0.9627900189697942,0,1000,0.001,0.0001,balanced
wine,16,48,130,247,constant_001,constant,constant,0.001,0.5,108,5185.0,0.001,constant eta0,0.35130474009774015,0.9323741682506972,0,1000,0.001,0.0001,balanced
wine,16,48,130,314,constant_001,constant,constant,0.001,0.5,110,5281.0,0.001,constant eta0,0.33975029114174826,0.9546079025787226,0,1000,0.001,0.0001,balanced
wine,16,48,130,415,constant_001,constant,constant,0.001,0.5,117,5617.0,0.001,constant eta0,0.3243712720924053,0.9546079025787226,0,1000,0.001,0.0001,balanced
wine,16,48,130,509,constant_001,constant,constant,0.001,0.5,120,5761.0,0.001,constant eta0,0.3224216342720979,0.9837261503928171,0,1000,0.001,0.0001,balanced
wine,16,48,130,14,constant_003,constant,constant,0.003,0.5,86,4129.0,0.003,constant eta0,0.20323617846432515,0.9918136908962598,0,1000,0.001,0.0001,balanced
wine,16,48,130,52,constant_003,constant,constant,0.003,0.5,74,3553.0,0.003,constant eta0,0.3024710741444509,0.9241970589796678,0,1000,0.001,0.0001,balanced
wine,16,48,130,88,constant_003,constant,constant,0.003,0.5,89,4273.0,0.003,constant eta0,0.22573774090385923,0.9862514029180697,0,1000,0.001,0.0001,balanced
wine,16,48,130,121,constant_003,constant,constant,0.003,0.5,81,3889.0,0.003,constant eta0,0.24617602182298468,0.9616258534168982,0,1000,0.001,0.0001,balanced
wine,16,48,130,169,constant_003,constant,constant,0.003,0.5,80,3841.0,0.003,constant eta0,0.2530612694757318,0.939433551198257,0,1000,0.001,0.0001,balanced
wine,16,48,130,203,constant_003,constant,constant,0.003,0.5,82,3937.0,0.003,constant eta0,0.2528626775742917,0.9627900189697942,0,1000,0.001,0.0001,balanced
wine,16,48,130,247,constant_003,constant,constant,0.003,0.5,80,3841.0,0.003,constant eta0,0.2574878403391842,0.947606090368009,0,1000,0.001,0.0001,balanced
wine,16,48,130,314,constant_003,constant,constant,0.003,0.5,76,3649.0,0.003,constant eta0,0.2398921279338617,0.9627900189697942,0,1000,0.001,0.0001,balanced
wine,16,48,130,415,constant_003,constant,constant,0.003,0.5,81,3889.0,0.003,constant eta0,0.23137514461307404,0.9558534058534058,0,1000,0.001,0.0001,balanced
wine,16,48,130,509,constant_003,constant,constant,0.003,0.5,83,3985.0,0.003,constant eta0,0.22038662938171297,0.9837261503928171,0,1000,0.001,0.0001,balanced
wine,16,48,130,14,invscaling_0003,invscaling,invscaling,0.0003,0.5,9,433.0,1.441707993996638e-05,"eta0 / (clf.t_ ** power_t), using sklearn update counter t_",1.088029694160402,0.9196687955023934,0,1000,0.001,0.0001,balanced
wine,16,48,130,52,invscaling_0003,invscaling,invscaling,0.0003,0.5,9,433.0,1.441707993996638e-05,"eta0 / (clf.t_ ** power_t), using sklearn update counter t_",1.087772448971392,0.8608041140719963,0,1000,0.001,0.0001,balanced
wine,16,48,130,88,invscaling_0003,invscaling,invscaling,0.0003,0.5,9,433.0,1.441707993996638e-05,"eta0 / (clf.t_ ** power_t), using sklearn update counter t_",1.0881436969109126,0.8955735492577598,0,1000,0.001,0.0001,balanced
wine,16,48,130,121,invscaling_0003,invscaling,invscaling,0.0003,0.5,9,433.0,1.441707993996638e-05,"eta0 / (clf.t_ ** power_t), using sklearn update counter t_",1.0873406447140244,0.8926127214170693,0,1000,0.001,0.0001,balanced
wine,16,48,130,169,invscaling_0003,invscaling,invscaling,0.0003,0.5,9,433.0,1.441707993996638e-05,"eta0 / (clf.t_ ** power_t), using sklearn update counter t_",1.0882896939720643,0.9080048053891113,0,1000,0.001,0.0001,balanced
wine,16,48,130,203,invscaling_0003,invscaling,invscaling,0.0003,0.5,9,433.0,1.441707993996638e-05,"eta0 / (clf.t_ ** power_t), using sklearn update counter t_",1.088465210781813,0.8788196142138385,0,1000,0.001,0.0001,balanced
wine,16,48,130,247,invscaling_0003,invscaling,invscaling,0.0003,0.5,9,433.0,1.441707993996638e-05,"eta0 / (clf.t_ ** power_t), using sklearn update counter t_",1.0876606626189635,0.9170692431561998,0,1000,0.001,0.0001,balanced
wine,16,48,130,314,invscaling_0003,invscaling,invscaling,0.0003,0.5,9,433.0,1.441707993996638e-05,"eta0 / (clf.t_ ** power_t), using sklearn update counter t_",1.0878532621790755,0.9323741682506972,0,1000,0.001,0.0001,balanced
wine,16,48,130,415,invscaling_0003,invscaling,invscaling,0.0003,0.5,9,433.0,1.441707993996638e-05,"eta0 / (clf.t_ ** power_t), using sklearn update counter t_",1.0872514976565402,0.8884916094584288,0,1000,0.001,0.0001,balanced
wine,16,48,130,509,invscaling_0003,invscaling,invscaling,0.0003,0.5,10,481.0,1.3678822577626595e-05,"eta0 / (clf.t_ ** power_t), using sklearn update counter t_",1.088208291870142,0.9232804232804233,0,1000,0.001,0.0001,balanced
wine,16,48,130,14,invscaling_001,invscaling,invscaling,0.001,0.5,32,1537.0,2.5507216374642367e-05,"eta0 / (clf.t_ ** power_t), using sklearn update counter t_",1.0378787030880352,0.8970588235294118,0,1000,0.001,0.0001,balanced
wine,16,48,130,52,invscaling_001,invscaling,invscaling,0.001,0.5,33,1585.0,2.5118017965166415e-05,"eta0 / (clf.t_ ** power_t), using sklearn update counter t_",1.0366020777459537,0.8526817457207949,0,1000,0.001,0.0001,balanced
wine,16,48,130,88,invscaling_001,invscaling,invscaling,0.001,0.5,32,1537.0,2.5507216374642367e-05,"eta0 / (clf.t_ ** power_t), using sklearn update counter t_",1.0398944495384832,0.8631899755692557,0,1000,0.001,0.0001,balanced
wine,16,48,130,121,invscaling_001,invscaling,invscaling,0.001,0.5,36,1729.0,2.4049303512194093e-05,"eta0 / (clf.t_ ** power_t), using sklearn update counter t_",1.0333524892365276,0.8778565799842396,0,1000,0.001,0.0001,balanced
wine,16,48,130,169,invscaling_001,invscaling,invscaling,0.001,0.5,35,1681.0,2.4390243902439026e-05,"eta0 / (clf.t_ ** power_t), using sklearn update counter t_",1.039199987620942,0.8999744051290444,0,1000,0.001,0.0001,balanced
wine,16,48,130,203,invscaling_001,invscaling,invscaling,0.001,0.5,33,1585.0,2.5118017965166415e-05,"eta0 / (clf.t_ ** power_t), using sklearn update counter t_",1.0403361316348791,0.8704521159529648,0,1000,0.001,0.0001,balanced
wine,16,48,130,247,invscaling_001,invscaling,invscaling,0.001,0.5,34,1633.0,2.474610820719749e-05,"eta0 / (clf.t_ ** power_t), using sklearn update counter t_",1.0347852967013544,0.8944486659912192,0,1000,0.001,0.0001,balanced
wine,16,48,130,314,invscaling_001,invscaling,invscaling,0.001,0.5,32,1537.0,2.5507216374642367e-05,"eta0 / (clf.t_ ** power_t), using sklearn update counter t_",1.0366040340124365,0.9253196930946291,0,1000,0.001,0.0001,balanced
wine,16,48,130,415,invscaling_001,invscaling,invscaling,0.001,0.5,31,1489.0,2.591508580466721e-05,"eta0 / (clf.t_ ** power_t), using sklearn update counter t_",1.0344277459400548,0.8813071346903136,0,1000,0.001,0.0001,balanced
wine,16,48,130,509,invscaling_001,invscaling,invscaling,0.001,0.5,39,1873.0,2.3106337435539138e-05,"eta0 / (clf.t_ ** power_t), using sklearn update counter t_",1.0400395656171542,0.9073318216175359,0,1000,0.001,0.0001,balanced
wine,16,48,130,14,invscaling_003,invscaling,invscaling,0.003,0.5,76,3649.0,4.966315695436215e-05,"eta0 / (clf.t_ ** power_t), using sklearn update counter t_",0.87067687367961,0.9196687955023934,0,1000,0.001,0.0001,balanced
wine,16,48,130,52,invscaling_003,invscaling,invscaling,0.003,0.5,79,3793.0,4.871131270286155e-05,"eta0 / (clf.t_ ** power_t), using sklearn update counter t_",0.8595675513349424,0.87647823586769,0,1000,0.001,0.0001,balanced
wine,16,48,130,88,invscaling_003,invscaling,invscaling,0.003,0.5,78,3745.0,4.902248741509503e-05,"eta0 / (clf.t_ ** power_t), using sklearn update counter t_",0.8732629632001013,0.90248963998964,0,1000,0.001,0.0001,balanced
wine,16,48,130,121,invscaling_003,invscaling,invscaling,0.003,0.5,83,3985.0,4.7523354887086466e-05,"eta0 / (clf.t_ ** power_t), using sklearn update counter t_",0.8559314854396493,0.9088731144631765,0,1000,0.001,0.0001,balanced
wine,16,48,130,169,invscaling_003,invscaling,invscaling,0.003,0.5,83,3985.0,4.7523354887086466e-05,"eta0 / (clf.t_ ** power_t), using sklearn update counter t_",0.8672172299759409,0.9080048053891113,0,1000,0.001,0.0001,balanced
wine,16,48,130,203,invscaling_003,invscaling,invscaling,0.003,0.5,78,3745.0,4.902248741509503e-05,"eta0 / (clf.t_ ** power_t), using sklearn update counter t_",0.8736367376169571,0.9088731144631765,0,1000,0.001,0.0001,balanced
wine,16,48,130,247,invscaling_003,invscaling,invscaling,0.003,0.5,82,3937.0,4.7812180163731755e-05,"eta0 / (clf.t_ ** power_t), using sklearn update counter t_",0.8536986675605054,0.9253196930946291,0,1000,0.001,0.0001,balanced
wine,16,48,130,314,invscaling_003,invscaling,invscaling,0.003,0.5,77,3697.0,4.9339702830057645e-05,"eta0 / (clf.t_ ** power_t), using sklearn update counter t_",0.8590262034422519,0.9323741682506972,0,1000,0.001,0.0001,balanced
wine,16,48,130,415,invscaling_003,invscaling,invscaling,0.003,0.5,79,3793.0,4.871131270286155e-05,"eta0 / (clf.t_ ** power_t), using sklearn update counter t_",0.8520917996791588,0.9099394783626401,0,1000,0.001,0.0001,balanced
wine,16,48,130,509,invscaling_003,invscaling,invscaling,0.003,0.5,86,4129.0,4.668730586510249e-05,"eta0 / (clf.t_ ** power_t), using sklearn update counter t_",0.8747858401036758,0.9304896460753619,0,1000,0.001,0.0001,balanced
wine,16,48,130,14,adaptive_0003,adaptive,adaptive,0.0003,0.5,173,8305.0,0.0003,eta0 nominal terminal value recorded; sklearn adaptive schedule divides by 5 after n_iter_no_change without sufficient improvement,0.49738311152138975,0.9837261503928171,0,1000,0.001,0.0001,balanced
wine,16,48,130,52,adaptive_0003,adaptive,adaptive,0.0003,0.5,174,8353.0,0.0003,eta0 nominal terminal value recorded; sklearn adaptive schedule divides by 5 after n_iter_no_change without sufficient improvement,0.5104668048738471,0.9080048053891113,0,1000,0.001,0.0001,balanced
wine,16,48,130,88,adaptive_0003,adaptive,adaptive,0.0003,0.5,166,7969.0,0.0003,eta0 nominal terminal value recorded; sklearn adaptive schedule divides by 5 after n_iter_no_change without sufficient improvement,0.5041958531489695,0.9454874148240856,0,1000,0.001,0.0001,balanced
wine,16,48,130,121,adaptive_0003,adaptive,adaptive,0.0003,0.5,174,8353.0,0.0003,eta0 nominal terminal value recorded; sklearn adaptive schedule divides by 5 after n_iter_no_change without sufficient improvement,0.49695716810613566,0.9546079025787226,0,1000,0.001,0.0001,balanced
wine,16,48,130,169,adaptive_0003,adaptive,adaptive,0.0003,0.5,174,8353.0,0.0003,eta0 nominal terminal value recorded; sklearn adaptive schedule divides by 5 after n_iter_no_change without sufficient improvement,0.4992141616512653,0.9232804232804233,0,1000,0.001,0.0001,balanced
wine,16,48,130,203,adaptive_0003,adaptive,adaptive,0.0003,0.5,173,8305.0,0.0003,eta0 nominal terminal value recorded; sklearn adaptive schedule divides by 5 after n_iter_no_change without sufficient improvement,0.5157488897182394,0.947606090368009,0,1000,0.001,0.0001,balanced
wine,16,48,130,247,adaptive_0003,adaptive,adaptive,0.0003,0.5,166,7969.0,0.0003,eta0 nominal terminal value recorded; sklearn adaptive schedule divides by 5 after n_iter_no_change without sufficient improvement,0.4992024250240594,0.9253196930946291,0,1000,0.001,0.0001,balanced
wine,16,48,130,314,adaptive_0003,adaptive,adaptive,0.0003,0.5,174,8353.0,0.0003,eta0 nominal terminal value recorded; sklearn adaptive schedule divides by 5 after n_iter_no_change without sufficient improvement,0.49185304116744455,0.9546079025787226,0,1000,0.001,0.0001,balanced
wine,16,48,130,415,adaptive_0003,adaptive,adaptive,0.0003,0.5,182,8737.0,0.0003,eta0 nominal terminal value recorded; sklearn adaptive schedule divides by 5 after n_iter_no_change without sufficient improvement,0.47347032095610053,0.947606090368009,0,1000,0.001,0.0001,balanced
wine,16,48,130,509,adaptive_0003,adaptive,adaptive,0.0003,0.5,182,8737.0,0.0003,eta0 nominal terminal value recorded; sklearn adaptive schedule divides by 5 after n_iter_no_change without sufficient improvement,0.4943021948984585,0.9686645928889493,0,1000,0.001,0.0001,balanced
wine,16,48,130,14,adaptive_001,adaptive,adaptive,0.001,0.5,141,6769.0,0.001,eta0 nominal terminal value recorded; sklearn adaptive schedule divides by 5 after n_iter_no_change without sufficient improvement,0.31871486260819726,0.9918136908962598,0,1000,0.001,0.0001,balanced
wine,16,48,130,52,adaptive_001,adaptive,adaptive,0.001,0.5,133,6385.0,0.001,eta0 nominal terminal value recorded; sklearn adaptive schedule divides by 5 after n_iter_no_change without sufficient improvement,0.3799505289744353,0.9241970589796678,0,1000,0.001,0.0001,balanced
wine,16,48,130,88,adaptive_001,adaptive,adaptive,0.001,0.5,142,6817.0,0.001,eta0 nominal terminal value recorded; sklearn adaptive schedule divides by 5 after n_iter_no_change without sufficient improvement,0.33265440812004426,0.9862514029180697,0,1000,0.001,0.0001,balanced
wine,16,48,130,121,adaptive_001,adaptive,adaptive,0.001,0.5,138,6625.0,0.001,eta0 nominal terminal value recorded; sklearn adaptive schedule divides by 5 after n_iter_no_change without sufficient improvement,0.3458735647891133,0.9616258534168982,0,1000,0.001,0.0001,balanced
wine,16,48,130,169,adaptive_001,adaptive,adaptive,0.001,0.5,137,6577.0,0.001,eta0 nominal terminal value recorded; sklearn adaptive schedule divides by 5 after n_iter_no_change without sufficient improvement,0.34365759195200163,0.939433551198257,0,1000,0.001,0.0001,balanced
wine,16,48,130,203,adaptive_001,adaptive,adaptive,0.001,0.5,140,6721.0,0.001,eta0 nominal terminal value recorded; sklearn adaptive schedule divides by 5 after n_iter_no_change without sufficient improvement,0.3557524085327985,0.9627900189697942,0,1000,0.001,0.0001,balanced
wine,16,48,130,247,adaptive_001,adaptive,adaptive,0.001,0.5,133,6385.0,0.001,eta0 nominal terminal value recorded; sklearn adaptive schedule divides by 5 after n_iter_no_change without sufficient improvement,0.34950033366121813,0.9323741682506972,0,1000,0.001,0.0001,balanced
wine,16,48,130,314,adaptive_001,adaptive,adaptive,0.001,0.5,135,6481.0,0.001,eta0 nominal terminal value recorded; sklearn adaptive schedule divides by 5 after n_iter_no_change without sufficient improvement,0.3378245085008285,0.9546079025787226,0,1000,0.001,0.0001,balanced
wine,16,48,130,415,adaptive_001,adaptive,adaptive,0.001,0.5,142,6817.0,0.001,eta0 nominal terminal value recorded; sklearn adaptive schedule divides by 5 after n_iter_no_change without sufficient improvement,0.3226062186528323,0.9546079025787226,0,1000,0.001,0.0001,balanced
wine,16,48,130,509,adaptive_001,adaptive,adaptive,0.001,0.5,145,6961.0,0.001,eta0 nominal terminal value recorded; sklearn adaptive schedule divides by 5 after n_iter_no_change without sufficient improvement,0.320501418142259,0.9837261503928171,0,1000,0.001,0.0001,balanced
wine,16,48,130,14,adaptive_003,adaptive,adaptive,0.003,0.5,112,5377.0,0.003,eta0 nominal terminal value recorded; sklearn adaptive schedule divides by 5 after n_iter_no_change without sufficient improvement,0.20106542319540407,0.9918136908962598,0,1000,0.001,0.0001,balanced
wine,16,48,130,52,adaptive_003,adaptive,adaptive,0.003,0.5,99,4753.0,0.003,eta0 nominal terminal value recorded; sklearn adaptive schedule divides by 5 after n_iter_no_change without sufficient improvement,0.30089261070498324,0.9241970589796678,0,1000,0.001,0.0001,balanced
wine,16,48,130,88,adaptive_003,adaptive,adaptive,0.003,0.5,114,5473.0,0.003,eta0 nominal terminal value recorded; sklearn adaptive schedule divides by 5 after n_iter_no_change without sufficient improvement,0.22386230669101406,0.9862514029180697,0,1000,0.001,0.0001,balanced
wine,16,48,130,121,adaptive_003,adaptive,adaptive,0.003,0.5,106,5089.0,0.003,eta0 nominal terminal value recorded; sklearn adaptive schedule divides by 5 after n_iter_no_change without sufficient improvement,0.24414300519835358,0.9616258534168982,0,1000,0.001,0.0001,balanced
wine,16,48,130,169,adaptive_003,adaptive,adaptive,0.003,0.5,105,5041.0,0.003,eta0 nominal terminal value recorded; sklearn adaptive schedule divides by 5 after n_iter_no_change without sufficient improvement,0.2513330935221493,0.939433551198257,0,1000,0.001,0.0001,balanced
wine,16,48,130,203,adaptive_003,adaptive,adaptive,0.003,0.5,107,5137.0,0.003,eta0 nominal terminal value recorded; sklearn adaptive schedule divides by 5 after n_iter_no_change without sufficient improvement,0.2508466605116538,0.9627900189697942,0,1000,0.001,0.0001,balanced
wine,16,48,130,247,adaptive_003,adaptive,adaptive,0.003,0.5,105,5041.0,0.003,eta0 nominal terminal value recorded; sklearn adaptive schedule divides by 5 after n_iter_no_change without sufficient improvement,0.25580387955534706,0.947606090368009,0,1000,0.001,0.0001,balanced
wine,16,48,130,314,adaptive_003,adaptive,adaptive,0.003,0.5,101,4849.0,0.003,eta0 nominal terminal value recorded; sklearn adaptive schedule divides by 5 after n_iter_no_change without sufficient improvement,0.23799916500501161,0.9627900189697942,0,1000,0.001,0.0001,balanced
wine,16,48,130,415,adaptive_003,adaptive,adaptive,0.003,0.5,106,5089.0,0.003,eta0 nominal terminal value recorded; sklearn adaptive schedule divides by 5 after n_iter_no_change without sufficient improvement,0.2296775164140267,0.9558534058534058,0,1000,0.001,0.0001,balanced
wine,16,48,130,509,adaptive_003,adaptive,adaptive,0.003,0.5,108,5185.0,0.003,eta0 nominal terminal value recorded; sklearn adaptive schedule divides by 5 after n_iter_no_change without sufficient improvement,0.21840981170063556,0.9837261503928171,0,1000,0.001,0.0001,balanced
wine,32,96,82,14,constant_0003,constant,constant,0.0003,0.5,136,13057.0,0.0003,constant eta0,0.4170187610372134,0.9340713066740464,0,1000,0.001,0.0001,balanced
wine,32,96,82,52,constant_0003,constant,constant,0.0003,0.5,133,12769.0,0.0003,constant eta0,0.41451640929989053,0.9340713066740464,0,1000,0.001,0.0001,balanced
wine,32,96,82,88,constant_0003,constant,constant,0.0003,0.5,127,12193.0,0.0003,constant eta0,0.41139637352235764,0.9296258733378409,0,1000,0.001,0.0001,balanced
wine,32,96,82,121,constant_0003,constant,constant,0.0003,0.5,135,12961.0,0.0003,constant eta0,0.41908399696494186,0.9340713066740464,0,1000,0.001,0.0001,balanced
wine,32,96,82,169,constant_0003,constant,constant,0.0003,0.5,134,12865.0,0.0003,constant eta0,0.4103921827976513,0.9609982174688056,0,1000,0.001,0.0001,balanced
wine,32,96,82,203,constant_0003,constant,constant,0.0003,0.5,131,12577.0,0.0003,constant eta0,0.4032981747863992,0.9646608946608947,0,1000,0.001,0.0001,balanced
wine,32,96,82,247,constant_0003,constant,constant,0.0003,0.5,131,12577.0,0.0003,constant eta0,0.42990424918270675,0.9473499473499474,0,1000,0.001,0.0001,balanced
wine,32,96,82,314,constant_0003,constant,constant,0.0003,0.5,135,12961.0,0.0003,constant eta0,0.3836099719036763,0.9896103896103896,0,1000,0.001,0.0001,balanced
wine,32,96,82,415,constant_0003,constant,constant,0.0003,0.5,131,12577.0,0.0003,constant eta0,0.42058560242772086,0.9473499473499474,0,1000,0.001,0.0001,balanced
wine,32,96,82,509,constant_0003,constant,constant,0.0003,0.5,137,13153.0,0.0003,constant eta0,0.3886576374733688,0.9855699855699855,0,1000,0.001,0.0001,balanced
wine,32,96,82,14,constant_001,constant,constant,0.001,0.5,93,8929.0,0.001,constant eta0,0.2873636646156496,0.944944944944945,0,1000,0.001,0.0001,balanced
wine,32,96,82,52,constant_001,constant,constant,0.001,0.5,92,8833.0,0.001,constant eta0,0.2846662893415388,0.9473499473499474,0,1000,0.001,0.0001,balanced
wine,32,96,82,88,constant_001,constant,constant,0.001,0.5,87,8353.0,0.001,constant eta0,0.280499090732879,0.9793233082706768,0,1000,0.001,0.0001,balanced
wine,32,96,82,121,constant_001,constant,constant,0.001,0.5,92,8833.0,0.001,constant eta0,0.2989619845598579,0.944944944944945,0,1000,0.001,0.0001,balanced
wine,32,96,82,169,constant_001,constant,constant,0.001,0.5,93,8929.0,0.001,constant eta0,0.2743239491733186,0.9609982174688056,0,1000,0.001,0.0001,balanced
wine,32,96,82,203,constant_001,constant,constant,0.001,0.5,91,8737.0,0.001,constant eta0,0.2754000591216714,0.9646608946608947,0,1000,0.001,0.0001,balanced
wine,32,96,82,247,constant_001,constant,constant,0.001,0.5,89,8545.0,0.001,constant eta0,0.30206507248528314,0.9473499473499474,0,1000,0.001,0.0001,balanced
wine,32,96,82,314,constant_001,constant,constant,0.001,0.5,95,9121.0,0.001,constant eta0,0.25097424995063977,0.9750664540138224,0,1000,0.001,0.0001,balanced
wine,32,96,82,415,constant_001,constant,constant,0.001,0.5,91,8737.0,0.001,constant eta0,0.2856887663030278,0.9473499473499474,0,1000,0.001,0.0001,balanced
wine,32,96,82,509,constant_001,constant,constant,0.001,0.5,93,8929.0,0.001,constant eta0,0.25904029827626573,1.0,0,1000,0.001,0.0001,balanced
wine,32,96,82,14,constant_003,constant,constant,0.003,0.5,63,6049.0,0.003,constant eta0,0.20870871374709454,0.9473499473499474,0,1000,0.001,0.0001,balanced
wine,32,96,82,52,constant_003,constant,constant,0.003,0.5,63,6049.0,0.003,constant eta0,0.20796765615587973,0.9609982174688056,0,1000,0.001,0.0001,balanced
wine,32,96,82,88,constant_003,constant,constant,0.003,0.5,59,5665.0,0.003,constant eta0,0.1981673631929684,0.9793233082706768,0,1000,0.001,0.0001,balanced
wine,32,96,82,121,constant_003,constant,constant,0.003,0.5,62,5953.0,0.003,constant eta0,0.22906705271526606,0.944944944944945,0,1000,0.001,0.0001,balanced
wine,32,96,82,169,constant_003,constant,constant,0.003,0.5,65,6241.0,0.003,constant eta0,0.19042004717270258,0.9896103896103896,0,1000,0.001,0.0001,balanced
wine,32,96,82,203,constant_003,constant,constant,0.003,0.5,64,6145.0,0.003,constant eta0,0.19572239322847845,0.9646608946608947,0,1000,0.001,0.0001,balanced
wine,32,96,82,247,constant_003,constant,constant,0.003,0.5,62,5953.0,0.003,constant eta0,0.21810445679281737,0.958095238095238,0,1000,0.001,0.0001,balanced
wine,32,96,82,314,constant_003,constant,constant,0.003,0.5,66,6337.0,0.003,constant eta0,0.17460891322451275,0.9750664540138224,0,1000,0.001,0.0001,balanced
wine,32,96,82,415,constant_003,constant,constant,0.003,0.5,63,6049.0,0.003,constant eta0,0.20457990731621808,0.958095238095238,0,1000,0.001,0.0001,balanced
wine,32,96,82,509,constant_003,constant,constant,0.003,0.5,64,6145.0,0.003,constant eta0,0.18192137096965938,1.0,0,1000,0.001,0.0001,balanced
wine,32,96,82,14,invscaling_0003,invscaling,invscaling,0.0003,0.5,12,1153.0,8.835000960806405e-06,"eta0 / (clf.t_ ** power_t), using sklearn update counter t_",1.0834258458833512,0.8753603074623678,0,1000,0.001,0.0001,balanced
wine,32,96,82,52,invscaling_0003,invscaling,invscaling,0.0003,0.5,11,1057.0,9.227493778812975e-06,"eta0 / (clf.t_ ** power_t), using sklearn update counter t_",1.0830979210788263,0.8643934653228061,0,1000,0.001,0.0001,balanced
wine,32,96,82,88,invscaling_0003,invscaling,invscaling,0.0003,0.5,11,1057.0,9.227493778812975e-06,"eta0 / (clf.t_ ** power_t), using sklearn update counter t_",1.0824191109185684,0.9089635854341737,0,1000,0.001,0.0001,balanced
wine,32,96,82,121,invscaling_0003,invscaling,invscaling,0.0003,0.5,11,1057.0,9.227493778812975e-06,"eta0 / (clf.t_ ** power_t), using sklearn update counter t_",1.0838194247481547,0.8912361145227763,0,1000,0.001,0.0001,balanced
wine,32,96,82,169,invscaling_0003,invscaling,invscaling,0.0003,0.5,12,1153.0,8.835000960806405e-06,"eta0 / (clf.t_ ** power_t), using sklearn update counter t_",1.0831330977985165,0.8946169772256729,0,1000,0.001,0.0001,balanced
wine,32,96,82,203,invscaling_0003,invscaling,invscaling,0.0003,0.5,11,1057.0,9.227493778812975e-06,"eta0 / (clf.t_ ** power_t), using sklearn update counter t_",1.0821545633848968,0.8593461496687302,0,1000,0.001,0.0001,balanced
wine,32,96,82,247,invscaling_0003,invscaling,invscaling,0.0003,0.5,13,1249.0,8.48867752461439e-06,"eta0 / (clf.t_ ** power_t), using sklearn update counter t_",1.082868802207883,0.8270833333333334,0,1000,0.001,0.0001,balanced
wine,32,96,82,314,invscaling_0003,invscaling,invscaling,0.0003,0.5,11,1057.0,9.227493778812975e-06,"eta0 / (clf.t_ ** power_t), using sklearn update counter t_",1.082141855542452,0.8946169772256729,0,1000,0.001,0.0001,balanced
wine,32,96,82,415,invscaling_0003,invscaling,invscaling,0.0003,0.5,12,1153.0,8.835000960806405e-06,"eta0 / (clf.t_ ** power_t), using sklearn update counter t_",1.08322925334079,0.87360747267868,0,1000,0.001,0.0001,balanced
wine,32,96,82,509,invscaling_0003,invscaling,invscaling,0.0003,0.5,11,1057.0,9.227493778812975e-06,"eta0 / (clf.t_ ** power_t), using sklearn update counter t_",1.0830044723377759,0.9232804232804233,0,1000,0.001,0.0001,balanced
wine,32,96,82,14,invscaling_001,invscaling,invscaling,0.001,0.5,46,4417.0,1.5046528094465257e-05,"eta0 / (clf.t_ ** power_t), using sklearn update counter t_",1.0102467583225103,0.8753603074623678,0,1000,0.001,0.0001,balanced
wine,32,96,82,52,invscaling_001,invscaling,invscaling,0.001,0.5,46,4417.0,1.5046528094465257e-05,"eta0 / (clf.t_ ** power_t), using sklearn update counter t_",1.0057494455394944,0.8776867595411962,0,1000,0.001,0.0001,balanced
wine,32,96,82,88,invscaling_001,invscaling,invscaling,0.001,0.5,45,4321.0,1.5212754852621891e-05,"eta0 / (clf.t_ ** power_t), using sklearn update counter t_",1.00237049478417,0.8946169772256729,0,1000,0.001,0.0001,balanced
wine,32,96,82,121,invscaling_001,invscaling,invscaling,0.001,0.5,44,4225.0,1.5384615384615384e-05,"eta0 / (clf.t_ ** power_t), using sklearn update counter t_",1.009102446546647,0.8912361145227763,0,1000,0.001,0.0001,balanced
wine,32,96,82,169,invscaling_001,invscaling,invscaling,0.001,0.5,47,4513.0,1.4885633885281127e-05,"eta0 / (clf.t_ ** power_t), using sklearn update counter t_",1.0080858311556413,0.8946169772256729,0,1000,0.001,0.0001,balanced
wine,32,96,82,203,invscaling_001,invscaling,invscaling,0.001,0.5,46,4417.0,1.5046528094465257e-05,"eta0 / (clf.t_ ** power_t), using sklearn update counter t_",1.0007236027931266,0.8593461496687302,0,1000,0.001,0.0001,balanced
wine,32,96,82,247,invscaling_001,invscaling,invscaling,0.001,0.5,52,4993.0,1.4152045525279001e-05,"eta0 / (clf.t_ ** power_t), using sklearn update counter t_",1.0047360604574325,0.8270833333333334,0,1000,0.001,0.0001,balanced
wine,32,96,82,314,invscaling_001,invscaling,invscaling,0.001,0.5,44,4225.0,1.5384615384615384e-05,"eta0 / (clf.t_ ** power_t), using sklearn update counter t_",1.0023038411575023,0.8883617963314357,0,1000,0.001,0.0001,balanced
wine,32,96,82,415,invscaling_001,invscaling,invscaling,0.001,0.5,50,4801.0,1.4432253448298278e-05,"eta0 / (clf.t_ ** power_t), using sklearn update counter t_",1.0074115048178736,0.87360747267868,0,1000,0.001,0.0001,balanced
wine,32,96,82,509,invscaling_001,invscaling,invscaling,0.001,0.5,44,4225.0,1.5384615384615384e-05,"eta0 / (clf.t_ ** power_t), using sklearn update counter t_",1.0076509452703393,0.9232804232804233,0,1000,0.001,0.0001,balanced
wine,32,96,82,14,invscaling_003,invscaling,invscaling,0.003,0.5,85,8161.0,3.3208523434096805e-05,"eta0 / (clf.t_ ** power_t), using sklearn update counter t_",0.8113814160441051,0.9211165711165711,0,1000,0.001,0.0001,balanced
wine,32,96,82,52,invscaling_003,invscaling,invscaling,0.003,0.5,87,8353.0,3.2824643196927925e-05,"eta0 / (clf.t_ ** power_t), using sklearn update counter t_",0.8010790287620698,0.9125552535485819,0,1000,0.001,0.0001,balanced
wine,32,96,82,88,invscaling_003,invscaling,invscaling,0.003,0.5,83,7969.0,3.360619486480885e-05,"eta0 / (clf.t_ ** power_t), using sklearn update counter t_",0.7949534537978238,0.9296258733378409,0,1000,0.001,0.0001,balanced
wine,32,96,82,121,invscaling_003,invscaling,invscaling,0.003,0.5,86,8257.0,3.301490959828562e-05,"eta0 / (clf.t_ ** power_t), using sklearn update counter t_",0.8051294730117464,0.9125552535485819,0,1000,0.001,0.0001,balanced
wine,32,96,82,169,invscaling_003,invscaling,invscaling,0.003,0.5,84,8065.0,3.3405584024491457e-05,"eta0 / (clf.t_ ** power_t), using sklearn update counter t_",0.8067459622613745,0.9296258733378409,0,1000,0.001,0.0001,balanced
wine,32,96,82,203,invscaling_003,invscaling,invscaling,0.003,0.5,85,8161.0,3.3208523434096805e-05,"eta0 / (clf.t_ ** power_t), using sklearn update counter t_",0.7918166534764841,0.8841575974652156,0,1000,0.001,0.0001,balanced
wine,32,96,82,247,invscaling_003,invscaling,invscaling,0.003,0.5,88,8449.0,3.263762887100861e-05,"eta0 / (clf.t_ ** power_t), using sklearn update counter t_",0.8049723149894058,0.8847879173966131,0,1000,0.001,0.0001,balanced
wine,32,96,82,314,invscaling_003,invscaling,invscaling,0.003,0.5,82,7873.0,3.381046385400705e-05,"eta0 / (clf.t_ ** power_t), using sklearn update counter t_",0.7907979832956675,0.9400172469853117,0,1000,0.001,0.0001,balanced
wine,32,96,82,415,invscaling_003,invscaling,invscaling,0.003,0.5,86,8257.0,3.301490959828562e-05,"eta0 / (clf.t_ ** power_t), using sklearn update counter t_",0.8096235742563194,0.9101863432849348,0,1000,0.001,0.0001,balanced
wine,32,96,82,509,invscaling_003,invscaling,invscaling,0.003,0.5,83,7969.0,3.360619486480885e-05,"eta0 / (clf.t_ ** power_t), using sklearn update counter t_",0.799355002250946,0.9504693769399651,0,1000,0.001,0.0001,balanced
wine,32,96,82,14,adaptive_0003,adaptive,adaptive,0.0003,0.5,156,14977.0,0.0003,eta0 nominal terminal value recorded; sklearn adaptive schedule divides by 5 after n_iter_no_change without sufficient improvement,0.4151300436088884,0.9340713066740464,0,1000,0.001,0.0001,balanced
wine,32,96,82,52,adaptive_0003,adaptive,adaptive,0.0003,0.5,153,14689.0,0.0003,eta0 nominal terminal value recorded; sklearn adaptive schedule divides by 5 after n_iter_no_change without sufficient improvement,0.4126592302758082,0.9340713066740464,0,1000,0.001,0.0001,balanced
wine,32,96,82,88,adaptive_0003,adaptive,adaptive,0.0003,0.5,147,14113.0,0.0003,eta0 nominal terminal value recorded; sklearn adaptive schedule divides by 5 after n_iter_no_change without sufficient improvement,0.40946359103641206,0.9296258733378409,0,1000,0.001,0.0001,balanced
wine,32,96,82,121,adaptive_0003,adaptive,adaptive,0.0003,0.5,155,14881.0,0.0003,eta0 nominal terminal value recorded; sklearn adaptive schedule divides by 5 after n_iter_no_change without sufficient improvement,0.41732557004541243,0.9340713066740464,0,1000,0.001,0.0001,balanced
wine,32,96,82,169,adaptive_0003,adaptive,adaptive,0.0003,0.5,154,14785.0,0.0003,eta0 nominal terminal value recorded; sklearn adaptive schedule divides by 5 after n_iter_no_change without sufficient improvement,0.408435518241166,0.9609982174688056,0,1000,0.001,0.0001,balanced
wine,32,96,82,203,adaptive_0003,adaptive,adaptive,0.0003,0.5,151,14497.0,0.0003,eta0 nominal terminal value recorded; sklearn adaptive schedule divides by 5 after n_iter_no_change without sufficient improvement,0.4014645590981185,0.9646608946608947,0,1000,0.001,0.0001,balanced
wine,32,96,82,247,adaptive_0003,adaptive,adaptive,0.0003,0.5,151,14497.0,0.0003,eta0 nominal terminal value recorded; sklearn adaptive schedule divides by 5 after n_iter_no_change without sufficient improvement,0.4280203886376848,0.9473499473499474,0,1000,0.001,0.0001,balanced
wine,32,96,82,314,adaptive_0003,adaptive,adaptive,0.0003,0.5,155,14881.0,0.0003,eta0 nominal terminal value recorded; sklearn adaptive schedule divides by 5 after n_iter_no_change without sufficient improvement,0.38171479841929556,0.9896103896103896,0,1000,0.001,0.0001,balanced
wine,32,96,82,415,adaptive_0003,adaptive,adaptive,0.0003,0.5,151,14497.0,0.0003,eta0 nominal terminal value recorded; sklearn adaptive schedule divides by 5 after n_iter_no_change without sufficient improvement,0.4186321882596539,0.9473499473499474,0,1000,0.001,0.0001,balanced
wine,32,96,82,509,adaptive_0003,adaptive,adaptive,0.0003,0.5,157,15073.0,0.0003,eta0 nominal terminal value recorded; sklearn adaptive schedule divides by 5 after n_iter_no_change without sufficient improvement,0.38679320004679246,0.9855699855699855,0,1000,0.001,0.0001,balanced
wine,32,96,82,14,adaptive_001,adaptive,adaptive,0.001,0.5,118,11329.0,0.001,eta0 nominal terminal value recorded; sklearn adaptive schedule divides by 5 after n_iter_no_change without sufficient improvement,0.28538290126236976,0.944944944944945,0,1000,0.001,0.0001,balanced
wine,32,96,82,52,adaptive_001,adaptive,adaptive,0.001,0.5,117,11233.0,0.001,eta0 nominal terminal value recorded; sklearn adaptive schedule divides by 5 after n_iter_no_change without sufficient improvement,0.28276263594954426,0.9473499473499474,0,1000,0.001,0.0001,balanced
wine,32,96,82,88,adaptive_001,adaptive,adaptive,0.001,0.5,112,10753.0,0.001,eta0 nominal terminal value recorded; sklearn adaptive schedule divides by 5 after n_iter_no_change without sufficient improvement,0.2784202573307333,0.9793233082706768,0,1000,0.001,0.0001,balanced
wine,32,96,82,121,adaptive_001,adaptive,adaptive,0.001,0.5,117,11233.0,0.001,eta0 nominal terminal value recorded; sklearn adaptive schedule divides by 5 after n_iter_no_change without sufficient improvement,0.29718205190434815,0.944944944944945,0,1000,0.001,0.0001,balanced
wine,32,96,82,169,adaptive_001,adaptive,adaptive,0.001,0.5,118,11329.0,0.001,eta0 nominal terminal value recorded; sklearn adaptive schedule divides by 5 after n_iter_no_change without sufficient improvement,0.2722470886119679,0.9609982174688056,0,1000,0.001,0.0001,balanced
wine,32,96,82,203,adaptive_001,adaptive,adaptive,0.001,0.5,116,11137.0,0.001,eta0 nominal terminal value recorded; sklearn adaptive schedule divides by 5 after n_iter_no_change without sufficient improvement,0.27345158498509936,0.9646608946608947,0,1000,0.001,0.0001,balanced
wine,32,96,82,247,adaptive_001,adaptive,adaptive,0.001,0.5,114,10945.0,0.001,eta0 nominal terminal value recorded; sklearn adaptive schedule divides by 5 after n_iter_no_change without sufficient improvement,0.29999723925383887,0.9473499473499474,0,1000,0.001,0.0001,balanced
wine,32,96,82,314,adaptive_001,adaptive,adaptive,0.001,0.5,120,11521.0,0.001,eta0 nominal terminal value recorded; sklearn adaptive schedule divides by 5 after n_iter_no_change without sufficient improvement,0.24907979870830488,0.9750664540138224,0,1000,0.001,0.0001,balanced
wine,32,96,82,415,adaptive_001,adaptive,adaptive,0.001,0.5,116,11137.0,0.001,eta0 nominal terminal value recorded; sklearn adaptive schedule divides by 5 after n_iter_no_change without sufficient improvement,0.2836579087973511,0.9473499473499474,0,1000,0.001,0.0001,balanced
wine,32,96,82,509,adaptive_001,adaptive,adaptive,0.001,0.5,118,11329.0,0.001,eta0 nominal terminal value recorded; sklearn adaptive schedule divides by 5 after n_iter_no_change without sufficient improvement,0.257153219493063,1.0,0,1000,0.001,0.0001,balanced
wine,32,96,82,14,adaptive_003,adaptive,adaptive,0.003,0.5,88,8449.0,0.003,eta0 nominal terminal value recorded; sklearn adaptive schedule divides by 5 after n_iter_no_change without sufficient improvement,0.20671772070407912,0.9473499473499474,0,1000,0.001,0.0001,balanced
wine,32,96,82,52,adaptive_003,adaptive,adaptive,0.003,0.5,88,8449.0,0.003,eta0 nominal terminal value recorded; sklearn adaptive schedule divides by 5 after n_iter_no_change without sufficient improvement,0.20620966069474778,0.9609982174688056,0,1000,0.001,0.0001,balanced
wine,32,96,82,88,adaptive_003,adaptive,adaptive,0.003,0.5,84,8065.0,0.003,eta0 nominal terminal value recorded; sklearn adaptive schedule divides by 5 after n_iter_no_change without sufficient improvement,0.19604679671219508,0.9793233082706768,0,1000,0.001,0.0001,balanced
wine,32,96,82,121,adaptive_003,adaptive,adaptive,0.003,0.5,87,8353.0,0.003,eta0 nominal terminal value recorded; sklearn adaptive schedule divides by 5 after n_iter_no_change without sufficient improvement,0.227364166200389,0.944944944944945,0,1000,0.001,0.0001,balanced
wine,32,96,82,169,adaptive_003,adaptive,adaptive,0.003,0.5,90,8641.0,0.003,eta0 nominal terminal value recorded; sklearn adaptive schedule divides by 5 after n_iter_no_change without sufficient improvement,0.18843390006741803,0.9896103896103896,0,1000,0.001,0.0001,balanced
wine,32,96,82,203,adaptive_003,adaptive,adaptive,0.003,0.5,89,8545.0,0.003,eta0 nominal terminal value recorded; sklearn adaptive schedule divides by 5 after n_iter_no_change without sufficient improvement,0.1937940595161868,0.9646608946608947,0,1000,0.001,0.0001,balanced
wine,32,96,82,247,adaptive_003,adaptive,adaptive,0.003,0.5,87,8353.0,0.003,eta0 nominal terminal value recorded; sklearn adaptive schedule divides by 5 after n_iter_no_change without sufficient improvement,0.21599769038648622,0.958095238095238,0,1000,0.001,0.0001,balanced
wine,32,96,82,314,adaptive_003,adaptive,adaptive,0.003,0.5,91,8737.0,0.003,eta0 nominal terminal value recorded; sklearn adaptive schedule divides by 5 after n_iter_no_change without sufficient improvement,0.17286729700071932,0.9750664540138224,0,1000,0.001,0.0001,balanced
wine,32,96,82,415,adaptive_003,adaptive,adaptive,0.003,0.5,88,8449.0,0.003,eta0 nominal terminal value recorded; sklearn adaptive schedule divides by 5 after n_iter_no_change without sufficient improvement,0.2025875026759838,0.958095238095238,0,1000,0.001,0.0001,balanced
wine,32,96,82,509,adaptive_003,adaptive,adaptive,0.003,0.5,89,8545.0,0.003,eta0 nominal terminal value recorded; sklearn adaptive schedule divides by 5 after n_iter_no_change without sufficient improvement,0.18012229191563986,1.0,0,1000,0.001,0.0001,balanced
breast_cancer,4,8,561,14,constant_0003,constant,constant,0.0003,0.5,164,1313.0,0.0003,constant eta0,0.2661477716346767,0.9038244215785404,0,1000,0.001,0.0001,balanced
breast_cancer,4,8,561,52,constant_0003,constant,constant,0.0003,0.5,168,1345.0,0.0003,constant eta0,0.2673497078564673,0.9633717633717633,0,1000,0.001,0.0001,balanced
breast_cancer,4,8,561,88,constant_0003,constant,constant,0.0003,0.5,178,1425.0,0.0003,constant eta0,0.31988394185094676,0.9584489213283418,0,1000,0.001,0.0001,balanced
breast_cancer,4,8,561,121,constant_0003,constant,constant,0.0003,0.5,168,1345.0,0.0003,constant eta0,0.29629450208308866,0.9470052935228692,0,1000,0.001,0.0001,balanced
breast_cancer,4,8,561,169,constant_0003,constant,constant,0.0003,0.5,119,953.0,0.0003,constant eta0,0.42356151064824077,0.8691348973607038,0,1000,0.001,0.0001,balanced
breast_cancer,4,8,561,203,constant_0003,constant,constant,0.0003,0.5,168,1345.0,0.0003,constant eta0,0.3326214608667539,0.9044940502041171,0,1000,0.001,0.0001,balanced
breast_cancer,4,8,561,247,constant_0003,constant,constant,0.0003,0.5,161,1289.0,0.0003,constant eta0,0.3397035194439013,0.9167476121094382,0,1000,0.001,0.0001,balanced
breast_cancer,4,8,561,314,constant_0003,constant,constant,0.0003,0.5,164,1313.0,0.0003,constant eta0,0.39367552303312703,0.9629670806913924,0,1000,0.001,0.0001,balanced
breast_cancer,4,8,561,415,constant_0003,constant,constant,0.0003,0.5,155,1241.0,0.0003,constant eta0,0.3141227464499148,0.8957880397391089,0,1000,0.001,0.0001,balanced
breast_cancer,4,8,561,509,constant_0003,constant,constant,0.0003,0.5,155,1241.0,0.0003,constant eta0,0.42463819849000345,0.8412604501607717,0,1000,0.001,0.0001,balanced
breast_cancer,4,8,561,14,constant_001,constant,constant,0.001,0.5,109,873.0,0.001,constant eta0,0.22288753205933376,0.8978142076502733,0,1000,0.001,0.0001,balanced
breast_cancer,4,8,561,52,constant_001,constant,constant,0.001,0.5,123,985.0,0.001,constant eta0,0.1804232851309701,0.9616436482975523,0,1000,0.001,0.0001,balanced
breast_cancer,4,8,561,88,constant_001,constant,constant,0.001,0.5,136,1089.0,0.001,constant eta0,0.21767167624356334,0.9529079547782058,0,1000,0.001,0.0001,balanced
breast_cancer,4,8,561,121,constant_001,constant,constant,0.001,0.5,119,953.0,0.001,constant eta0,0.20880046447603143,0.9451076320939336,0,1000,0.001,0.0001,balanced
breast_cancer,4,8,561,169,constant_001,constant,constant,0.001,0.5,90,721.0,0.001,constant eta0,0.3906874173527267,0.8664285714285714,0,1000,0.001,0.0001,balanced
breast_cancer,4,8,561,203,constant_001,constant,constant,0.001,0.5,111,889.0,0.001,constant eta0,0.2654722033894869,0.9085992990775694,0,1000,0.001,0.0001,balanced
breast_cancer,4,8,561,247,constant_001,constant,constant,0.001,0.5,115,921.0,0.001,constant eta0,0.26262296505217925,0.9168978426566834,0,1000,0.001,0.0001,balanced
breast_cancer,4,8,561,314,constant_001,constant,constant,0.001,0.5,106,849.0,0.001,constant eta0,0.3146772460746971,0.9611495844875346,0,1000,0.001,0.0001,balanced
breast_cancer,4,8,561,415,constant_001,constant,constant,0.001,0.5,103,825.0,0.001,constant eta0,0.25120197920377835,0.8976083475386125,0,1000,0.001,0.0001,balanced
breast_cancer,4,8,561,509,constant_001,constant,constant,0.001,0.5,112,897.0,0.001,constant eta0,0.3866388566771022,0.8342965017722299,0,1000,0.001,0.0001,balanced
breast_cancer,4,8,561,14,constant_003,constant,constant,0.003,0.5,71,569.0,0.003,constant eta0,0.217418496051273,0.8978142076502733,0,1000,0.001,0.0001,balanced
breast_cancer,4,8,561,52,constant_003,constant,constant,0.003,0.5,84,673.0,0.003,constant eta0,0.14312391256132628,0.959766680213239,0,1000,0.001,0.0001,balanced
breast_cancer,4,8,561,88,constant_003,constant,constant,0.003,0.5,93,745.0,0.003,constant eta0,0.17269085243782517,0.9473930982745686,0,1000,0.001,0.0001,balanced
breast_cancer,4,8,561,121,constant_003,constant,constant,0.003,0.5,79,633.0,0.003,constant eta0,0.16744893080443543,0.9471303364433135,0,1000,0.001,0.0001,balanced
breast_cancer,4,8,561,169,constant_003,constant,constant,0.003,0.5,104,833.0,0.003,constant eta0,0.5112682618890341,0.8267758763590268,0,1000,0.001,0.0001,balanced
breast_cancer,4,8,561,203,constant_003,constant,constant,0.003,0.5,70,561.0,0.003,constant eta0,0.23515595411092463,0.9124886906061835,0,1000,0.001,0.0001,balanced
breast_cancer,4,8,561,247,constant_003,constant,constant,0.003,0.5,78,625.0,0.003,constant eta0,0.2258539718105053,0.9224942294408034,0,1000,0.001,0.0001,balanced
breast_cancer,4,8,561,314,constant_003,constant,constant,0.003,0.5,67,537.0,0.003,constant eta0,0.2652408847475668,0.9611495844875346,0,1000,0.001,0.0001,balanced
breast_cancer,4,8,561,415,constant_003,constant,constant,0.003,0.5,67,537.0,0.003,constant eta0,0.22327116846880274,0.9032998703770099,0,1000,0.001,0.0001,balanced
breast_cancer,4,8,561,509,constant_003,constant,constant,0.003,0.5,76,609.0,0.003,constant eta0,0.37930439968715496,0.8308159232072275,0,1000,0.001,0.0001,balanced
breast_cancer,4,8,561,14,invscaling_0003,invscaling,invscaling,0.0003,0.5,13,105.0,2.9277002188455994e-05,"eta0 / (clf.t_ ** power_t), using sklearn update counter t_",0.6726347556144296,0.9058987978753146,0,1000,0.001,0.0001,balanced
breast_cancer,4,8,561,52,invscaling_0003,invscaling,invscaling,0.0003,0.5,10,81.0,3.333333333333333e-05,"eta0 / (clf.t_ ** power_t), using sklearn update counter t_",0.6773695189354799,0.9514908982744249,0,1000,0.001,0.0001,balanced
breast_cancer,4,8,561,88,invscaling_0003,invscaling,invscaling,0.0003,0.5,8,65.0,3.721042037676254e-05,"eta0 / (clf.t_ ** power_t), using sklearn update counter t_",0.684302980775188,0.9546715505400092,0,1000,0.001,0.0001,balanced
breast_cancer,4,8,561,121,invscaling_0003,invscaling,invscaling,0.0003,0.5,11,89.0,3.17999364001908e-05,"eta0 / (clf.t_ ** power_t), using sklearn update counter t_",0.6792383739650518,0.9347547974413646,0,1000,0.001,0.0001,balanced
breast_cancer,4,8,561,169,invscaling_0003,invscaling,invscaling,0.0003,0.5,11,89.0,3.17999364001908e-05,"eta0 / (clf.t_ ** power_t), using sklearn update counter t_",0.6802604038450141,0.8706876680752977,0,1000,0.001,0.0001,balanced
breast_cancer,4,8,561,203,invscaling_0003,invscaling,invscaling,0.0003,0.5,12,97.0,3.046038495400857e-05,"eta0 / (clf.t_ ** power_t), using sklearn update counter t_",0.6789935258265726,0.9083922522366021,0,1000,0.001,0.0001,balanced
breast_cancer,4,8,561,247,invscaling_0003,invscaling,invscaling,0.0003,0.5,12,97.0,3.046038495400857e-05,"eta0 / (clf.t_ ** power_t), using sklearn update counter t_",0.678681318021872,0.9039322277475397,0,1000,0.001,0.0001,balanced
breast_cancer,4,8,561,314,invscaling_0003,invscaling,invscaling,0.0003,0.5,13,105.0,2.9277002188455994e-05,"eta0 / (clf.t_ ** power_t), using sklearn update counter t_",0.6822685175554674,0.9529493989376573,0,1000,0.001,0.0001,balanced
breast_cancer,4,8,561,415,invscaling_0003,invscaling,invscaling,0.0003,0.5,15,121.0,2.727272727272727e-05,"eta0 / (clf.t_ ** power_t), using sklearn update counter t_",0.6735612822357268,0.8923814743765415,0,1000,0.001,0.0001,balanced
breast_cancer,4,8,561,509,invscaling_0003,invscaling,invscaling,0.0003,0.5,14,113.0,2.8221626051507916e-05,"eta0 / (clf.t_ ** power_t), using sklearn update counter t_",0.6780782638109986,0.8393930718580017,0,1000,0.001,0.0001,balanced
breast_cancer,4,8,561,14,invscaling_001,invscaling,invscaling,0.001,0.5,53,425.0,4.850712500726659e-05,"eta0 / (clf.t_ ** power_t), using sklearn update counter t_",0.5690523986753047,0.9058987978753146,0,1000,0.001,0.0001,balanced
breast_cancer,4,8,561,52,invscaling_001,invscaling,invscaling,0.001,0.5,38,305.0,5.7259833431386826e-05,"eta0 / (clf.t_ ** power_t), using sklearn update counter t_",0.5993420122713135,0.9552719974209383,0,1000,0.001,0.0001,balanced
breast_cancer,4,8,561,88,invscaling_001,invscaling,invscaling,0.001,0.5,27,217.0,6.788442333021308e-05,"eta0 / (clf.t_ ** power_t), using sklearn update counter t_",0.6388922398119197,0.9583738060547191,0,1000,0.001,0.0001,balanced
breast_cancer,4,8,561,121,invscaling_001,invscaling,invscaling,0.001,0.5,44,353.0,5.322462954123495e-05,"eta0 / (clf.t_ ** power_t), using sklearn update counter t_",0.6062977239856513,0.9326939363143631,0,1000,0.001,0.0001,balanced
breast_cancer,4,8,561,169,invscaling_001,invscaling,invscaling,0.001,0.5,43,345.0,5.383819020581655e-05,"eta0 / (clf.t_ ** power_t), using sklearn update counter t_",0.6146599225715672,0.8689217335576384,0,1000,0.001,0.0001,balanced
breast_cancer,4,8,561,203,invscaling_001,invscaling,invscaling,0.001,0.5,52,417.0,4.8970210687439175e-05,"eta0 / (clf.t_ ** power_t), using sklearn update counter t_",0.6043127833228724,0.9083922522366021,0,1000,0.001,0.0001,balanced
breast_cancer,4,8,561,247,invscaling_001,invscaling,invscaling,0.001,0.5,49,393.0,5.044332723053183e-05,"eta0 / (clf.t_ ** power_t), using sklearn update counter t_",0.6046291939458078,0.9095039655867725,0,1000,0.001,0.0001,balanced
breast_cancer,4,8,561,314,invscaling_001,invscaling,invscaling,0.001,0.5,58,465.0,4.637388957601683e-05,"eta0 / (clf.t_ ** power_t), using sklearn update counter t_",0.6234771870066044,0.9529493989376573,0,1000,0.001,0.0001,balanced
breast_cancer,4,8,561,415,invscaling_001,invscaling,invscaling,0.001,0.5,61,489.0,4.522156316461346e-05,"eta0 / (clf.t_ ** power_t), using sklearn update counter t_",0.5782124299871194,0.892156862745098,0,1000,0.001,0.0001,balanced
breast_cancer,4,8,561,509,invscaling_001,invscaling,invscaling,0.001,0.5,56,449.0,4.719291781830087e-05,"eta0 / (clf.t_ ** power_t), using sklearn update counter t_",0.6069910840845705,0.8393930718580017,0,1000,0.001,0.0001,balanced
breast_cancer,4,8,561,14,invscaling_003,invscaling,invscaling,0.003,0.5,99,793.0,0.00010653312363426525,"eta0 / (clf.t_ ** power_t), using sklearn update counter t_",0.3730954647343291,0.9058987978753146,0,1000,0.001,0.0001,balanced
breast_cancer,4,8,561,52,invscaling_003,invscaling,invscaling,0.003,0.5,87,697.0,0.00011363310286178554,"eta0 / (clf.t_ ** power_t), using sklearn update counter t_",0.4076358103570558,0.9574519429658843,0,1000,0.001,0.0001,balanced
breast_cancer,4,8,561,88,invscaling_003,invscaling,invscaling,0.003,0.5,79,633.0,0.00011923929502757464,"eta0 / (clf.t_ ** power_t), using sklearn update counter t_",0.47969346945769054,0.9546715505400092,0,1000,0.001,0.0001,balanced
breast_cancer,4,8,561,121,invscaling_003,invscaling,invscaling,0.003,0.5,91,729.0,0.00011111111111111112,"eta0 / (clf.t_ ** power_t), using sklearn update counter t_",0.4325175497729393,0.9368100923631448,0,1000,0.001,0.0001,balanced
breast_cancer,4,8,561,169,invscaling_003,invscaling,invscaling,0.003,0.5,72,577.0,0.000124891634136544,"eta0 / (clf.t_ ** power_t), using sklearn update counter t_",0.49071528281305343,0.8708998555882029,0,1000,0.001,0.0001,balanced
breast_cancer,4,8,561,203,invscaling_003,invscaling,invscaling,0.003,0.5,99,793.0,0.00010653312363426525,"eta0 / (clf.t_ ** power_t), using sklearn update counter t_",0.444372893184462,0.9065493211915934,0,1000,0.001,0.0001,balanced
breast_cancer,4,8,561,247,invscaling_003,invscaling,invscaling,0.003,0.5,90,721.0,0.0001117258384085788,"eta0 / (clf.t_ ** power_t), using sklearn update counter t_",0.45278523444916763,0.9131204718683509,0,1000,0.001,0.0001,balanced
breast_cancer,4,8,561,314,invscaling_003,invscaling,invscaling,0.003,0.5,101,809.0,0.0001054743830901945,"eta0 / (clf.t_ ** power_t), using sklearn update counter t_",0.4956342922414977,0.9549628791924523,0,1000,0.001,0.0001,balanced
breast_cancer,4,8,561,415,invscaling_003,invscaling,invscaling,0.003,0.5,97,777.0,0.00010762440050012629,"eta0 / (clf.t_ ** power_t), using sklearn update counter t_",0.414972825904554,0.893970893970894,0,1000,0.001,0.0001,balanced
breast_cancer,4,8,561,509,invscaling_003,invscaling,invscaling,0.003,0.5,90,721.0,0.0001117258384085788,"eta0 / (clf.t_ ** power_t), using sklearn update counter t_",0.4920594409186648,0.843002216310631,0,1000,0.001,0.0001,balanced
breast_cancer,4,8,561,14,adaptive_0003,adaptive,adaptive,0.0003,0.5,184,1473.0,0.0003,eta0 nominal terminal value recorded; sklearn adaptive schedule divides by 5 after n_iter_no_change without sufficient improvement,0.2654919785268775,0.9038244215785404,0,1000,0.001,0.0001,balanced
breast_cancer,4,8,561,52,adaptive_0003,adaptive,adaptive,0.0003,0.5,188,1505.0,0.0003,eta0 nominal terminal value recorded; sklearn adaptive schedule divides by 5 after n_iter_no_change without sufficient improvement,0.26642026195063895,0.9633717633717633,0,1000,0.001,0.0001,balanced
breast_cancer,4,8,561,88,adaptive_0003,adaptive,adaptive,0.0003,0.5,198,1585.0,0.0003,eta0 nominal terminal value recorded; sklearn adaptive schedule divides by 5 after n_iter_no_change without sufficient improvement,0.31893542185315377,0.9584489213283418,0,1000,0.001,0.0001,balanced
breast_cancer,4,8,561,121,adaptive_0003,adaptive,adaptive,0.0003,0.5,188,1505.0,0.0003,eta0 nominal terminal value recorded; sklearn adaptive schedule divides by 5 after n_iter_no_change without sufficient improvement,0.295357270263067,0.9470052935228692,0,1000,0.001,0.0001,balanced
breast_cancer,4,8,561,169,adaptive_0003,adaptive,adaptive,0.0003,0.5,139,1113.0,0.0003,eta0 nominal terminal value recorded; sklearn adaptive schedule divides by 5 after n_iter_no_change without sufficient improvement,0.42280362858683607,0.8691348973607038,0,1000,0.001,0.0001,balanced
breast_cancer,4,8,561,203,adaptive_0003,adaptive,adaptive,0.0003,0.5,188,1505.0,0.0003,eta0 nominal terminal value recorded; sklearn adaptive schedule divides by 5 after n_iter_no_change without sufficient improvement,0.33182590011429713,0.9044940502041171,0,1000,0.001,0.0001,balanced
breast_cancer,4,8,561,247,adaptive_0003,adaptive,adaptive,0.0003,0.5,181,1449.0,0.0003,eta0 nominal terminal value recorded; sklearn adaptive schedule divides by 5 after n_iter_no_change without sufficient improvement,0.33885732212278213,0.9167476121094382,0,1000,0.001,0.0001,balanced
breast_cancer,4,8,561,314,adaptive_0003,adaptive,adaptive,0.0003,0.5,184,1473.0,0.0003,eta0 nominal terminal value recorded; sklearn adaptive schedule divides by 5 after n_iter_no_change without sufficient improvement,0.3928027516336304,0.9629670806913924,0,1000,0.001,0.0001,balanced
breast_cancer,4,8,561,415,adaptive_0003,adaptive,adaptive,0.0003,0.5,175,1401.0,0.0003,eta0 nominal terminal value recorded; sklearn adaptive schedule divides by 5 after n_iter_no_change without sufficient improvement,0.31330833839092587,0.8957880397391089,0,1000,0.001,0.0001,balanced
breast_cancer,4,8,561,509,adaptive_0003,adaptive,adaptive,0.0003,0.5,175,1401.0,0.0003,eta0 nominal terminal value recorded; sklearn adaptive schedule divides by 5 after n_iter_no_change without sufficient improvement,0.4241434570912404,0.8412604501607717,0,1000,0.001,0.0001,balanced
breast_cancer,4,8,561,14,adaptive_001,adaptive,adaptive,0.001,0.5,134,1073.0,0.001,eta0 nominal terminal value recorded; sklearn adaptive schedule divides by 5 after n_iter_no_change without sufficient improvement,0.2226051573909887,0.8978142076502733,0,1000,0.001,0.0001,balanced
breast_cancer,4,8,561,52,adaptive_001,adaptive,adaptive,0.001,0.5,148,1185.0,0.001,eta0 nominal terminal value recorded; sklearn adaptive schedule divides by 5 after n_iter_no_change without sufficient improvement,0.1797230277607983,0.9616436482975523,0,1000,0.001,0.0001,balanced
breast_cancer,4,8,561,88,adaptive_001,adaptive,adaptive,0.001,0.5,161,1289.0,0.001,eta0 nominal terminal value recorded; sklearn adaptive schedule divides by 5 after n_iter_no_change without sufficient improvement,0.21693463096343862,0.9529079547782058,0,1000,0.001,0.0001,balanced
breast_cancer,4,8,561,121,adaptive_001,adaptive,adaptive,0.001,0.5,144,1153.0,0.001,eta0 nominal terminal value recorded; sklearn adaptive schedule divides by 5 after n_iter_no_change without sufficient improvement,0.2080057900132746,0.9451076320939336,0,1000,0.001,0.0001,balanced
breast_cancer,4,8,561,169,adaptive_001,adaptive,adaptive,0.001,0.5,116,929.0,0.001,eta0 nominal terminal value recorded; sklearn adaptive schedule divides by 5 after n_iter_no_change without sufficient improvement,0.3908400042704685,0.8664285714285714,0,1000,0.001,0.0001,balanced
breast_cancer,4,8,561,203,adaptive_001,adaptive,adaptive,0.001,0.5,136,1089.0,0.001,eta0 nominal terminal value recorded; sklearn adaptive schedule divides by 5 after n_iter_no_change without sufficient improvement,0.26477713709867307,0.9085992990775694,0,1000,0.001,0.0001,balanced
breast_cancer,4,8,561,247,adaptive_001,adaptive,adaptive,0.001,0.5,140,1121.0,0.001,eta0 nominal terminal value recorded; sklearn adaptive schedule divides by 5 after n_iter_no_change without sufficient improvement,0.2619008759437957,0.9168978426566834,0,1000,0.001,0.0001,balanced
breast_cancer,4,8,561,314,adaptive_001,adaptive,adaptive,0.001,0.5,131,1049.0,0.001,eta0 nominal terminal value recorded; sklearn adaptive schedule divides by 5 after n_iter_no_change without sufficient improvement,0.31364250909520136,0.9611495844875346,0,1000,0.001,0.0001,balanced
breast_cancer,4,8,561,415,adaptive_001,adaptive,adaptive,0.001,0.5,128,1025.0,0.001,eta0 nominal terminal value recorded; sklearn adaptive schedule divides by 5 after n_iter_no_change without sufficient improvement,0.25051905932278234,0.8976083475386125,0,1000,0.001,0.0001,balanced
breast_cancer,4,8,561,509,adaptive_001,adaptive,adaptive,0.001,0.5,137,1097.0,0.001,eta0 nominal terminal value recorded; sklearn adaptive schedule divides by 5 after n_iter_no_change without sufficient improvement,0.386369410020067,0.8325561243320442,0,1000,0.001,0.0001,balanced
breast_cancer,4,8,561,14,adaptive_003,adaptive,adaptive,0.003,0.5,96,769.0,0.003,eta0 nominal terminal value recorded; sklearn adaptive schedule divides by 5 after n_iter_no_change without sufficient improvement,0.2175360968356654,0.8978142076502733,0,1000,0.001,0.0001,balanced
breast_cancer,4,8,561,52,adaptive_003,adaptive,adaptive,0.003,0.5,109,873.0,0.003,eta0 nominal terminal value recorded; sklearn adaptive schedule divides by 5 after n_iter_no_change without sufficient improvement,0.14259642975937747,0.959766680213239,0,1000,0.001,0.0001,balanced
breast_cancer,4,8,561,88,adaptive_003,adaptive,adaptive,0.003,0.5,118,945.0,0.003,eta0 nominal terminal value recorded; sklearn adaptive schedule divides by 5 after n_iter_no_change without sufficient improvement,0.17208921598678487,0.9473930982745686,0,1000,0.001,0.0001,balanced
breast_cancer,4,8,561,121,adaptive_003,adaptive,adaptive,0.003,0.5,104,833.0,0.003,eta0 nominal terminal value recorded; sklearn adaptive schedule divides by 5 after n_iter_no_change without sufficient improvement,0.1667493343982343,0.9471303364433135,0,1000,0.001,0.0001,balanced
breast_cancer,4,8,561,169,adaptive_003,adaptive,adaptive,0.003,0.5,130,1041.0,0.003,eta0 nominal terminal value recorded; sklearn adaptive schedule divides by 5 after n_iter_no_change without sufficient improvement,0.5141811463792911,0.8267758763590268,0,1000,0.001,0.0001,balanced
breast_cancer,4,8,561,203,adaptive_003,adaptive,adaptive,0.003,0.5,95,761.0,0.003,eta0 nominal terminal value recorded; sklearn adaptive schedule divides by 5 after n_iter_no_change without sufficient improvement,0.23456372740051182,0.9124886906061835,0,1000,0.001,0.0001,balanced
breast_cancer,4,8,561,247,adaptive_003,adaptive,adaptive,0.003,0.5,103,825.0,0.003,eta0 nominal terminal value recorded; sklearn adaptive schedule divides by 5 after n_iter_no_change without sufficient improvement,0.22526674411291778,0.9224942294408034,0,1000,0.001,0.0001,balanced
breast_cancer,4,8,561,314,adaptive_003,adaptive,adaptive,0.003,0.5,92,737.0,0.003,eta0 nominal terminal value recorded; sklearn adaptive schedule divides by 5 after n_iter_no_change without sufficient improvement,0.26403372277747317,0.9592523545505169,0,1000,0.001,0.0001,balanced
breast_cancer,4,8,561,415,adaptive_003,adaptive,adaptive,0.003,0.5,92,737.0,0.003,eta0 nominal terminal value recorded; sklearn adaptive schedule divides by 5 after n_iter_no_change without sufficient improvement,0.2227640917810818,0.9032998703770099,0,1000,0.001,0.0001,balanced
breast_cancer,4,8,561,509,adaptive_003,adaptive,adaptive,0.003,0.5,101,809.0,0.003,eta0 nominal terminal value recorded; sklearn adaptive schedule divides by 5 after n_iter_no_change without sufficient improvement,0.379360378787578,0.8308159232072275,0,1000,0.001,0.0001,balanced
breast_cancer,8,16,553,14,constant_0003,constant,constant,0.0003,0.5,107,1713.0,0.0003,constant eta0,0.3449911845702441,0.894338429684596,0,1000,0.001,0.0001,balanced
breast_cancer,8,16,553,52,constant_0003,constant,constant,0.0003,0.5,144,2305.0,0.0003,constant eta0,0.29780954711057844,0.9585559350342066,0,1000,0.001,0.0001,balanced
breast_cancer,8,16,553,88,constant_0003,constant,constant,0.0003,0.5,136,2177.0,0.0003,constant eta0,0.29485158512828413,0.957192118226601,0,1000,0.001,0.0001,balanced
breast_cancer,8,16,553,121,constant_0003,constant,constant,0.0003,0.5,126,2017.0,0.0003,constant eta0,0.27953481157966314,0.8890989829537315,0,1000,0.001,0.0001,balanced
breast_cancer,8,16,553,169,constant_0003,constant,constant,0.0003,0.5,130,2081.0,0.0003,constant eta0,0.29186613719043547,0.9257402924513579,0,1000,0.001,0.0001,balanced
breast_cancer,8,16,553,203,constant_0003,constant,constant,0.0003,0.5,119,1905.0,0.0003,constant eta0,0.27755534038175184,0.9566317800718644,0,1000,0.001,0.0001,balanced
breast_cancer,8,16,553,247,constant_0003,constant,constant,0.0003,0.5,130,2081.0,0.0003,constant eta0,0.27357927277003463,0.9184434518793191,0,1000,0.001,0.0001,balanced
breast_cancer,8,16,553,314,constant_0003,constant,constant,0.0003,0.5,122,1953.0,0.0003,constant eta0,0.3085880071085833,0.9124496257915947,0,1000,0.001,0.0001,balanced
breast_cancer,8,16,553,415,constant_0003,constant,constant,0.0003,0.5,130,2081.0,0.0003,constant eta0,0.28313227351706394,0.9338423645320197,0,1000,0.001,0.0001,balanced
breast_cancer,8,16,553,509,constant_0003,constant,constant,0.0003,0.5,135,2161.0,0.0003,constant eta0,0.279324256577743,0.9313214108296075,0,1000,0.001,0.0001,balanced
breast_cancer,8,16,553,14,constant_001,constant,constant,0.001,0.5,71,1137.0,0.001,constant eta0,0.3057229196686072,0.8961625125180817,0,1000,0.001,0.0001,balanced
breast_cancer,8,16,553,52,constant_001,constant,constant,0.001,0.5,101,1617.0,0.001,constant eta0,0.22073024319785545,0.9525810324129652,0,1000,0.001,0.0001,balanced
breast_cancer,8,16,553,88,constant_001,constant,constant,0.001,0.5,99,1585.0,0.001,constant eta0,0.20710453843645865,0.9629132854939306,0,1000,0.001,0.0001,balanced
breast_cancer,8,16,553,121,constant_001,constant,constant,0.001,0.5,79,1265.0,0.001,constant eta0,0.24567922160657701,0.8909516587609756,0,1000,0.001,0.0001,balanced
breast_cancer,8,16,553,169,constant_001,constant,constant,0.001,0.5,91,1457.0,0.001,constant eta0,0.21920888240916642,0.929575414888314,0,1000,0.001,0.0001,balanced
breast_cancer,8,16,553,203,constant_001,constant,constant,0.001,0.5,87,1393.0,0.001,constant eta0,0.20651345257086193,0.964516910967889,0,1000,0.001,0.0001,balanced
breast_cancer,8,16,553,247,constant_001,constant,constant,0.001,0.5,88,1409.0,0.001,constant eta0,0.2216450988756273,0.9223270970279229,0,1000,0.001,0.0001,balanced
breast_cancer,8,16,553,314,constant_001,constant,constant,0.001,0.5,90,1441.0,0.001,constant eta0,0.22940804002293555,0.9183205144370192,0,1000,0.001,0.0001,balanced
breast_cancer,8,16,553,415,constant_001,constant,constant,0.001,0.5,88,1409.0,0.001,constant eta0,0.21498424665719448,0.93598481792383,0,1000,0.001,0.0001,balanced
breast_cancer,8,16,553,509,constant_001,constant,constant,0.001,0.5,95,1521.0,0.001,constant eta0,0.19820193147478132,0.9334281805745555,0,1000,0.001,0.0001,balanced
breast_cancer,8,16,553,14,constant_003,constant,constant,0.003,0.5,64,1025.0,0.003,constant eta0,0.2996421820079505,0.8706343745699738,0,1000,0.001,0.0001,balanced
breast_cancer,8,16,553,52,constant_003,constant,constant,0.003,0.5,70,1121.0,0.003,constant eta0,0.17950501900935678,0.9467147736154085,0,1000,0.001,0.0001,balanced
breast_cancer,8,16,553,88,constant_003,constant,constant,0.003,0.5,72,1153.0,0.003,constant eta0,0.15691062858644236,0.966886810728941,0,1000,0.001,0.0001,balanced
breast_cancer,8,16,553,121,constant_003,constant,constant,0.003,0.5,52,833.0,0.003,constant eta0,0.23710546323932724,0.8909516587609756,0,1000,0.001,0.0001,balanced
breast_cancer,8,16,553,169,constant_003,constant,constant,0.003,0.5,67,1073.0,0.003,constant eta0,0.17813095332986248,0.9377824071889755,0,1000,0.001,0.0001,balanced
breast_cancer,8,16,553,203,constant_003,constant,constant,0.003,0.5,82,1313.0,0.003,constant eta0,0.18241990676760378,0.948510242085661,0,1000,0.001,0.0001,balanced
breast_cancer,8,16,553,247,constant_003,constant,constant,0.003,0.5,63,1009.0,0.003,constant eta0,0.2025516864963775,0.922637866875577,0,1000,0.001,0.0001,balanced
breast_cancer,8,16,553,314,constant_003,constant,constant,0.003,0.5,65,1041.0,0.003,constant eta0,0.1881634514746828,0.9340974832887339,0,1000,0.001,0.0001,balanced
breast_cancer,8,16,553,415,constant_003,constant,constant,0.003,0.5,61,977.0,0.003,constant eta0,0.17559189491425195,0.9339780324737345,0,1000,0.001,0.0001,balanced
breast_cancer,8,16,553,509,constant_003,constant,constant,0.003,0.5,67,1073.0,0.003,constant eta0,0.15894275517674167,0.933768368943103,0,1000,0.001,0.0001,balanced
breast_cancer,8,16,553,14,invscaling_0003,invscaling,invscaling,0.0003,0.5,18,289.0,1.764705882352941e-05,"eta0 / (clf.t_ ** power_t), using sklearn update counter t_",0.6685151863235657,0.8904961907640359,0,1000,0.001,0.0001,balanced
breast_cancer,8,16,553,52,invscaling_0003,invscaling,invscaling,0.0003,0.5,12,193.0,2.1594472522460836e-05,"eta0 / (clf.t_ ** power_t), using sklearn update counter t_",0.6775740308778262,0.9546088812279405,0,1000,0.001,0.0001,balanced
breast_cancer,8,16,553,88,invscaling_0003,invscaling,invscaling,0.0003,0.5,14,225.0,1.9999999999999998e-05,"eta0 / (clf.t_ ** power_t), using sklearn update counter t_",0.6754879972322976,0.9334206798866855,0,1000,0.001,0.0001,balanced
breast_cancer,8,16,553,121,invscaling_0003,invscaling,invscaling,0.0003,0.5,19,305.0,1.7177950029416045e-05,"eta0 / (clf.t_ ** power_t), using sklearn update counter t_",0.663735261631356,0.8890989829537315,0,1000,0.001,0.0001,balanced
breast_cancer,8,16,553,169,invscaling_0003,invscaling,invscaling,0.0003,0.5,12,193.0,2.1594472522460836e-05,"eta0 / (clf.t_ ** power_t), using sklearn update counter t_",0.6764429325852708,0.925551152881932,0,1000,0.001,0.0001,balanced
breast_cancer,8,16,553,203,invscaling_0003,invscaling,invscaling,0.0003,0.5,12,193.0,2.1594472522460836e-05,"eta0 / (clf.t_ ** power_t), using sklearn update counter t_",0.6740000838649357,0.9389592123769339,0,1000,0.001,0.0001,balanced
breast_cancer,8,16,553,247,invscaling_0003,invscaling,invscaling,0.0003,0.5,15,241.0,1.9324698792024923e-05,"eta0 / (clf.t_ ** power_t), using sklearn update counter t_",0.6695099057781488,0.9164162211372512,0,1000,0.001,0.0001,balanced
breast_cancer,8,16,553,314,invscaling_0003,invscaling,invscaling,0.0003,0.5,11,177.0,2.2549380840084865e-05,"eta0 / (clf.t_ ** power_t), using sklearn update counter t_",0.676888061154489,0.9086882233006921,0,1000,0.001,0.0001,balanced
breast_cancer,8,16,553,415,invscaling_0003,invscaling,invscaling,0.0003,0.5,16,257.0,1.871348584655416e-05,"eta0 / (clf.t_ ** power_t), using sklearn update counter t_",0.6712804246196077,0.9259047699641759,0,1000,0.001,0.0001,balanced
breast_cancer,8,16,553,509,invscaling_0003,invscaling,invscaling,0.0003,0.5,12,193.0,2.1594472522460836e-05,"eta0 / (clf.t_ ** power_t), using sklearn update counter t_",0.6776663554547154,0.9292086215157511,0,1000,0.001,0.0001,balanced
breast_cancer,8,16,553,14,invscaling_001,invscaling,invscaling,0.001,0.5,64,1025.0,3.1234752377721214e-05,"eta0 / (clf.t_ ** power_t), using sklearn update counter t_",0.5661071294466063,0.8925170068027211,0,1000,0.001,0.0001,balanced
breast_cancer,8,16,553,52,invscaling_001,invscaling,invscaling,0.001,0.5,48,769.0,3.606092229873094e-05,"eta0 / (clf.t_ ** power_t), using sklearn update counter t_",0.6012021980947319,0.9546088812279405,0,1000,0.001,0.0001,balanced
breast_cancer,8,16,553,88,invscaling_001,invscaling,invscaling,0.001,0.5,53,849.0,3.431991115272901e-05,"eta0 / (clf.t_ ** power_t), using sklearn update counter t_",0.5929055196917029,0.9334206798866855,0,1000,0.001,0.0001,balanced
breast_cancer,8,16,553,121,invscaling_001,invscaling,invscaling,0.001,0.5,72,1153.0,2.945000320268802e-05,"eta0 / (clf.t_ ** power_t), using sklearn update counter t_",0.5388966782250363,0.886986264534102,0,1000,0.001,0.0001,balanced
breast_cancer,8,16,553,169,invscaling_001,invscaling,invscaling,0.001,0.5,50,801.0,3.533326266687867e-05,"eta0 / (clf.t_ ** power_t), using sklearn update counter t_",0.5918237038469514,0.923440687846109,0,1000,0.001,0.0001,balanced
breast_cancer,8,16,553,203,invscaling_001,invscaling,invscaling,0.001,0.5,47,753.0,3.644202585395018e-05,"eta0 / (clf.t_ ** power_t), using sklearn update counter t_",0.5816956530374089,0.9409944515578318,0,1000,0.001,0.0001,balanced
breast_cancer,8,16,553,247,invscaling_001,invscaling,invscaling,0.001,0.5,58,929.0,3.280893574623933e-05,"eta0 / (clf.t_ ** power_t), using sklearn update counter t_",0.5628883103093473,0.9164162211372512,0,1000,0.001,0.0001,balanced
breast_cancer,8,16,553,314,invscaling_001,invscaling,invscaling,0.001,0.5,41,657.0,3.9013715732043525e-05,"eta0 / (clf.t_ ** power_t), using sklearn update counter t_",0.5999229653962995,0.9086882233006921,0,1000,0.001,0.0001,balanced
breast_cancer,8,16,553,415,invscaling_001,invscaling,invscaling,0.001,0.5,64,1025.0,3.1234752377721214e-05,"eta0 / (clf.t_ ** power_t), using sklearn update counter t_",0.5687679637683026,0.9259047699641759,0,1000,0.001,0.0001,balanced
breast_cancer,8,16,553,509,invscaling_001,invscaling,invscaling,0.001,0.5,50,801.0,3.533326266687867e-05,"eta0 / (clf.t_ ** power_t), using sklearn update counter t_",0.5972343907175809,0.9313214108296075,0,1000,0.001,0.0001,balanced
breast_cancer,8,16,553,14,invscaling_003,invscaling,invscaling,0.003,0.5,80,1281.0,8.38198134340669e-05,"eta0 / (clf.t_ ** power_t), using sklearn update counter t_",0.42987479405411233,0.892316679648381,0,1000,0.001,0.0001,balanced
breast_cancer,8,16,553,52,invscaling_003,invscaling,invscaling,0.003,0.5,84,1345.0,8.180128247238177e-05,"eta0 / (clf.t_ ** power_t), using sklearn update counter t_",0.44782421293551455,0.9545043192102016,0,1000,0.001,0.0001,balanced
breast_cancer,8,16,553,88,invscaling_003,invscaling,invscaling,0.003,0.5,82,1313.0,8.279209869913224e-05,"eta0 / (clf.t_ ** power_t), using sklearn update counter t_",0.4435073888076231,0.943273023115969,0,1000,0.001,0.0001,balanced
breast_cancer,8,16,553,121,invscaling_003,invscaling,invscaling,0.003,0.5,95,1521.0,7.692307692307693e-05,"eta0 / (clf.t_ ** power_t), using sklearn update counter t_",0.37590014526835097,0.8890989829537315,0,1000,0.001,0.0001,balanced
breast_cancer,8,16,553,169,invscaling_003,invscaling,invscaling,0.003,0.5,83,1329.0,8.229221730726042e-05,"eta0 / (clf.t_ ** power_t), using sklearn update counter t_",0.4296125008879852,0.925551152881932,0,1000,0.001,0.0001,balanced
breast_cancer,8,16,553,203,invscaling_003,invscaling,invscaling,0.003,0.5,77,1233.0,8.543576577167609e-05,"eta0 / (clf.t_ ** power_t), using sklearn update counter t_",0.4112429289630073,0.9468354430379746,0,1000,0.001,0.0001,balanced
breast_cancer,8,16,553,247,invscaling_003,invscaling,invscaling,0.003,0.5,88,1409.0,7.992189231706229e-05,"eta0 / (clf.t_ ** power_t), using sklearn update counter t_",0.39295312434547575,0.9164162211372512,0,1000,0.001,0.0001,balanced
breast_cancer,8,16,553,314,invscaling_003,invscaling,invscaling,0.003,0.5,70,1121.0,8.960215366342484e-05,"eta0 / (clf.t_ ** power_t), using sklearn update counter t_",0.44712002004348483,0.9124496257915947,0,1000,0.001,0.0001,balanced
breast_cancer,8,16,553,415,invscaling_003,invscaling,invscaling,0.003,0.5,91,1457.0,7.859437755933692e-05,"eta0 / (clf.t_ ** power_t), using sklearn update counter t_",0.40916077376676796,0.9298045189134299,0,1000,0.001,0.0001,balanced
breast_cancer,8,16,553,509,invscaling_003,invscaling,invscaling,0.003,0.5,86,1377.0,8.084520834544432e-05,"eta0 / (clf.t_ ** power_t), using sklearn update counter t_",0.43231757840245405,0.9313214108296075,0,1000,0.001,0.0001,balanced
breast_cancer,8,16,553,14,adaptive_0003,adaptive,adaptive,0.0003,0.5,127,2033.0,0.0003,eta0 nominal terminal value recorded; sklearn adaptive schedule divides by 5 after n_iter_no_change without sufficient improvement,0.3441706728418255,0.894338429684596,0,1000,0.001,0.0001,balanced
breast_cancer,8,16,553,52,adaptive_0003,adaptive,adaptive,0.0003,0.5,164,2625.0,0.0003,eta0 nominal terminal value recorded; sklearn adaptive schedule divides by 5 after n_iter_no_change without sufficient improvement,0.29685628112494894,0.9585559350342066,0,1000,0.001,0.0001,balanced
breast_cancer,8,16,553,88,adaptive_0003,adaptive,adaptive,0.0003,0.5,156,2497.0,0.0003,eta0 nominal terminal value recorded; sklearn adaptive schedule divides by 5 after n_iter_no_change without sufficient improvement,0.29377815335058455,0.957192118226601,0,1000,0.001,0.0001,balanced
breast_cancer,8,16,553,121,adaptive_0003,adaptive,adaptive,0.0003,0.5,146,2337.0,0.0003,eta0 nominal terminal value recorded; sklearn adaptive schedule divides by 5 after n_iter_no_change without sufficient improvement,0.2788689908411333,0.8890989829537315,0,1000,0.001,0.0001,balanced
breast_cancer,8,16,553,169,adaptive_0003,adaptive,adaptive,0.0003,0.5,150,2401.0,0.0003,eta0 nominal terminal value recorded; sklearn adaptive schedule divides by 5 after n_iter_no_change without sufficient improvement,0.2908466944514417,0.9257402924513579,0,1000,0.001,0.0001,balanced
breast_cancer,8,16,553,203,adaptive_0003,adaptive,adaptive,0.0003,0.5,139,2225.0,0.0003,eta0 nominal terminal value recorded; sklearn adaptive schedule divides by 5 after n_iter_no_change without sufficient improvement,0.2764439229947209,0.9566317800718644,0,1000,0.001,0.0001,balanced
breast_cancer,8,16,553,247,adaptive_0003,adaptive,adaptive,0.0003,0.5,150,2401.0,0.0003,eta0 nominal terminal value recorded; sklearn adaptive schedule divides by 5 after n_iter_no_change without sufficient improvement,0.27274505431265605,0.9184434518793191,0,1000,0.001,0.0001,balanced
breast_cancer,8,16,553,314,adaptive_0003,adaptive,adaptive,0.0003,0.5,142,2273.0,0.0003,eta0 nominal terminal value recorded; sklearn adaptive schedule divides by 5 after n_iter_no_change without sufficient improvement,0.30747863757243754,0.9124496257915947,0,1000,0.001,0.0001,balanced
breast_cancer,8,16,553,415,adaptive_0003,adaptive,adaptive,0.0003,0.5,150,2401.0,0.0003,eta0 nominal terminal value recorded; sklearn adaptive schedule divides by 5 after n_iter_no_change without sufficient improvement,0.2821624776524275,0.9338423645320197,0,1000,0.001,0.0001,balanced
breast_cancer,8,16,553,509,adaptive_0003,adaptive,adaptive,0.0003,0.5,155,2481.0,0.0003,eta0 nominal terminal value recorded; sklearn adaptive schedule divides by 5 after n_iter_no_change without sufficient improvement,0.2782290343894399,0.9313214108296075,0,1000,0.001,0.0001,balanced
breast_cancer,8,16,553,14,adaptive_001,adaptive,adaptive,0.001,0.5,96,1537.0,0.001,eta0 nominal terminal value recorded; sklearn adaptive schedule divides by 5 after n_iter_no_change without sufficient improvement,0.3052236657209886,0.8961625125180817,0,1000,0.001,0.0001,balanced
breast_cancer,8,16,553,52,adaptive_001,adaptive,adaptive,0.001,0.5,126,2017.0,0.001,eta0 nominal terminal value recorded; sklearn adaptive schedule divides by 5 after n_iter_no_change without sufficient improvement,0.2198657827519505,0.9525810324129652,0,1000,0.001,0.0001,balanced
breast_cancer,8,16,553,88,adaptive_001,adaptive,adaptive,0.001,0.5,124,1985.0,0.001,eta0 nominal terminal value recorded; sklearn adaptive schedule divides by 5 after n_iter_no_change without sufficient improvement,0.20610908180302784,0.9629132854939306,0,1000,0.001,0.0001,balanced
breast_cancer,8,16,553,121,adaptive_001,adaptive,adaptive,0.001,0.5,104,1665.0,0.001,eta0 nominal terminal value recorded; sklearn adaptive schedule divides by 5 after n_iter_no_change without sufficient improvement,0.24527041537710975,0.8909516587609756,0,1000,0.001,0.0001,balanced
breast_cancer,8,16,553,169,adaptive_001,adaptive,adaptive,0.001,0.5,116,1857.0,0.001,eta0 nominal terminal value recorded; sklearn adaptive schedule divides by 5 after n_iter_no_change without sufficient improvement,0.21831637464617365,0.929575414888314,0,1000,0.001,0.0001,balanced
breast_cancer,8,16,553,203,adaptive_001,adaptive,adaptive,0.001,0.5,113,1809.0,0.001,eta0 nominal terminal value recorded; sklearn adaptive schedule divides by 5 after n_iter_no_change without sufficient improvement,0.20565827130129197,0.9625029888404726,0,1000,0.001,0.0001,balanced
breast_cancer,8,16,553,247,adaptive_001,adaptive,adaptive,0.001,0.5,113,1809.0,0.001,eta0 nominal terminal value recorded; sklearn adaptive schedule divides by 5 after n_iter_no_change without sufficient improvement,0.22106537860298958,0.9223270970279229,0,1000,0.001,0.0001,balanced
breast_cancer,8,16,553,314,adaptive_001,adaptive,adaptive,0.001,0.5,115,1841.0,0.001,eta0 nominal terminal value recorded; sklearn adaptive schedule divides by 5 after n_iter_no_change without sufficient improvement,0.22848886021372783,0.9183205144370192,0,1000,0.001,0.0001,balanced
breast_cancer,8,16,553,415,adaptive_001,adaptive,adaptive,0.001,0.5,113,1809.0,0.001,eta0 nominal terminal value recorded; sklearn adaptive schedule divides by 5 after n_iter_no_change without sufficient improvement,0.2140496284317483,0.93598481792383,0,1000,0.001,0.0001,balanced
breast_cancer,8,16,553,509,adaptive_001,adaptive,adaptive,0.001,0.5,120,1921.0,0.001,eta0 nominal terminal value recorded; sklearn adaptive schedule divides by 5 after n_iter_no_change without sufficient improvement,0.19728518549155374,0.9334281805745555,0,1000,0.001,0.0001,balanced
breast_cancer,8,16,553,14,adaptive_003,adaptive,adaptive,0.003,0.5,90,1441.0,0.003,eta0 nominal terminal value recorded; sklearn adaptive schedule divides by 5 after n_iter_no_change without sufficient improvement,0.3000476462176432,0.8706343745699738,0,1000,0.001,0.0001,balanced
breast_cancer,8,16,553,52,adaptive_003,adaptive,adaptive,0.003,0.5,95,1521.0,0.003,eta0 nominal terminal value recorded; sklearn adaptive schedule divides by 5 after n_iter_no_change without sufficient improvement,0.178756005399449,0.9467147736154085,0,1000,0.001,0.0001,balanced
breast_cancer,8,16,553,88,adaptive_003,adaptive,adaptive,0.003,0.5,97,1553.0,0.003,eta0 nominal terminal value recorded; sklearn adaptive schedule divides by 5 after n_iter_no_change without sufficient improvement,0.15606403562986873,0.966886810728941,0,1000,0.001,0.0001,balanced
breast_cancer,8,16,553,121,adaptive_003,adaptive,adaptive,0.003,0.5,77,1233.0,0.003,eta0 nominal terminal value recorded; sklearn adaptive schedule divides by 5 after n_iter_no_change without sufficient improvement,0.23709244977636978,0.8909516587609756,0,1000,0.001,0.0001,balanced
breast_cancer,8,16,553,169,adaptive_003,adaptive,adaptive,0.003,0.5,92,1473.0,0.003,eta0 nominal terminal value recorded; sklearn adaptive schedule divides by 5 after n_iter_no_change without sufficient improvement,0.1774067913186435,0.9377824071889755,0,1000,0.001,0.0001,balanced
breast_cancer,8,16,553,203,adaptive_003,adaptive,adaptive,0.003,0.5,108,1729.0,0.003,eta0 nominal terminal value recorded; sklearn adaptive schedule divides by 5 after n_iter_no_change without sufficient improvement,0.1824725431754764,0.948510242085661,0,1000,0.001,0.0001,balanced
breast_cancer,8,16,553,247,adaptive_003,adaptive,adaptive,0.003,0.5,88,1409.0,0.003,eta0 nominal terminal value recorded; sklearn adaptive schedule divides by 5 after n_iter_no_change without sufficient improvement,0.20236864937288196,0.922637866875577,0,1000,0.001,0.0001,balanced
breast_cancer,8,16,553,314,adaptive_003,adaptive,adaptive,0.003,0.5,91,1457.0,0.003,eta0 nominal terminal value recorded; sklearn adaptive schedule divides by 5 after n_iter_no_change without sufficient improvement,0.18725888742211091,0.9340974832887339,0,1000,0.001,0.0001,balanced
breast_cancer,8,16,553,415,adaptive_003,adaptive,adaptive,0.003,0.5,86,1377.0,0.003,eta0 nominal terminal value recorded; sklearn adaptive schedule divides by 5 after n_iter_no_change without sufficient improvement,0.17474596805840287,0.9339780324737345,0,1000,0.001,0.0001,balanced
breast_cancer,8,16,553,509,adaptive_003,adaptive,adaptive,0.003,0.5,92,1473.0,0.003,eta0 nominal terminal value recorded; sklearn adaptive schedule divides by 5 after n_iter_no_change without sufficient improvement,0.1582896008845502,0.933768368943103,0,1000,0.001,0.0001,balanced
breast_cancer,16,32,537,14,constant_0003,constant,constant,0.0003,0.5,105,3361.0,0.0003,constant eta0,0.2631442255529086,0.8960270306182494,0,1000,0.001,0.0001,balanced
breast_cancer,16,32,537,52,constant_0003,constant,constant,0.0003,0.5,102,3265.0,0.0003,constant eta0,0.23846361233078114,0.937496120181265,0,1000,0.001,0.0001,balanced
breast_cancer,16,32,537,88,constant_0003,constant,constant,0.0003,0.5,107,3425.0,0.0003,constant eta0,0.24105917022679543,0.9235042735042736,0,1000,0.001,0.0001,balanced
breast_cancer,16,32,537,121,constant_0003,constant,constant,0.0003,0.5,82,2625.0,0.0003,constant eta0,0.29681299394000554,0.9196540786402538,0,1000,0.001,0.0001,balanced
breast_cancer,16,32,537,169,constant_0003,constant,constant,0.0003,0.5,109,3489.0,0.0003,constant eta0,0.22705900137490515,0.9412926695945564,0,1000,0.001,0.0001,balanced
breast_cancer,16,32,537,203,constant_0003,constant,constant,0.0003,0.5,98,3137.0,0.0003,constant eta0,0.24106227583832723,0.9267779574186259,0,1000,0.001,0.0001,balanced
breast_cancer,16,32,537,247,constant_0003,constant,constant,0.0003,0.5,107,3425.0,0.0003,constant eta0,0.24358742194848798,0.952644231690905,0,1000,0.001,0.0001,balanced
breast_cancer,16,32,537,314,constant_0003,constant,constant,0.0003,0.5,108,3457.0,0.0003,constant eta0,0.25760766195373913,0.9501531606794764,0,1000,0.001,0.0001,balanced
breast_cancer,16,32,537,415,constant_0003,constant,constant,0.0003,0.5,92,2945.0,0.0003,constant eta0,0.27410259250233804,0.9226224783861672,0,1000,0.001,0.0001,balanced
breast_cancer,16,32,537,509,constant_0003,constant,constant,0.0003,0.5,111,3553.0,0.0003,constant eta0,0.19419418590182985,0.930084551052293,0,1000,0.001,0.0001,balanced
breast_cancer,16,32,537,14,constant_001,constant,constant,0.001,0.5,67,2145.0,0.001,constant eta0,0.23806225062269948,0.8957753768519118,0,1000,0.001,0.0001,balanced
breast_cancer,16,32,537,52,constant_001,constant,constant,0.001,0.5,68,2177.0,0.001,constant eta0,0.1825850787346744,0.9418201516793067,0,1000,0.001,0.0001,balanced
breast_cancer,16,32,537,88,constant_001,constant,constant,0.001,0.5,74,2369.0,0.001,constant eta0,0.18855638397356872,0.9333468738363631,0,1000,0.001,0.0001,balanced
breast_cancer,16,32,537,121,constant_001,constant,constant,0.001,0.5,55,1761.0,0.001,constant eta0,0.2318997619269091,0.925599038393128,0,1000,0.001,0.0001,balanced
breast_cancer,16,32,537,169,constant_001,constant,constant,0.001,0.5,78,2497.0,0.001,constant eta0,0.16647519575821335,0.9616239576633605,0,1000,0.001,0.0001,balanced
breast_cancer,16,32,537,203,constant_001,constant,constant,0.001,0.5,68,2177.0,0.001,constant eta0,0.19268301375126962,0.9243685643641826,0,1000,0.001,0.0001,balanced
breast_cancer,16,32,537,247,constant_001,constant,constant,0.001,0.5,74,2369.0,0.001,constant eta0,0.17639580004167782,0.9652584589506372,0,1000,0.001,0.0001,balanced
breast_cancer,16,32,537,314,constant_001,constant,constant,0.001,0.5,74,2369.0,0.001,constant eta0,0.20435932273591567,0.9465905867704968,0,1000,0.001,0.0001,balanced
breast_cancer,16,32,537,415,constant_001,constant,constant,0.001,0.5,66,2113.0,0.001,constant eta0,0.20263094915892782,0.928646001404681,0,1000,0.001,0.0001,balanced
breast_cancer,16,32,537,509,constant_001,constant,constant,0.001,0.5,76,2433.0,0.001,constant eta0,0.1492563671143167,0.934029484029484,0,1000,0.001,0.0001,balanced
breast_cancer,16,32,537,14,constant_003,constant,constant,0.003,0.5,44,1409.0,0.003,constant eta0,0.23351784956641994,0.8998626169753662,0,1000,0.001,0.0001,balanced
breast_cancer,16,32,537,52,constant_003,constant,constant,0.003,0.5,50,1601.0,0.003,constant eta0,0.14970465270084354,0.9418201516793067,0,1000,0.001,0.0001,balanced
breast_cancer,16,32,537,88,constant_003,constant,constant,0.003,0.5,54,1729.0,0.003,constant eta0,0.1538531683327148,0.9352934088444391,0,1000,0.001,0.0001,balanced
breast_cancer,16,32,537,121,constant_003,constant,constant,0.003,0.5,52,1665.0,0.003,constant eta0,0.1786133206607113,0.9435093625078897,0,1000,0.001,0.0001,balanced
breast_cancer,16,32,537,169,constant_003,constant,constant,0.003,0.5,56,1793.0,0.003,constant eta0,0.13294403830460222,0.9636845901836435,0,1000,0.001,0.0001,balanced
breast_cancer,16,32,537,203,constant_003,constant,constant,0.003,0.5,52,1665.0,0.003,constant eta0,0.1668812464417729,0.9269793661832295,0,1000,0.001,0.0001,balanced
breast_cancer,16,32,537,247,constant_003,constant,constant,0.003,0.5,55,1761.0,0.003,constant eta0,0.13684434476185747,0.9736829208527322,0,1000,0.001,0.0001,balanced
breast_cancer,16,32,537,314,constant_003,constant,constant,0.003,0.5,53,1697.0,0.003,constant eta0,0.18010499132974536,0.9410408432147563,0,1000,0.001,0.0001,balanced
breast_cancer,16,32,537,415,constant_003,constant,constant,0.003,0.5,53,1697.0,0.003,constant eta0,0.15890819125477124,0.9364921316165951,0,1000,0.001,0.0001,balanced
breast_cancer,16,32,537,509,constant_003,constant,constant,0.003,0.5,52,1665.0,0.003,constant eta0,0.13027764959419874,0.9358420466414099,0,1000,0.001,0.0001,balanced
breast_cancer,16,32,537,14,invscaling_0003,invscaling,invscaling,0.0003,0.5,26,833.0,1.0394383930128555e-05,"eta0 / (clf.t_ ** power_t), using sklearn update counter t_",0.6510906315451975,0.8900424692856059,0,1000,0.001,0.0001,balanced
breast_cancer,16,32,537,52,invscaling_0003,invscaling,invscaling,0.0003,0.5,19,609.0,1.2156613477096615e-05,"eta0 / (clf.t_ ** power_t), using sklearn update counter t_",0.6614830687876587,0.9208284188962692,0,1000,0.001,0.0001,balanced
breast_cancer,16,32,537,88,invscaling_0003,invscaling,invscaling,0.0003,0.5,20,641.0,1.1849287583000463e-05,"eta0 / (clf.t_ ** power_t), using sklearn update counter t_",0.6584786557407223,0.9012515715009476,0,1000,0.001,0.0001,balanced
breast_cancer,16,32,537,121,invscaling_0003,invscaling,invscaling,0.0003,0.5,17,545.0,1.285058810634358e-05,"eta0 / (clf.t_ ** power_t), using sklearn update counter t_",0.6660752685847331,0.909708444025961,0,1000,0.001,0.0001,balanced
breast_cancer,16,32,537,169,invscaling_0003,invscaling,invscaling,0.0003,0.5,20,641.0,1.1849287583000463e-05,"eta0 / (clf.t_ ** power_t), using sklearn update counter t_",0.660359324249968,0.9293072904325063,0,1000,0.001,0.0001,balanced
breast_cancer,16,32,537,203,invscaling_0003,invscaling,invscaling,0.0003,0.5,23,737.0,1.1050642030256358e-05,"eta0 / (clf.t_ ** power_t), using sklearn update counter t_",0.6543583995815108,0.9100414905428833,0,1000,0.001,0.0001,balanced
breast_cancer,16,32,537,247,invscaling_0003,invscaling,invscaling,0.0003,0.5,18,577.0,1.2489163413654399e-05,"eta0 / (clf.t_ ** power_t), using sklearn update counter t_",0.6660913541726374,0.9363337705996413,0,1000,0.001,0.0001,balanced
breast_cancer,16,32,537,314,invscaling_0003,invscaling,invscaling,0.0003,0.5,19,609.0,1.2156613477096615e-05,"eta0 / (clf.t_ ** power_t), using sklearn update counter t_",0.664797203288993,0.9397405589801904,0,1000,0.001,0.0001,balanced
breast_cancer,16,32,537,415,invscaling_0003,invscaling,invscaling,0.0003,0.5,16,513.0,1.3245323570650436e-05,"eta0 / (clf.t_ ** power_t), using sklearn update counter t_",0.6668368515691863,0.9146793572012226,0,1000,0.001,0.0001,balanced
breast_cancer,16,32,537,509,invscaling_0003,invscaling,invscaling,0.0003,0.5,22,705.0,1.129865365732064e-05,"eta0 / (clf.t_ ** power_t), using sklearn update counter t_",0.6505999333019512,0.9179526355996944,0,1000,0.001,0.0001,balanced
breast_cancer,16,32,537,14,invscaling_001,invscaling,invscaling,0.001,0.5,82,2625.0,1.9518001458970662e-05,"eta0 / (clf.t_ ** power_t), using sklearn update counter t_",0.5072080603923856,0.8900424692856059,0,1000,0.001,0.0001,balanced
breast_cancer,16,32,537,52,invscaling_001,invscaling,invscaling,0.001,0.5,64,2049.0,2.2091694090300195e-05,"eta0 / (clf.t_ ** power_t), using sklearn update counter t_",0.5386406704807003,0.9208284188962692,0,1000,0.001,0.0001,balanced
breast_cancer,16,32,537,88,invscaling_001,invscaling,invscaling,0.001,0.5,68,2177.0,2.1432398984452374e-05,"eta0 / (clf.t_ ** power_t), using sklearn update counter t_",0.5280042777206636,0.9112289982266839,0,1000,0.001,0.0001,balanced
breast_cancer,16,32,537,121,invscaling_001,invscaling,invscaling,0.001,0.5,55,1761.0,2.3829795864119577e-05,"eta0 / (clf.t_ ** power_t), using sklearn update counter t_",0.5608094895744368,0.909708444025961,0,1000,0.001,0.0001,balanced
breast_cancer,16,32,537,169,invscaling_001,invscaling,invscaling,0.001,0.5,68,2177.0,2.1432398984452374e-05,"eta0 / (clf.t_ ** power_t), using sklearn update counter t_",0.5328733705013613,0.9331951067800124,0,1000,0.001,0.0001,balanced
breast_cancer,16,32,537,203,invscaling_001,invscaling,invscaling,0.001,0.5,68,2177.0,2.1432398984452374e-05,"eta0 / (clf.t_ ** power_t), using sklearn update counter t_",0.5218676151220486,0.9100414905428833,0,1000,0.001,0.0001,balanced
breast_cancer,16,32,537,247,invscaling_001,invscaling,invscaling,0.001,0.5,60,1921.0,2.2815832379813768e-05,"eta0 / (clf.t_ ** power_t), using sklearn update counter t_",0.5572842635319795,0.9404412692706321,0,1000,0.001,0.0001,balanced
breast_cancer,16,32,537,314,invscaling_001,invscaling,invscaling,0.001,0.5,65,2081.0,2.192118160107072e-05,"eta0 / (clf.t_ ** power_t), using sklearn update counter t_",0.5512576431263131,0.9439974970948422,0,1000,0.001,0.0001,balanced
breast_cancer,16,32,537,415,invscaling_001,invscaling,invscaling,0.001,0.5,53,1697.0,2.427499107135649e-05,"eta0 / (clf.t_ ** power_t), using sklearn update counter t_",0.5629757109413197,0.9146793572012226,0,1000,0.001,0.0001,balanced
breast_cancer,16,32,537,509,invscaling_001,invscaling,invscaling,0.001,0.5,72,2305.0,2.082881368183567e-05,"eta0 / (clf.t_ ** power_t), using sklearn update counter t_",0.49826219106369446,0.9199037759156777,0,1000,0.001,0.0001,balanced
breast_cancer,16,32,537,14,invscaling_003,invscaling,invscaling,0.003,0.5,89,2849.0,5.620501008809765e-05,"eta0 / (clf.t_ ** power_t), using sklearn update counter t_",0.3598442037683692,0.8922066559861835,0,1000,0.001,0.0001,balanced
breast_cancer,16,32,537,52,invscaling_003,invscaling,invscaling,0.003,0.5,78,2497.0,6.003603243243406e-05,"eta0 / (clf.t_ ** power_t), using sklearn update counter t_",0.37778586172644946,0.9230161220955237,0,1000,0.001,0.0001,balanced
breast_cancer,16,32,537,88,invscaling_003,invscaling,invscaling,0.003,0.5,82,2625.0,5.855400437691199e-05,"eta0 / (clf.t_ ** power_t), using sklearn update counter t_",0.3709496293429799,0.9112289982266839,0,1000,0.001,0.0001,balanced
breast_cancer,16,32,537,121,invscaling_003,invscaling,invscaling,0.003,0.5,65,2081.0,6.576354480321217e-05,"eta0 / (clf.t_ ** power_t), using sklearn update counter t_",0.4196101914224484,0.9156367825722664,0,1000,0.001,0.0001,balanced
breast_cancer,16,32,537,169,invscaling_003,invscaling,invscaling,0.003,0.5,83,2657.0,5.8200334070876355e-05,"eta0 / (clf.t_ ** power_t), using sklearn update counter t_",0.3694149998532254,0.9352934088444391,0,1000,0.001,0.0001,balanced
breast_cancer,16,32,537,203,invscaling_003,invscaling,invscaling,0.003,0.5,77,2465.0,6.042446208830706e-05,"eta0 / (clf.t_ ** power_t), using sklearn update counter t_",0.36613873447789463,0.9120111731843575,0,1000,0.001,0.0001,balanced
breast_cancer,16,32,537,247,invscaling_003,invscaling,invscaling,0.003,0.5,78,2497.0,6.003603243243406e-05,"eta0 / (clf.t_ ** power_t), using sklearn update counter t_",0.3990946211936967,0.944548767941623,0,1000,0.001,0.0001,balanced
breast_cancer,16,32,537,314,invscaling_003,invscaling,invscaling,0.003,0.5,82,2625.0,5.855400437691199e-05,"eta0 / (clf.t_ ** power_t), using sklearn update counter t_",0.3957280215858922,0.9442284866468843,0,1000,0.001,0.0001,balanced
breast_cancer,16,32,537,415,invscaling_003,invscaling,invscaling,0.003,0.5,66,2113.0,6.526367213191408e-05,"eta0 / (clf.t_ ** power_t), using sklearn update counter t_",0.4145511140429941,0.9187422449535454,0,1000,0.001,0.0001,balanced
breast_cancer,16,32,537,509,invscaling_003,invscaling,invscaling,0.003,0.5,84,2689.0,5.785299589050579e-05,"eta0 / (clf.t_ ** power_t), using sklearn update counter t_",0.326152472080824,0.9259718775847807,0,1000,0.001,0.0001,balanced
breast_cancer,16,32,537,14,adaptive_0003,adaptive,adaptive,0.0003,0.5,125,4001.0,0.0003,eta0 nominal terminal value recorded; sklearn adaptive schedule divides by 5 after n_iter_no_change without sufficient improvement,0.26254865995226634,0.8960270306182494,0,1000,0.001,0.0001,balanced
breast_cancer,16,32,537,52,adaptive_0003,adaptive,adaptive,0.0003,0.5,122,3905.0,0.0003,eta0 nominal terminal value recorded; sklearn adaptive schedule divides by 5 after n_iter_no_change without sufficient improvement,0.23739713643787472,0.937496120181265,0,1000,0.001,0.0001,balanced
breast_cancer,16,32,537,88,adaptive_0003,adaptive,adaptive,0.0003,0.5,127,4065.0,0.0003,eta0 nominal terminal value recorded; sklearn adaptive schedule divides by 5 after n_iter_no_change without sufficient improvement,0.2401667077400148,0.9235042735042736,0,1000,0.001,0.0001,balanced
breast_cancer,16,32,537,121,adaptive_0003,adaptive,adaptive,0.0003,0.5,102,3265.0,0.0003,eta0 nominal terminal value recorded; sklearn adaptive schedule divides by 5 after n_iter_no_change without sufficient improvement,0.29537961468422425,0.9196540786402538,0,1000,0.001,0.0001,balanced
breast_cancer,16,32,537,169,adaptive_0003,adaptive,adaptive,0.0003,0.5,129,4129.0,0.0003,eta0 nominal terminal value recorded; sklearn adaptive schedule divides by 5 after n_iter_no_change without sufficient improvement,0.22606850810998014,0.9433817327388843,0,1000,0.001,0.0001,balanced
breast_cancer,16,32,537,203,adaptive_0003,adaptive,adaptive,0.0003,0.5,118,3777.0,0.0003,eta0 nominal terminal value recorded; sklearn adaptive schedule divides by 5 after n_iter_no_change without sufficient improvement,0.24009446542372,0.9267779574186259,0,1000,0.001,0.0001,balanced
breast_cancer,16,32,537,247,adaptive_0003,adaptive,adaptive,0.0003,0.5,127,4065.0,0.0003,eta0 nominal terminal value recorded; sklearn adaptive schedule divides by 5 after n_iter_no_change without sufficient improvement,0.24244472962598315,0.952644231690905,0,1000,0.001,0.0001,balanced
breast_cancer,16,32,537,314,adaptive_0003,adaptive,adaptive,0.0003,0.5,128,4097.0,0.0003,eta0 nominal terminal value recorded; sklearn adaptive schedule divides by 5 after n_iter_no_change without sufficient improvement,0.25664707284591454,0.952097766941215,0,1000,0.001,0.0001,balanced
breast_cancer,16,32,537,415,adaptive_0003,adaptive,adaptive,0.0003,0.5,112,3585.0,0.0003,eta0 nominal terminal value recorded; sklearn adaptive schedule divides by 5 after n_iter_no_change without sufficient improvement,0.2727619646008073,0.9226224783861672,0,1000,0.001,0.0001,balanced
breast_cancer,16,32,537,509,adaptive_0003,adaptive,adaptive,0.0003,0.5,131,4193.0,0.0003,eta0 nominal terminal value recorded; sklearn adaptive schedule divides by 5 after n_iter_no_change without sufficient improvement,0.19338210691519034,0.930084551052293,0,1000,0.001,0.0001,balanced
breast_cancer,16,32,537,14,adaptive_001,adaptive,adaptive,0.001,0.5,92,2945.0,0.001,eta0 nominal terminal value recorded; sklearn adaptive schedule divides by 5 after n_iter_no_change without sufficient improvement,0.23774444378833684,0.8957753768519118,0,1000,0.001,0.0001,balanced
breast_cancer,16,32,537,52,adaptive_001,adaptive,adaptive,0.001,0.5,93,2977.0,0.001,eta0 nominal terminal value recorded; sklearn adaptive schedule divides by 5 after n_iter_no_change without sufficient improvement,0.1816205491028751,0.9418201516793067,0,1000,0.001,0.0001,balanced
breast_cancer,16,32,537,88,adaptive_001,adaptive,adaptive,0.001,0.5,99,3169.0,0.001,eta0 nominal terminal value recorded; sklearn adaptive schedule divides by 5 after n_iter_no_change without sufficient improvement,0.18769838530601454,0.9333468738363631,0,1000,0.001,0.0001,balanced
breast_cancer,16,32,537,121,adaptive_001,adaptive,adaptive,0.001,0.5,81,2593.0,0.001,eta0 nominal terminal value recorded; sklearn adaptive schedule divides by 5 after n_iter_no_change without sufficient improvement,0.23017442754691927,0.925599038393128,0,1000,0.001,0.0001,balanced
breast_cancer,16,32,537,169,adaptive_001,adaptive,adaptive,0.001,0.5,103,3297.0,0.001,eta0 nominal terminal value recorded; sklearn adaptive schedule divides by 5 after n_iter_no_change without sufficient improvement,0.16562126726065624,0.9616239576633605,0,1000,0.001,0.0001,balanced
breast_cancer,16,32,537,203,adaptive_001,adaptive,adaptive,0.001,0.5,93,2977.0,0.001,eta0 nominal terminal value recorded; sklearn adaptive schedule divides by 5 after n_iter_no_change without sufficient improvement,0.19193660014264463,0.9243685643641826,0,1000,0.001,0.0001,balanced
breast_cancer,16,32,537,247,adaptive_001,adaptive,adaptive,0.001,0.5,99,3169.0,0.001,eta0 nominal terminal value recorded; sklearn adaptive schedule divides by 5 after n_iter_no_change without sufficient improvement,0.17534594511360624,0.9652584589506372,0,1000,0.001,0.0001,balanced
breast_cancer,16,32,537,314,adaptive_001,adaptive,adaptive,0.001,0.5,99,3169.0,0.001,eta0 nominal terminal value recorded; sklearn adaptive schedule divides by 5 after n_iter_no_change without sufficient improvement,0.2036035169812614,0.9465905867704968,0,1000,0.001,0.0001,balanced
breast_cancer,16,32,537,415,adaptive_001,adaptive,adaptive,0.001,0.5,91,2913.0,0.001,eta0 nominal terminal value recorded; sklearn adaptive schedule divides by 5 after n_iter_no_change without sufficient improvement,0.20142736166799996,0.928646001404681,0,1000,0.001,0.0001,balanced
breast_cancer,16,32,537,509,adaptive_001,adaptive,adaptive,0.001,0.5,101,3233.0,0.001,eta0 nominal terminal value recorded; sklearn adaptive schedule divides by 5 after n_iter_no_change without sufficient improvement,0.1486494030139425,0.934029484029484,0,1000,0.001,0.0001,balanced
breast_cancer,16,32,537,14,adaptive_003,adaptive,adaptive,0.003,0.5,69,2209.0,0.003,eta0 nominal terminal value recorded; sklearn adaptive schedule divides by 5 after n_iter_no_change without sufficient improvement,0.23363404862400355,0.8998626169753662,0,1000,0.001,0.0001,balanced
breast_cancer,16,32,537,52,adaptive_003,adaptive,adaptive,0.003,0.5,76,2433.0,0.003,eta0 nominal terminal value recorded; sklearn adaptive schedule divides by 5 after n_iter_no_change without sufficient improvement,0.14883978868423497,0.9418201516793067,0,1000,0.001,0.0001,balanced
breast_cancer,16,32,537,88,adaptive_003,adaptive,adaptive,0.003,0.5,79,2529.0,0.003,eta0 nominal terminal value recorded; sklearn adaptive schedule divides by 5 after n_iter_no_change without sufficient improvement,0.1529733549219736,0.9352934088444391,0,1000,0.001,0.0001,balanced
breast_cancer,16,32,537,121,adaptive_003,adaptive,adaptive,0.003,0.5,78,2497.0,0.003,eta0 nominal terminal value recorded; sklearn adaptive schedule divides by 5 after n_iter_no_change without sufficient improvement,0.17769348311328764,0.9455876006229711,0,1000,0.001,0.0001,balanced
breast_cancer,16,32,537,169,adaptive_003,adaptive,adaptive,0.003,0.5,81,2593.0,0.003,eta0 nominal terminal value recorded; sklearn adaptive schedule divides by 5 after n_iter_no_change without sufficient improvement,0.13219277244368838,0.9636845901836435,0,1000,0.001,0.0001,balanced
breast_cancer,16,32,537,203,adaptive_003,adaptive,adaptive,0.003,0.5,78,2497.0,0.003,eta0 nominal terminal value recorded; sklearn adaptive schedule divides by 5 after n_iter_no_change without sufficient improvement,0.1662384997540724,0.9269793661832295,0,1000,0.001,0.0001,balanced
breast_cancer,16,32,537,247,adaptive_003,adaptive,adaptive,0.003,0.5,80,2561.0,0.003,eta0 nominal terminal value recorded; sklearn adaptive schedule divides by 5 after n_iter_no_change without sufficient improvement,0.13604080733684704,0.9736829208527322,0,1000,0.001,0.0001,balanced
breast_cancer,16,32,537,314,adaptive_003,adaptive,adaptive,0.003,0.5,78,2497.0,0.003,eta0 nominal terminal value recorded; sklearn adaptive schedule divides by 5 after n_iter_no_change without sufficient improvement,0.17971219704708344,0.9410408432147563,0,1000,0.001,0.0001,balanced
breast_cancer,16,32,537,415,adaptive_003,adaptive,adaptive,0.003,0.5,79,2529.0,0.003,eta0 nominal terminal value recorded; sklearn adaptive schedule divides by 5 after n_iter_no_change without sufficient improvement,0.15797316532064593,0.9364921316165951,0,1000,0.001,0.0001,balanced
breast_cancer,16,32,537,509,adaptive_003,adaptive,adaptive,0.003,0.5,77,2465.0,0.003,eta0 nominal terminal value recorded; sklearn adaptive schedule divides by 5 after n_iter_no_change without sufficient improvement,0.1299142981890041,0.9358420466414099,0,1000,0.001,0.0001,balanced
breast_cancer,32,64,505,14,constant_0003,constant,constant,0.0003,0.5,94,6017.0,0.0003,constant eta0,0.19647319306705027,0.9466398985629755,0,1000,0.001,0.0001,balanced
breast_cancer,32,64,505,52,constant_0003,constant,constant,0.0003,0.5,86,5505.0,0.0003,constant eta0,0.20988563618595962,0.9348384197482524,0,1000,0.001,0.0001,balanced
breast_cancer,32,64,505,88,constant_0003,constant,constant,0.0003,0.5,85,5441.0,0.0003,constant eta0,0.20995711922349086,0.9118164600319691,0,1000,0.001,0.0001,balanced
breast_cancer,32,64,505,121,constant_0003,constant,constant,0.0003,0.5,87,5569.0,0.0003,constant eta0,0.20434930300069107,0.9258506155755977,0,1000,0.001,0.0001,balanced
breast_cancer,32,64,505,169,constant_0003,constant,constant,0.0003,0.5,93,5953.0,0.0003,constant eta0,0.2218313165386678,0.9563933407018514,0,1000,0.001,0.0001,balanced
breast_cancer,32,64,505,203,constant_0003,constant,constant,0.0003,0.5,84,5377.0,0.0003,constant eta0,0.2318696175028454,0.9231725498889425,0,1000,0.001,0.0001,balanced
breast_cancer,32,64,505,247,constant_0003,constant,constant,0.0003,0.5,86,5505.0,0.0003,constant eta0,0.2363650477307297,0.9053503323526206,0,1000,0.001,0.0001,balanced
breast_cancer,32,64,505,314,constant_0003,constant,constant,0.0003,0.5,88,5633.0,0.0003,constant eta0,0.21711226287608418,0.951369191441678,0,1000,0.001,0.0001,balanced
breast_cancer,32,64,505,415,constant_0003,constant,constant,0.0003,0.5,94,6017.0,0.0003,constant eta0,0.1706999831705597,0.9536456261665086,0,1000,0.001,0.0001,balanced
breast_cancer,32,64,505,509,constant_0003,constant,constant,0.0003,0.5,82,5249.0,0.0003,constant eta0,0.2021286392350335,0.9387878787878787,0,1000,0.001,0.0001,balanced
breast_cancer,32,64,505,14,constant_001,constant,constant,0.001,0.5,64,4097.0,0.001,constant eta0,0.1565128873837352,0.9467954345917471,0,1000,0.001,0.0001,balanced
breast_cancer,32,64,505,52,constant_001,constant,constant,0.001,0.5,57,3649.0,0.001,constant eta0,0.16836221201376125,0.9371823577495824,0,1000,0.001,0.0001,balanced
breast_cancer,32,64,505,88,constant_001,constant,constant,0.001,0.5,58,3713.0,0.001,constant eta0,0.17648890734161968,0.9229989595666057,0,1000,0.001,0.0001,balanced
breast_cancer,32,64,505,121,constant_001,constant,constant,0.001,0.5,61,3905.0,0.001,constant eta0,0.16128082877646122,0.9350384357769882,0,1000,0.001,0.0001,balanced
breast_cancer,32,64,505,169,constant_001,constant,constant,0.001,0.5,70,4481.0,0.001,constant eta0,0.17030633115356852,0.9586281535522871,0,1000,0.001,0.0001,balanced
breast_cancer,32,64,505,203,constant_001,constant,constant,0.001,0.5,65,4161.0,0.001,constant eta0,0.17625704679315687,0.9319528299016349,0,1000,0.001,0.0001,balanced
breast_cancer,32,64,505,247,constant_001,constant,constant,0.001,0.5,59,3777.0,0.001,constant eta0,0.19762847497069072,0.9074219568405615,0,1000,0.001,0.0001,balanced
breast_cancer,32,64,505,314,constant_001,constant,constant,0.001,0.5,67,4289.0,0.001,constant eta0,0.15641772144360902,0.9603236957888122,0,1000,0.001,0.0001,balanced
breast_cancer,32,64,505,415,constant_001,constant,constant,0.001,0.5,66,4225.0,0.001,constant eta0,0.12698383367545005,0.9581780538302278,0,1000,0.001,0.0001,balanced
breast_cancer,32,64,505,509,constant_001,constant,constant,0.001,0.5,64,4097.0,0.001,constant eta0,0.14009402556493306,0.9649269021078584,0,1000,0.001,0.0001,balanced
breast_cancer,32,64,505,14,constant_003,constant,constant,0.003,0.5,45,2881.0,0.003,constant eta0,0.13587414915227367,0.9470982610517494,0,1000,0.001,0.0001,balanced
breast_cancer,32,64,505,52,constant_003,constant,constant,0.003,0.5,42,2689.0,0.003,constant eta0,0.1420583576039212,0.9466398985629755,0,1000,0.001,0.0001,balanced
breast_cancer,32,64,505,88,constant_003,constant,constant,0.003,0.5,42,2689.0,0.003,constant eta0,0.15932955575185195,0.9256189494262416,0,1000,0.001,0.0001,balanced
breast_cancer,32,64,505,121,constant_003,constant,constant,0.003,0.5,46,2945.0,0.003,constant eta0,0.13847624015606372,0.9395185436544373,0,1000,0.001,0.0001,balanced
breast_cancer,32,64,505,169,constant_003,constant,constant,0.003,0.5,54,3457.0,0.003,constant eta0,0.14903672775561153,0.9543920008601225,0,1000,0.001,0.0001,balanced
breast_cancer,32,64,505,203,constant_003,constant,constant,0.003,0.5,54,3457.0,0.003,constant eta0,0.14181752531103828,0.9363429699079809,0,1000,0.001,0.0001,balanced
breast_cancer,32,64,505,247,constant_003,constant,constant,0.003,0.5,43,2753.0,0.003,constant eta0,0.1742681649048235,0.9227427102775143,0,1000,0.001,0.0001,balanced
breast_cancer,32,64,505,314,constant_003,constant,constant,0.003,0.5,60,3841.0,0.003,constant eta0,0.12062370441648314,0.9627853950556811,0,1000,0.001,0.0001,balanced
breast_cancer,32,64,505,415,constant_003,constant,constant,0.003,0.5,49,3137.0,0.003,constant eta0,0.10376619832385603,0.9559152175431245,0,1000,0.001,0.0001,balanced
breast_cancer,32,64,505,509,constant_003,constant,constant,0.003,0.5,55,3521.0,0.003,constant eta0,0.10440061812149679,0.9651146725614811,0,1000,0.001,0.0001,balanced
breast_cancer,32,64,505,14,invscaling_0003,invscaling,invscaling,0.0003,0.5,26,1665.0,7.352146220938077e-06,"eta0 / (clf.t_ ** power_t), using sklearn update counter t_",0.6488260723224736,0.9358038653568814,0,1000,0.001,0.0001,balanced
breast_cancer,32,64,505,52,invscaling_0003,invscaling,invscaling,0.0003,0.5,28,1793.0,7.0848573429135955e-06,"eta0 / (clf.t_ ** power_t), using sklearn update counter t_",0.6449873007686819,0.9232440454903084,0,1000,0.001,0.0001,balanced
breast_cancer,32,64,505,88,invscaling_0003,invscaling,invscaling,0.0003,0.5,30,1921.0,6.84474971394413e-06,"eta0 / (clf.t_ ** power_t), using sklearn update counter t_",0.6385356810862994,0.9006687647521636,0,1000,0.001,0.0001,balanced
breast_cancer,32,64,505,121,invscaling_0003,invscaling,invscaling,0.0003,0.5,31,1985.0,6.733502088648503e-06,"eta0 / (clf.t_ ** power_t), using sklearn update counter t_",0.6381107850377531,0.909982174688057,0,1000,0.001,0.0001,balanced
breast_cancer,32,64,505,169,invscaling_0003,invscaling,invscaling,0.0003,0.5,21,1345.0,8.180128247238177e-06,"eta0 / (clf.t_ ** power_t), using sklearn update counter t_",0.6578189972687446,0.9302293451229622,0,1000,0.001,0.0001,balanced
breast_cancer,32,64,505,203,invscaling_0003,invscaling,invscaling,0.0003,0.5,29,1857.0,6.9616999762246345e-06,"eta0 / (clf.t_ ** power_t), using sklearn update counter t_",0.6460415847370026,0.8971125628010005,0,1000,0.001,0.0001,balanced
breast_cancer,32,64,505,247,invscaling_0003,invscaling,invscaling,0.0003,0.5,32,2049.0,6.627508227090058e-06,"eta0 / (clf.t_ ** power_t), using sklearn update counter t_",0.642320522644741,0.8968317098508656,0,1000,0.001,0.0001,balanced
breast_cancer,32,64,505,314,invscaling_0003,invscaling,invscaling,0.0003,0.5,19,1217.0,8.599554745692229e-06,"eta0 / (clf.t_ ** power_t), using sklearn update counter t_",0.6600045105137103,0.9425272262492559,0,1000,0.001,0.0001,balanced
breast_cancer,32,64,505,415,invscaling_0003,invscaling,invscaling,0.0003,0.5,23,1473.0,7.816635870629526e-06,"eta0 / (clf.t_ ** power_t), using sklearn update counter t_",0.6468966935220638,0.9340570373981475,0,1000,0.001,0.0001,balanced
breast_cancer,32,64,505,509,invscaling_0003,invscaling,invscaling,0.0003,0.5,27,1729.0,7.214791053658227e-06,"eta0 / (clf.t_ ** power_t), using sklearn update counter t_",0.642173277842665,0.926062766983602,0,1000,0.001,0.0001,balanced
breast_cancer,32,64,505,14,invscaling_001,invscaling,invscaling,0.001,0.5,75,4801.0,1.4432253448298278e-05,"eta0 / (clf.t_ ** power_t), using sklearn update counter t_",0.5025607722603229,0.9358038653568814,0,1000,0.001,0.0001,balanced
breast_cancer,32,64,505,52,invscaling_001,invscaling,invscaling,0.001,0.5,75,4801.0,1.4432253448298278e-05,"eta0 / (clf.t_ ** power_t), using sklearn update counter t_",0.4986606342867164,0.9256189494262416,0,1000,0.001,0.0001,balanced
breast_cancer,32,64,505,88,invscaling_001,invscaling,invscaling,0.001,0.5,78,4993.0,1.4152045525279001e-05,"eta0 / (clf.t_ ** power_t), using sklearn update counter t_",0.4809073967771581,0.9027719943942223,0,1000,0.001,0.0001,balanced
breast_cancer,32,64,505,121,invscaling_001,invscaling,invscaling,0.001,0.5,75,4801.0,1.4432253448298278e-05,"eta0 / (clf.t_ ** power_t), using sklearn update counter t_",0.4881978654323762,0.9123689093166154,0,1000,0.001,0.0001,balanced
breast_cancer,32,64,505,169,invscaling_001,invscaling,invscaling,0.001,0.5,60,3841.0,1.6135329791560706e-05,"eta0 / (clf.t_ ** power_t), using sklearn update counter t_",0.5378683604324351,0.9302293451229622,0,1000,0.001,0.0001,balanced
breast_cancer,32,64,505,203,invscaling_001,invscaling,invscaling,0.001,0.5,71,4545.0,1.483313864966616e-05,"eta0 / (clf.t_ ** power_t), using sklearn update counter t_",0.5123773264467094,0.8991648435600931,0,1000,0.001,0.0001,balanced
breast_cancer,32,64,505,247,invscaling_001,invscaling,invscaling,0.001,0.5,79,5057.0,1.4062208184742752e-05,"eta0 / (clf.t_ ** power_t), using sklearn update counter t_",0.5003468317862296,0.8988874573438261,0,1000,0.001,0.0001,balanced
breast_cancer,32,64,505,314,invscaling_001,invscaling,invscaling,0.001,0.5,57,3649.0,1.655438565145405e-05,"eta0 / (clf.t_ ** power_t), using sklearn update counter t_",0.5411974273824808,0.9425272262492559,0,1000,0.001,0.0001,balanced
breast_cancer,32,64,505,415,invscaling_001,invscaling,invscaling,0.001,0.5,70,4481.0,1.4938690445150245e-05,"eta0 / (clf.t_ ** power_t), using sklearn update counter t_",0.4912737043317123,0.9340570373981475,0,1000,0.001,0.0001,balanced
breast_cancer,32,64,505,509,invscaling_001,invscaling,invscaling,0.001,0.5,70,4481.0,1.4938690445150245e-05,"eta0 / (clf.t_ ** power_t), using sklearn update counter t_",0.49417825966783974,0.9302293451229622,0,1000,0.001,0.0001,balanced
breast_cancer,32,64,505,14,invscaling_003,invscaling,invscaling,0.003,0.5,82,5249.0,4.1407877355717176e-05,"eta0 / (clf.t_ ** power_t), using sklearn update counter t_",0.3414676110119373,0.9446585046180012,0,1000,0.001,0.0001,balanced
breast_cancer,32,64,505,52,invscaling_003,invscaling,invscaling,0.003,0.5,78,4993.0,4.2456136575837e-05,"eta0 / (clf.t_ ** power_t), using sklearn update counter t_",0.34522630772121454,0.9301268918852572,0,1000,0.001,0.0001,balanced
breast_cancer,32,64,505,88,invscaling_003,invscaling,invscaling,0.003,0.5,77,4929.0,4.273088087271601e-05,"eta0 / (clf.t_ ** power_t), using sklearn update counter t_",0.331200752692314,0.9027719943942223,0,1000,0.001,0.0001,balanced
breast_cancer,32,64,505,121,invscaling_003,invscaling,invscaling,0.003,0.5,74,4737.0,4.358826297041105e-05,"eta0 / (clf.t_ ** power_t), using sklearn update counter t_",0.3402654755434977,0.9168628114029429,0,1000,0.001,0.0001,balanced
breast_cancer,32,64,505,169,invscaling_003,invscaling,invscaling,0.003,0.5,68,4353.0,4.5470205935786866e-05,"eta0 / (clf.t_ ** power_t), using sklearn update counter t_",0.38785258774990544,0.9454193308518043,0,1000,0.001,0.0001,balanced
breast_cancer,32,64,505,203,invscaling_003,invscaling,invscaling,0.003,0.5,71,4545.0,4.449941594899848e-05,"eta0 / (clf.t_ ** power_t), using sklearn update counter t_",0.3717239763358579,0.9035489807966108,0,1000,0.001,0.0001,balanced
breast_cancer,32,64,505,247,invscaling_003,invscaling,invscaling,0.003,0.5,79,5057.0,4.218662455422826e-05,"eta0 / (clf.t_ ** power_t), using sklearn update counter t_",0.35890994157982176,0.9009480222294868,0,1000,0.001,0.0001,balanced
breast_cancer,32,64,505,314,invscaling_003,invscaling,invscaling,0.003,0.5,68,4353.0,4.5470205935786866e-05,"eta0 / (clf.t_ ** power_t), using sklearn update counter t_",0.3840881776417926,0.9425272262492559,0,1000,0.001,0.0001,balanced
breast_cancer,32,64,505,415,invscaling_003,invscaling,invscaling,0.003,0.5,78,4993.0,4.2456136575837e-05,"eta0 / (clf.t_ ** power_t), using sklearn update counter t_",0.32176436754212406,0.9340570373981475,0,1000,0.001,0.0001,balanced
breast_cancer,32,64,505,509,invscaling_003,invscaling,invscaling,0.003,0.5,70,4481.0,4.4816071335450736e-05,"eta0 / (clf.t_ ** power_t), using sklearn update counter t_",0.34492964360696615,0.934590011052777,0,1000,0.001,0.0001,balanced
breast_cancer,32,64,505,14,adaptive_0003,adaptive,adaptive,0.0003,0.5,114,7297.0,0.0003,eta0 nominal terminal value recorded; sklearn adaptive schedule divides by 5 after n_iter_no_change without sufficient improvement,0.1956286332392596,0.9466398985629755,0,1000,0.001,0.0001,balanced
breast_cancer,32,64,505,52,adaptive_0003,adaptive,adaptive,0.0003,0.5,106,6785.0,0.0003,eta0 nominal terminal value recorded; sklearn adaptive schedule divides by 5 after n_iter_no_change without sufficient improvement,0.2089318643329994,0.9348384197482524,0,1000,0.001,0.0001,balanced
breast_cancer,32,64,505,88,adaptive_0003,adaptive,adaptive,0.0003,0.5,105,6721.0,0.0003,eta0 nominal terminal value recorded; sklearn adaptive schedule divides by 5 after n_iter_no_change without sufficient improvement,0.20916342215073552,0.9118164600319691,0,1000,0.001,0.0001,balanced
breast_cancer,32,64,505,121,adaptive_0003,adaptive,adaptive,0.0003,0.5,107,6849.0,0.0003,eta0 nominal terminal value recorded; sklearn adaptive schedule divides by 5 after n_iter_no_change without sufficient improvement,0.20341475937833361,0.9258506155755977,0,1000,0.001,0.0001,balanced
breast_cancer,32,64,505,169,adaptive_0003,adaptive,adaptive,0.0003,0.5,113,7233.0,0.0003,eta0 nominal terminal value recorded; sklearn adaptive schedule divides by 5 after n_iter_no_change without sufficient improvement,0.22082311682815323,0.9563933407018514,0,1000,0.001,0.0001,balanced
breast_cancer,32,64,505,203,adaptive_0003,adaptive,adaptive,0.0003,0.5,104,6657.0,0.0003,eta0 nominal terminal value recorded; sklearn adaptive schedule divides by 5 after n_iter_no_change without sufficient improvement,0.23079545360403383,0.9231725498889425,0,1000,0.001,0.0001,balanced
breast_cancer,32,64,505,247,adaptive_0003,adaptive,adaptive,0.0003,0.5,106,6785.0,0.0003,eta0 nominal terminal value recorded; sklearn adaptive schedule divides by 5 after n_iter_no_change without sufficient improvement,0.23550898082336094,0.9053503323526206,0,1000,0.001,0.0001,balanced
breast_cancer,32,64,505,314,adaptive_0003,adaptive,adaptive,0.0003,0.5,108,6913.0,0.0003,eta0 nominal terminal value recorded; sklearn adaptive schedule divides by 5 after n_iter_no_change without sufficient improvement,0.2159442442137419,0.951369191441678,0,1000,0.001,0.0001,balanced
breast_cancer,32,64,505,415,adaptive_0003,adaptive,adaptive,0.0003,0.5,114,7297.0,0.0003,eta0 nominal terminal value recorded; sklearn adaptive schedule divides by 5 after n_iter_no_change without sufficient improvement,0.1698180213454765,0.9536456261665086,0,1000,0.001,0.0001,balanced
breast_cancer,32,64,505,509,adaptive_0003,adaptive,adaptive,0.0003,0.5,102,6529.0,0.0003,eta0 nominal terminal value recorded; sklearn adaptive schedule divides by 5 after n_iter_no_change without sufficient improvement,0.2009356639647443,0.9408944509707875,0,1000,0.001,0.0001,balanced
breast_cancer,32,64,505,14,adaptive_001,adaptive,adaptive,0.001,0.5,89,5697.0,0.001,eta0 nominal terminal value recorded; sklearn adaptive schedule divides by 5 after n_iter_no_change without sufficient improvement,0.15582888505987988,0.9467954345917471,0,1000,0.001,0.0001,balanced
breast_cancer,32,64,505,52,adaptive_001,adaptive,adaptive,0.001,0.5,82,5249.0,0.001,eta0 nominal terminal value recorded; sklearn adaptive schedule divides by 5 after n_iter_no_change without sufficient improvement,0.16749020584290428,0.9371823577495824,0,1000,0.001,0.0001,balanced
breast_cancer,32,64,505,88,adaptive_001,adaptive,adaptive,0.001,0.5,83,5313.0,0.001,eta0 nominal terminal value recorded; sklearn adaptive schedule divides by 5 after n_iter_no_change without sufficient improvement,0.1758855558196294,0.9229989595666057,0,1000,0.001,0.0001,balanced
breast_cancer,32,64,505,121,adaptive_001,adaptive,adaptive,0.001,0.5,86,5505.0,0.001,eta0 nominal terminal value recorded; sklearn adaptive schedule divides by 5 after n_iter_no_change without sufficient improvement,0.16053352526643783,0.9350384357769882,0,1000,0.001,0.0001,balanced
breast_cancer,32,64,505,169,adaptive_001,adaptive,adaptive,0.001,0.5,95,6081.0,0.001,eta0 nominal terminal value recorded; sklearn adaptive schedule divides by 5 after n_iter_no_change without sufficient improvement,0.1696427238306878,0.9586281535522871,0,1000,0.001,0.0001,balanced
breast_cancer,32,64,505,203,adaptive_001,adaptive,adaptive,0.001,0.5,90,5761.0,0.001,eta0 nominal terminal value recorded; sklearn adaptive schedule divides by 5 after n_iter_no_change without sufficient improvement,0.17537732575986267,0.9319528299016349,0,1000,0.001,0.0001,balanced
breast_cancer,32,64,505,247,adaptive_001,adaptive,adaptive,0.001,0.5,84,5377.0,0.001,eta0 nominal terminal value recorded; sklearn adaptive schedule divides by 5 after n_iter_no_change without sufficient improvement,0.19687268893486323,0.9074219568405615,0,1000,0.001,0.0001,balanced
breast_cancer,32,64,505,314,adaptive_001,adaptive,adaptive,0.001,0.5,92,5889.0,0.001,eta0 nominal terminal value recorded; sklearn adaptive schedule divides by 5 after n_iter_no_change without sufficient improvement,0.15551430478226796,0.9603236957888122,0,1000,0.001,0.0001,balanced
breast_cancer,32,64,505,415,adaptive_001,adaptive,adaptive,0.001,0.5,91,5825.0,0.001,eta0 nominal terminal value recorded; sklearn adaptive schedule divides by 5 after n_iter_no_change without sufficient improvement,0.12627823257135443,0.9581780538302278,0,1000,0.001,0.0001,balanced
breast_cancer,32,64,505,509,adaptive_001,adaptive,adaptive,0.001,0.5,89,5697.0,0.001,eta0 nominal terminal value recorded; sklearn adaptive schedule divides by 5 after n_iter_no_change without sufficient improvement,0.13912314473188922,0.9649269021078584,0,1000,0.001,0.0001,balanced
breast_cancer,32,64,505,14,adaptive_003,adaptive,adaptive,0.003,0.5,70,4481.0,0.003,eta0 nominal terminal value recorded; sklearn adaptive schedule divides by 5 after n_iter_no_change without sufficient improvement,0.1353119554432668,0.9470982610517494,0,1000,0.001,0.0001,balanced
breast_cancer,32,64,505,52,adaptive_003,adaptive,adaptive,0.003,0.5,67,4289.0,0.003,eta0 nominal terminal value recorded; sklearn adaptive schedule divides by 5 after n_iter_no_change without sufficient improvement,0.1412659750143606,0.9466398985629755,0,1000,0.001,0.0001,balanced
breast_cancer,32,64,505,88,adaptive_003,adaptive,adaptive,0.003,0.5,67,4289.0,0.003,eta0 nominal terminal value recorded; sklearn adaptive schedule divides by 5 after n_iter_no_change without sufficient improvement,0.15884859953336541,0.9232440454903084,0,1000,0.001,0.0001,balanced
breast_cancer,32,64,505,121,adaptive_003,adaptive,adaptive,0.003,0.5,71,4545.0,0.003,eta0 nominal terminal value recorded; sklearn adaptive schedule divides by 5 after n_iter_no_change without sufficient improvement,0.13794516734586346,0.9395185436544373,0,1000,0.001,0.0001,balanced
breast_cancer,32,64,505,169,adaptive_003,adaptive,adaptive,0.003,0.5,79,5057.0,0.003,eta0 nominal terminal value recorded; sklearn adaptive schedule divides by 5 after n_iter_no_change without sufficient improvement,0.14871263799852555,0.9543920008601225,0,1000,0.001,0.0001,balanced
breast_cancer,32,64,505,203,adaptive_003,adaptive,adaptive,0.003,0.5,79,5057.0,0.003,eta0 nominal terminal value recorded; sklearn adaptive schedule divides by 5 after n_iter_no_change without sufficient improvement,0.1411322535899546,0.9363429699079809,0,1000,0.001,0.0001,balanced
breast_cancer,32,64,505,247,adaptive_003,adaptive,adaptive,0.003,0.5,68,4353.0,0.003,eta0 nominal terminal value recorded; sklearn adaptive schedule divides by 5 after n_iter_no_change without sufficient improvement,0.1735843355904901,0.9227427102775143,0,1000,0.001,0.0001,balanced
breast_cancer,32,64,505,314,adaptive_003,adaptive,adaptive,0.003,0.5,86,5505.0,0.003,eta0 nominal terminal value recorded; sklearn adaptive schedule divides by 5 after n_iter_no_change without sufficient improvement,0.12003324181418958,0.9627853950556811,0,1000,0.001,0.0001,balanced
breast_cancer,32,64,505,415,adaptive_003,adaptive,adaptive,0.003,0.5,74,4737.0,0.003,eta0 nominal terminal value recorded; sklearn adaptive schedule divides by 5 after n_iter_no_change without sufficient improvement,0.10323315877760388,0.9559152175431245,0,1000,0.001,0.0001,balanced
breast_cancer,32,64,505,509,adaptive_003,adaptive,adaptive,0.003,0.5,80,5121.0,0.003,eta0 nominal terminal value recorded; sklearn adaptive schedule divides by 5 after n_iter_no_change without sufficient improvement,0.10383381945790437,0.9651146725614811,0,1000,0.001,0.0001,balanced
digits,4,40,1757,14,constant_0003,constant,constant,0.0003,0.5,181,7241.0,0.0003,constant eta0,1.6314239922119247,0.7603187952670252,0,1000,0.001,0.0001,balanced
digits,4,40,1757,52,constant_0003,constant,constant,0.0003,0.5,186,7441.0,0.0003,constant eta0,1.6124619066251547,0.8138863376328199,0,1000,0.001,0.0001,balanced
digits,4,40,1757,88,constant_0003,constant,constant,0.0003,0.5,180,7201.0,0.0003,constant eta0,1.6373032885525116,0.7977332566581893,0,1000,0.001,0.0001,balanced
digits,4,40,1757,121,constant_0003,constant,constant,0.0003,0.5,182,7281.0,0.0003,constant eta0,1.6307388452940454,0.8453952095200077,0,1000,0.001,0.0001,balanced
digits,4,40,1757,169,constant_0003,constant,constant,0.0003,0.5,179,7161.0,0.0003,constant eta0,1.6729888739629337,0.7580105941088829,0,1000,0.001,0.0001,balanced
digits,4,40,1757,203,constant_0003,constant,constant,0.0003,0.5,183,7321.0,0.0003,constant eta0,1.6076191998007094,0.8136621120780619,0,1000,0.001,0.0001,balanced
digits,4,40,1757,247,constant_0003,constant,constant,0.0003,0.5,183,7321.0,0.0003,constant eta0,1.6264087774330882,0.7913057229587631,0,1000,0.001,0.0001,balanced
digits,4,40,1757,314,constant_0003,constant,constant,0.0003,0.5,180,7201.0,0.0003,constant eta0,1.645365416022237,0.7856831121881547,0,1000,0.001,0.0001,balanced
digits,4,40,1757,415,constant_0003,constant,constant,0.0003,0.5,186,7441.0,0.0003,constant eta0,1.6011598421486213,0.8532835734256311,0,1000,0.001,0.0001,balanced
digits,4,40,1757,509,constant_0003,constant,constant,0.0003,0.5,187,7481.0,0.0003,constant eta0,1.6170626287050398,0.8022108190647519,0,1000,0.001,0.0001,balanced
digits,4,40,1757,14,constant_001,constant,constant,0.001,0.5,156,6241.0,0.001,constant eta0,1.3344797895570817,0.7599549480214183,0,1000,0.001,0.0001,balanced
digits,4,40,1757,52,constant_001,constant,constant,0.001,0.5,148,5921.0,0.001,constant eta0,1.290948103262786,0.8120618930762025,0,1000,0.001,0.0001,balanced
digits,4,40,1757,88,constant_001,constant,constant,0.001,0.5,153,6121.0,0.001,constant eta0,1.30153855173988,0.8022823968541702,0,1000,0.001,0.0001,balanced
digits,4,40,1757,121,constant_001,constant,constant,0.001,0.5,155,6201.0,0.001,constant eta0,1.27803272523495,0.852833345222512,0,1000,0.001,0.0001,balanced
digits,4,40,1757,169,constant_001,constant,constant,0.001,0.5,158,6321.0,0.001,constant eta0,1.3845553344654176,0.7528070329534482,0,1000,0.001,0.0001,balanced
digits,4,40,1757,203,constant_001,constant,constant,0.001,0.5,151,6041.0,0.001,constant eta0,1.2805845192233423,0.8173641786707909,0,1000,0.001,0.0001,balanced
digits,4,40,1757,247,constant_001,constant,constant,0.001,0.5,149,5961.0,0.001,constant eta0,1.3220062916813267,0.7855297041396605,0,1000,0.001,0.0001,balanced
digits,4,40,1757,314,constant_001,constant,constant,0.001,0.5,152,6081.0,0.001,constant eta0,1.3233870522633373,0.7867478879764123,0,1000,0.001,0.0001,balanced
digits,4,40,1757,415,constant_001,constant,constant,0.001,0.5,152,6081.0,0.001,constant eta0,1.2532199785869842,0.8570758063713146,0,1000,0.001,0.0001,balanced
digits,4,40,1757,509,constant_001,constant,constant,0.001,0.5,154,6161.0,0.001,constant eta0,1.297888834694373,0.8034855561902103,0,1000,0.001,0.0001,balanced
digits,4,40,1757,14,constant_003,constant,constant,0.003,0.5,107,4281.0,0.003,constant eta0,1.1402124859896419,0.7555432428850042,0,1000,0.001,0.0001,balanced
digits,4,40,1757,52,constant_003,constant,constant,0.003,0.5,99,3961.0,0.003,constant eta0,1.0790259405554885,0.8098858156831102,0,1000,0.001,0.0001,balanced
digits,4,40,1757,88,constant_003,constant,constant,0.003,0.5,107,4281.0,0.003,constant eta0,1.077760532124399,0.7986980550955265,0,1000,0.001,0.0001,balanced
digits,4,40,1757,121,constant_003,constant,constant,0.003,0.5,109,4361.0,0.003,constant eta0,1.0283594242662317,0.8516122808774693,0,1000,0.001,0.0001,balanced
digits,4,40,1757,169,constant_003,constant,constant,0.003,0.5,109,4361.0,0.003,constant eta0,1.196455467871123,0.7469968898515624,0,1000,0.001,0.0001,balanced
digits,4,40,1757,203,constant_003,constant,constant,0.003,0.5,105,4201.0,0.003,constant eta0,1.059325261687474,0.8154568917985477,0,1000,0.001,0.0001,balanced
digits,4,40,1757,247,constant_003,constant,constant,0.003,0.5,100,4001.0,0.003,constant eta0,1.131392391528272,0.7781825407214176,0,1000,0.001,0.0001,balanced
digits,4,40,1757,314,constant_003,constant,constant,0.003,0.5,105,4201.0,0.003,constant eta0,1.1101367319661262,0.7848963397682258,0,1000,0.001,0.0001,balanced
digits,4,40,1757,415,constant_003,constant,constant,0.003,0.5,106,4241.0,0.003,constant eta0,1.0256042490785864,0.8490807430781953,0,1000,0.001,0.0001,balanced
digits,4,40,1757,509,constant_003,constant,constant,0.003,0.5,103,4121.0,0.003,constant eta0,1.0837726672086474,0.8049138540726769,0,1000,0.001,0.0001,balanced
digits,4,40,1757,14,invscaling_0003,invscaling,invscaling,0.0003,0.5,7,281.0,1.7896499588156806e-05,"eta0 / (clf.t_ ** power_t), using sklearn update counter t_",2.2926297057566725,0.7393394166608257,0,1000,0.001,0.0001,balanced
digits,4,40,1757,52,invscaling_0003,invscaling,invscaling,0.0003,0.5,7,281.0,1.7896499588156806e-05,"eta0 / (clf.t_ ** power_t), using sklearn update counter t_",2.2926479237318875,0.7733517710788013,0,1000,0.001,0.0001,balanced
digits,4,40,1757,88,invscaling_0003,invscaling,invscaling,0.0003,0.5,7,281.0,1.7896499588156806e-05,"eta0 / (clf.t_ ** power_t), using sklearn update counter t_",2.2938429038151,0.7565889040802782,0,1000,0.001,0.0001,balanced
digits,4,40,1757,121,invscaling_0003,invscaling,invscaling,0.0003,0.5,7,281.0,1.7896499588156806e-05,"eta0 / (clf.t_ ** power_t), using sklearn update counter t_",2.293971913704994,0.7872619863239119,0,1000,0.001,0.0001,balanced
digits,4,40,1757,169,invscaling_0003,invscaling,invscaling,0.0003,0.5,7,281.0,1.7896499588156806e-05,"eta0 / (clf.t_ ** power_t), using sklearn update counter t_",2.293414077575061,0.7098390588696147,0,1000,0.001,0.0001,balanced
digits,4,40,1757,203,invscaling_0003,invscaling,invscaling,0.0003,0.5,7,281.0,1.7896499588156806e-05,"eta0 / (clf.t_ ** power_t), using sklearn update counter t_",2.2930033620910204,0.7582060214278782,0,1000,0.001,0.0001,balanced
digits,4,40,1757,247,invscaling_0003,invscaling,invscaling,0.0003,0.5,7,281.0,1.7896499588156806e-05,"eta0 / (clf.t_ ** power_t), using sklearn update counter t_",2.2929034659614715,0.7540829411232423,0,1000,0.001,0.0001,balanced
digits,4,40,1757,314,invscaling_0003,invscaling,invscaling,0.0003,0.5,7,281.0,1.7896499588156806e-05,"eta0 / (clf.t_ ** power_t), using sklearn update counter t_",2.29333077282188,0.6766240889968866,0,1000,0.001,0.0001,balanced
digits,4,40,1757,415,invscaling_0003,invscaling,invscaling,0.0003,0.5,7,281.0,1.7896499588156806e-05,"eta0 / (clf.t_ ** power_t), using sklearn update counter t_",2.2928622490183845,0.8144135791623508,0,1000,0.001,0.0001,balanced
digits,4,40,1757,509,invscaling_0003,invscaling,invscaling,0.0003,0.5,7,281.0,1.7896499588156806e-05,"eta0 / (clf.t_ ** power_t), using sklearn update counter t_",2.293196096627072,0.7150468879032622,0,1000,0.001,0.0001,balanced
digits,4,40,1757,14,invscaling_001,invscaling,invscaling,0.001,0.5,17,681.0,3.832008326196737e-05,"eta0 / (clf.t_ ** power_t), using sklearn update counter t_",2.2569295670741023,0.7398232028766568,0,1000,0.001,0.0001,balanced
digits,4,40,1757,52,invscaling_001,invscaling,invscaling,0.001,0.5,17,681.0,3.832008326196737e-05,"eta0 / (clf.t_ ** power_t), using sklearn update counter t_",2.257786003140455,0.7642058248438695,0,1000,0.001,0.0001,balanced
digits,4,40,1757,88,invscaling_001,invscaling,invscaling,0.001,0.5,15,601.0,4.079085082240021e-05,"eta0 / (clf.t_ ** power_t), using sklearn update counter t_",2.2641657817533356,0.7514518026754965,0,1000,0.001,0.0001,balanced
digits,4,40,1757,121,invscaling_001,invscaling,invscaling,0.001,0.5,17,681.0,3.832008326196737e-05,"eta0 / (clf.t_ ** power_t), using sklearn update counter t_",2.264962597361613,0.7828487673517557,0,1000,0.001,0.0001,balanced
digits,4,40,1757,169,invscaling_001,invscaling,invscaling,0.001,0.5,15,601.0,4.079085082240021e-05,"eta0 / (clf.t_ ** power_t), using sklearn update counter t_",2.2612677064377045,0.7056139297176367,0,1000,0.001,0.0001,balanced
digits,4,40,1757,203,invscaling_001,invscaling,invscaling,0.001,0.5,17,681.0,3.832008326196737e-05,"eta0 / (clf.t_ ** power_t), using sklearn update counter t_",2.259216561431779,0.7617373748775931,0,1000,0.001,0.0001,balanced
digits,4,40,1757,247,invscaling_001,invscaling,invscaling,0.001,0.5,17,681.0,3.832008326196737e-05,"eta0 / (clf.t_ ** power_t), using sklearn update counter t_",2.259858149473328,0.748432422876896,0,1000,0.001,0.0001,balanced
digits,4,40,1757,314,invscaling_001,invscaling,invscaling,0.001,0.5,14,561.0,4.222003309207491e-05,"eta0 / (clf.t_ ** power_t), using sklearn update counter t_",2.2631598412091334,0.6780436138190564,0,1000,0.001,0.0001,balanced
digits,4,40,1757,415,invscaling_001,invscaling,invscaling,0.001,0.5,18,721.0,3.7241946136192936e-05,"eta0 / (clf.t_ ** power_t), using sklearn update counter t_",2.259386765284436,0.7995080915908801,0,1000,0.001,0.0001,balanced
digits,4,40,1757,509,invscaling_001,invscaling,invscaling,0.001,0.5,16,641.0,3.9497625276668216e-05,"eta0 / (clf.t_ ** power_t), using sklearn update counter t_",2.260406115166305,0.7063024505477935,0,1000,0.001,0.0001,balanced
digits,4,40,1757,14,invscaling_003,invscaling,invscaling,0.003,0.5,49,1961.0,6.774581282657173e-05,"eta0 / (clf.t_ ** power_t), using sklearn update counter t_",2.107894379479384,0.7409227291560277,0,1000,0.001,0.0001,balanced
digits,4,40,1757,52,invscaling_003,invscaling,invscaling,0.003,0.5,47,1881.0,6.917144638660747e-05,"eta0 / (clf.t_ ** power_t), using sklearn update counter t_",2.110307306133842,0.7921289140835218,0,1000,0.001,0.0001,balanced
digits,4,40,1757,88,invscaling_003,invscaling,invscaling,0.003,0.5,45,1801.0,7.069104444394096e-05,"eta0 / (clf.t_ ** power_t), using sklearn update counter t_",2.1298421391165143,0.7631338197462672,0,1000,0.001,0.0001,balanced
digits,4,40,1757,121,invscaling_003,invscaling,invscaling,0.003,0.5,47,1881.0,6.917144638660747e-05,"eta0 / (clf.t_ ** power_t), using sklearn update counter t_",2.1329471937616393,0.7983733485858647,0,1000,0.001,0.0001,balanced
digits,4,40,1757,169,invscaling_003,invscaling,invscaling,0.003,0.5,45,1801.0,7.069104444394096e-05,"eta0 / (clf.t_ ** power_t), using sklearn update counter t_",2.1236477016913966,0.7224404760452249,0,1000,0.001,0.0001,balanced
digits,4,40,1757,203,invscaling_003,invscaling,invscaling,0.003,0.5,49,1961.0,6.774581282657173e-05,"eta0 / (clf.t_ ** power_t), using sklearn update counter t_",2.113663634657721,0.7816843960707327,0,1000,0.001,0.0001,balanced
digits,4,40,1757,247,invscaling_003,invscaling,invscaling,0.003,0.5,48,1921.0,6.844749713944131e-05,"eta0 / (clf.t_ ** power_t), using sklearn update counter t_",2.1208893930350206,0.7594647006410006,0,1000,0.001,0.0001,balanced
digits,4,40,1757,314,invscaling_003,invscaling,invscaling,0.003,0.5,41,1641.0,7.405714479169687e-05,"eta0 / (clf.t_ ** power_t), using sklearn update counter t_",2.13010718044344,0.7106339776986286,0,1000,0.001,0.0001,balanced
digits,4,40,1757,415,invscaling_003,invscaling,invscaling,0.003,0.5,48,1921.0,6.844749713944131e-05,"eta0 / (clf.t_ ** power_t), using sklearn update counter t_",2.1158902152801815,0.814844296951976,0,1000,0.001,0.0001,balanced
digits,4,40,1757,509,invscaling_003,invscaling,invscaling,0.003,0.5,47,1881.0,6.917144638660747e-05,"eta0 / (clf.t_ ** power_t), using sklearn update counter t_",2.1189535407696964,0.7347357447051537,0,1000,0.001,0.0001,balanced
digits,4,40,1757,14,adaptive_0003,adaptive,adaptive,0.0003,0.5,202,8081.0,0.0003,eta0 nominal terminal value recorded; sklearn adaptive schedule divides by 5 after n_iter_no_change without sufficient improvement,1.6291239694181312,0.7598071378114032,0,1000,0.001,0.0001,balanced
digits,4,40,1757,52,adaptive_0003,adaptive,adaptive,0.0003,0.5,207,8281.0,0.0003,eta0 nominal terminal value recorded; sklearn adaptive schedule divides by 5 after n_iter_no_change without sufficient improvement,1.6100032738542316,0.8132897623682276,0,1000,0.001,0.0001,balanced
digits,4,40,1757,88,adaptive_0003,adaptive,adaptive,0.0003,0.5,201,8041.0,0.0003,eta0 nominal terminal value recorded; sklearn adaptive schedule divides by 5 after n_iter_no_change without sufficient improvement,1.634826187565722,0.7983285145029658,0,1000,0.001,0.0001,balanced
digits,4,40,1757,121,adaptive_0003,adaptive,adaptive,0.0003,0.5,203,8121.0,0.0003,eta0 nominal terminal value recorded; sklearn adaptive schedule divides by 5 after n_iter_no_change without sufficient improvement,1.6281623561179825,0.8454135940153664,0,1000,0.001,0.0001,balanced
digits,4,40,1757,169,adaptive_0003,adaptive,adaptive,0.0003,0.5,200,8001.0,0.0003,eta0 nominal terminal value recorded; sklearn adaptive schedule divides by 5 after n_iter_no_change without sufficient improvement,1.670822315387614,0.757447666821934,0,1000,0.001,0.0001,balanced
digits,4,40,1757,203,adaptive_0003,adaptive,adaptive,0.0003,0.5,204,8161.0,0.0003,eta0 nominal terminal value recorded; sklearn adaptive schedule divides by 5 after n_iter_no_change without sufficient improvement,1.6051265285104688,0.8136621120780619,0,1000,0.001,0.0001,balanced
digits,4,40,1757,247,adaptive_0003,adaptive,adaptive,0.0003,0.5,204,8161.0,0.0003,eta0 nominal terminal value recorded; sklearn adaptive schedule divides by 5 after n_iter_no_change without sufficient improvement,1.624020989251535,0.7918962132017086,0,1000,0.001,0.0001,balanced
digits,4,40,1757,314,adaptive_0003,adaptive,adaptive,0.0003,0.5,201,8041.0,0.0003,eta0 nominal terminal value recorded; sklearn adaptive schedule divides by 5 after n_iter_no_change without sufficient improvement,1.6429607570849414,0.7851063301086276,0,1000,0.001,0.0001,balanced
digits,4,40,1757,415,adaptive_0003,adaptive,adaptive,0.0003,0.5,207,8281.0,0.0003,eta0 nominal terminal value recorded; sklearn adaptive schedule divides by 5 after n_iter_no_change without sufficient improvement,1.5985930873031864,0.8532835734256311,0,1000,0.001,0.0001,balanced
digits,4,40,1757,509,adaptive_0003,adaptive,adaptive,0.0003,0.5,208,8321.0,0.0003,eta0 nominal terminal value recorded; sklearn adaptive schedule divides by 5 after n_iter_no_change without sufficient improvement,1.6146451881007382,0.8022108190647519,0,1000,0.001,0.0001,balanced
digits,4,40,1757,14,adaptive_001,adaptive,adaptive,0.001,0.5,182,7281.0,0.001,eta0 nominal terminal value recorded; sklearn adaptive schedule divides by 5 after n_iter_no_change without sufficient improvement,1.3314689863951088,0.7594482365545456,0,1000,0.001,0.0001,balanced
digits,4,40,1757,52,adaptive_001,adaptive,adaptive,0.001,0.5,174,6961.0,0.001,eta0 nominal terminal value recorded; sklearn adaptive schedule divides by 5 after n_iter_no_change without sufficient improvement,1.2876368057780703,0.8120618930762025,0,1000,0.001,0.0001,balanced
digits,4,40,1757,88,adaptive_001,adaptive,adaptive,0.001,0.5,179,7161.0,0.001,eta0 nominal terminal value recorded; sklearn adaptive schedule divides by 5 after n_iter_no_change without sufficient improvement,1.2981624279373498,0.8022823968541702,0,1000,0.001,0.0001,balanced
digits,4,40,1757,121,adaptive_001,adaptive,adaptive,0.001,0.5,181,7241.0,0.001,eta0 nominal terminal value recorded; sklearn adaptive schedule divides by 5 after n_iter_no_change without sufficient improvement,1.2744415503353992,0.852833345222512,0,1000,0.001,0.0001,balanced
digits,4,40,1757,169,adaptive_001,adaptive,adaptive,0.001,0.5,184,7361.0,0.001,eta0 nominal terminal value recorded; sklearn adaptive schedule divides by 5 after n_iter_no_change without sufficient improvement,1.3816787311712806,0.7522410361741695,0,1000,0.001,0.0001,balanced
digits,4,40,1757,203,adaptive_001,adaptive,adaptive,0.001,0.5,177,7081.0,0.001,eta0 nominal terminal value recorded; sklearn adaptive schedule divides by 5 after n_iter_no_change without sufficient improvement,1.2772163277035717,0.8168106338875685,0,1000,0.001,0.0001,balanced
digits,4,40,1757,247,adaptive_001,adaptive,adaptive,0.001,0.5,175,7001.0,0.001,eta0 nominal terminal value recorded; sklearn adaptive schedule divides by 5 after n_iter_no_change without sufficient improvement,1.3189834544196335,0.7855297041396605,0,1000,0.001,0.0001,balanced
digits,4,40,1757,314,adaptive_001,adaptive,adaptive,0.001,0.5,178,7121.0,0.001,eta0 nominal terminal value recorded; sklearn adaptive schedule divides by 5 after n_iter_no_change without sufficient improvement,1.320204805265487,0.7867478879764123,0,1000,0.001,0.0001,balanced
digits,4,40,1757,415,adaptive_001,adaptive,adaptive,0.001,0.5,178,7121.0,0.001,eta0 nominal terminal value recorded; sklearn adaptive schedule divides by 5 after n_iter_no_change without sufficient improvement,1.2497464681342565,0.8570758063713146,0,1000,0.001,0.0001,balanced
digits,4,40,1757,509,adaptive_001,adaptive,adaptive,0.001,0.5,180,7201.0,0.001,eta0 nominal terminal value recorded; sklearn adaptive schedule divides by 5 after n_iter_no_change without sufficient improvement,1.294644697320251,0.8034848837860114,0,1000,0.001,0.0001,balanced
digits,4,40,1757,14,adaptive_003,adaptive,adaptive,0.003,0.5,133,5321.0,0.003,eta0 nominal terminal value recorded; sklearn adaptive schedule divides by 5 after n_iter_no_change without sufficient improvement,1.1364755858375881,0.7562453798850481,0,1000,0.001,0.0001,balanced
digits,4,40,1757,52,adaptive_003,adaptive,adaptive,0.003,0.5,125,5001.0,0.003,eta0 nominal terminal value recorded; sklearn adaptive schedule divides by 5 after n_iter_no_change without sufficient improvement,1.0748819637117057,0.8098858156831102,0,1000,0.001,0.0001,balanced
digits,4,40,1757,88,adaptive_003,adaptive,adaptive,0.003,0.5,133,5321.0,0.003,eta0 nominal terminal value recorded; sklearn adaptive schedule divides by 5 after n_iter_no_change without sufficient improvement,1.0736088686742964,0.7981189041739098,0,1000,0.001,0.0001,balanced
digits,4,40,1757,121,adaptive_003,adaptive,adaptive,0.003,0.5,135,5401.0,0.003,eta0 nominal terminal value recorded; sklearn adaptive schedule divides by 5 after n_iter_no_change without sufficient improvement,1.0236853745433736,0.8521484611571835,0,1000,0.001,0.0001,balanced
digits,4,40,1757,169,adaptive_003,adaptive,adaptive,0.003,0.5,135,5401.0,0.003,eta0 nominal terminal value recorded; sklearn adaptive schedule divides by 5 after n_iter_no_change without sufficient improvement,1.192987881564933,0.7469968898515624,0,1000,0.001,0.0001,balanced
digits,4,40,1757,203,adaptive_003,adaptive,adaptive,0.003,0.5,131,5241.0,0.003,eta0 nominal terminal value recorded; sklearn adaptive schedule divides by 5 after n_iter_no_change without sufficient improvement,1.0550519570199441,0.8154125508164661,0,1000,0.001,0.0001,balanced
digits,4,40,1757,247,adaptive_003,adaptive,adaptive,0.003,0.5,126,5041.0,0.003,eta0 nominal terminal value recorded; sklearn adaptive schedule divides by 5 after n_iter_no_change without sufficient improvement,1.127833765190387,0.7775977749637148,0,1000,0.001,0.0001,balanced
digits,4,40,1757,314,adaptive_003,adaptive,adaptive,0.003,0.5,131,5241.0,0.003,eta0 nominal terminal value recorded; sklearn adaptive schedule divides by 5 after n_iter_no_change without sufficient improvement,1.1062048261364867,0.7848963397682258,0,1000,0.001,0.0001,balanced
digits,4,40,1757,415,adaptive_003,adaptive,adaptive,0.003,0.5,132,5281.0,0.003,eta0 nominal terminal value recorded; sklearn adaptive schedule divides by 5 after n_iter_no_change without sufficient improvement,1.0213665832824659,0.8484588202691018,0,1000,0.001,0.0001,balanced
digits,4,40,1757,509,adaptive_003,adaptive,adaptive,0.003,0.5,129,5161.0,0.003,eta0 nominal terminal value recorded; sklearn adaptive schedule divides by 5 after n_iter_no_change without sufficient improvement,1.0796197471899462,0.8049138540726769,0,1000,0.001,0.0001,balanced
digits,8,80,1717,14,constant_0003,constant,constant,0.0003,0.5,169,13521.0,0.0003,constant eta0,1.4069576083062236,0.8432866108551644,0,1000,0.001,0.0001,balanced
digits,8,80,1717,52,constant_0003,constant,constant,0.0003,0.5,168,13441.0,0.0003,constant eta0,1.4134237576678204,0.8645672113683777,0,1000,0.001,0.0001,balanced
digits,8,80,1717,88,constant_0003,constant,constant,0.0003,0.5,171,13681.0,0.0003,constant eta0,1.4216667212279013,0.8201085332145027,0,1000,0.001,0.0001,balanced
digits,8,80,1717,121,constant_0003,constant,constant,0.0003,0.5,172,13761.0,0.0003,constant eta0,1.3991966329193557,0.8333862207605816,0,1000,0.001,0.0001,balanced
digits,8,80,1717,169,constant_0003,constant,constant,0.0003,0.5,171,13681.0,0.0003,constant eta0,1.3966302196884686,0.8591489969393622,0,1000,0.001,0.0001,balanced
digits,8,80,1717,203,constant_0003,constant,constant,0.0003,0.5,171,13681.0,0.0003,constant eta0,1.431304585310215,0.8400599168648487,0,1000,0.001,0.0001,balanced
digits,8,80,1717,247,constant_0003,constant,constant,0.0003,0.5,171,13681.0,0.0003,constant eta0,1.4034610306225381,0.8395596397011562,0,1000,0.001,0.0001,balanced
digits,8,80,1717,314,constant_0003,constant,constant,0.0003,0.5,171,13681.0,0.0003,constant eta0,1.4404905424927181,0.833309153907754,0,1000,0.001,0.0001,balanced
digits,8,80,1717,415,constant_0003,constant,constant,0.0003,0.5,169,13521.0,0.0003,constant eta0,1.388104956340586,0.8346171147693052,0,1000,0.001,0.0001,balanced
digits,8,80,1717,509,constant_0003,constant,constant,0.0003,0.5,170,13601.0,0.0003,constant eta0,1.3954501803617037,0.8565015201091674,0,1000,0.001,0.0001,balanced
digits,8,80,1717,14,constant_001,constant,constant,0.001,0.5,121,9681.0,0.001,constant eta0,1.0851628639699156,0.8530555664826703,0,1000,0.001,0.0001,balanced
digits,8,80,1717,52,constant_001,constant,constant,0.001,0.5,120,9601.0,0.001,constant eta0,1.0876090340375273,0.8727743411762688,0,1000,0.001,0.0001,balanced
digits,8,80,1717,88,constant_001,constant,constant,0.001,0.5,120,9601.0,0.001,constant eta0,1.124883143952538,0.8198829908149093,0,1000,0.001,0.0001,balanced
digits,8,80,1717,121,constant_001,constant,constant,0.001,0.5,122,9761.0,0.001,constant eta0,1.0859430492920292,0.846050198204203,0,1000,0.001,0.0001,balanced
digits,8,80,1717,169,constant_001,constant,constant,0.001,0.5,120,9601.0,0.001,constant eta0,1.0768352731732465,0.8597281597008744,0,1000,0.001,0.0001,balanced
digits,8,80,1717,203,constant_001,constant,constant,0.001,0.5,122,9761.0,0.001,constant eta0,1.1168336115325672,0.8491423615477439,0,1000,0.001,0.0001,balanced
digits,8,80,1717,247,constant_001,constant,constant,0.001,0.5,121,9681.0,0.001,constant eta0,1.0930172917943948,0.8454432070740084,0,1000,0.001,0.0001,balanced
digits,8,80,1717,314,constant_001,constant,constant,0.001,0.5,121,9681.0,0.001,constant eta0,1.146470963435272,0.843072402514402,0,1000,0.001,0.0001,balanced
digits,8,80,1717,415,constant_001,constant,constant,0.001,0.5,119,9521.0,0.001,constant eta0,1.0957438807602073,0.8404756878338262,0,1000,0.001,0.0001,balanced
digits,8,80,1717,509,constant_001,constant,constant,0.001,0.5,120,9601.0,0.001,constant eta0,1.0755177040544803,0.8621822774795052,0,1000,0.001,0.0001,balanced
digits,8,80,1717,14,constant_003,constant,constant,0.003,0.5,81,6481.0,0.003,constant eta0,0.8593317910386262,0.8612434179609847,0,1000,0.001,0.0001,balanced
digits,8,80,1717,52,constant_003,constant,constant,0.003,0.5,82,6561.0,0.003,constant eta0,0.8546061752847683,0.8749811243575272,0,1000,0.001,0.0001,balanced
digits,8,80,1717,88,constant_003,constant,constant,0.003,0.5,80,6401.0,0.003,constant eta0,0.9261771376171107,0.8196688187300722,0,1000,0.001,0.0001,balanced
digits,8,80,1717,121,constant_003,constant,constant,0.003,0.5,82,6561.0,0.003,constant eta0,0.8708242943275563,0.856074911402113,0,1000,0.001,0.0001,balanced
digits,8,80,1717,169,constant_003,constant,constant,0.003,0.5,79,6321.0,0.003,constant eta0,0.8555636772708105,0.862069257422194,0,1000,0.001,0.0001,balanced
digits,8,80,1717,203,constant_003,constant,constant,0.003,0.5,83,6641.0,0.003,constant eta0,0.8997502288220262,0.8460809122210531,0,1000,0.001,0.0001,balanced
digits,8,80,1717,247,constant_003,constant,constant,0.003,0.5,80,6401.0,0.003,constant eta0,0.8768448151367284,0.8530279743686492,0,1000,0.001,0.0001,balanced
digits,8,80,1717,314,constant_003,constant,constant,0.003,0.5,84,6721.0,0.003,constant eta0,0.9415623162830284,0.8504302439777793,0,1000,0.001,0.0001,balanced
digits,8,80,1717,415,constant_003,constant,constant,0.003,0.5,81,6481.0,0.003,constant eta0,0.898960498907572,0.8433270726778865,0,1000,0.001,0.0001,balanced
digits,8,80,1717,509,constant_003,constant,constant,0.003,0.5,82,6561.0,0.003,constant eta0,0.8502925152352692,0.8652065268735806,0,1000,0.001,0.0001,balanced
digits,8,80,1717,14,invscaling_0003,invscaling,invscaling,0.0003,0.5,8,641.0,1.1849287583000463e-05,"eta0 / (clf.t_ ** power_t), using sklearn update counter t_",2.2898126707840163,0.7684019876074396,0,1000,0.001,0.0001,balanced
digits,8,80,1717,52,invscaling_0003,invscaling,invscaling,0.0003,0.5,8,641.0,1.1849287583000463e-05,"eta0 / (clf.t_ ** power_t), using sklearn update counter t_",2.2907344550222217,0.809309477271316,0,1000,0.001,0.0001,balanced
digits,8,80,1717,88,invscaling_0003,invscaling,invscaling,0.0003,0.5,8,641.0,1.1849287583000463e-05,"eta0 / (clf.t_ ** power_t), using sklearn update counter t_",2.289895657780324,0.776717077772275,0,1000,0.001,0.0001,balanced
digits,8,80,1717,121,invscaling_0003,invscaling,invscaling,0.0003,0.5,7,561.0,1.2666009927622472e-05,"eta0 / (clf.t_ ** power_t), using sklearn update counter t_",2.2902566732797855,0.7171946658399836,0,1000,0.001,0.0001,balanced
digits,8,80,1717,169,invscaling_0003,invscaling,invscaling,0.0003,0.5,7,561.0,1.2666009927622472e-05,"eta0 / (clf.t_ ** power_t), using sklearn update counter t_",2.29008150112705,0.8060445814413635,0,1000,0.001,0.0001,balanced
digits,8,80,1717,203,invscaling_0003,invscaling,invscaling,0.0003,0.5,7,561.0,1.2666009927622472e-05,"eta0 / (clf.t_ ** power_t), using sklearn update counter t_",2.2897941521247573,0.7392235515951084,0,1000,0.001,0.0001,balanced
digits,8,80,1717,247,invscaling_0003,invscaling,invscaling,0.0003,0.5,8,641.0,1.1849287583000463e-05,"eta0 / (clf.t_ ** power_t), using sklearn update counter t_",2.2895898554109158,0.799039542333863,0,1000,0.001,0.0001,balanced
digits,8,80,1717,314,invscaling_0003,invscaling,invscaling,0.0003,0.5,8,641.0,1.1849287583000463e-05,"eta0 / (clf.t_ ** power_t), using sklearn update counter t_",2.2892413546454047,0.7454591691245658,0,1000,0.001,0.0001,balanced
digits,8,80,1717,415,invscaling_0003,invscaling,invscaling,0.0003,0.5,7,561.0,1.2666009927622472e-05,"eta0 / (clf.t_ ** power_t), using sklearn update counter t_",2.288151168455404,0.7881700525270234,0,1000,0.001,0.0001,balanced
digits,8,80,1717,509,invscaling_0003,invscaling,invscaling,0.0003,0.5,8,641.0,1.1849287583000463e-05,"eta0 / (clf.t_ ** power_t), using sklearn update counter t_",2.289833855610518,0.8183577786829437,0,1000,0.001,0.0001,balanced
digits,8,80,1717,14,invscaling_001,invscaling,invscaling,0.001,0.5,21,1681.0,2.4390243902439026e-05,"eta0 / (clf.t_ ** power_t), using sklearn update counter t_",2.2389134254512806,0.7598995703255815,0,1000,0.001,0.0001,balanced
digits,8,80,1717,52,invscaling_001,invscaling,invscaling,0.001,0.5,21,1681.0,2.4390243902439026e-05,"eta0 / (clf.t_ ** power_t), using sklearn update counter t_",2.2461430774906495,0.8070751011524765,0,1000,0.001,0.0001,balanced
digits,8,80,1717,88,invscaling_001,invscaling,invscaling,0.001,0.5,21,1681.0,2.4390243902439026e-05,"eta0 / (clf.t_ ** power_t), using sklearn update counter t_",2.240586200543851,0.7721308115652445,0,1000,0.001,0.0001,balanced
digits,8,80,1717,121,invscaling_001,invscaling,invscaling,0.001,0.5,19,1521.0,2.5641025641025643e-05,"eta0 / (clf.t_ ** power_t), using sklearn update counter t_",2.241205202407127,0.7205343292170951,0,1000,0.001,0.0001,balanced
digits,8,80,1717,169,invscaling_001,invscaling,invscaling,0.001,0.5,20,1601.0,2.499219116020307e-05,"eta0 / (clf.t_ ** power_t), using sklearn update counter t_",2.2416502703376517,0.8086825502647612,0,1000,0.001,0.0001,balanced
digits,8,80,1717,203,invscaling_001,invscaling,invscaling,0.001,0.5,20,1601.0,2.499219116020307e-05,"eta0 / (clf.t_ ** power_t), using sklearn update counter t_",2.240390885297463,0.7383945502137312,0,1000,0.001,0.0001,balanced
digits,8,80,1717,247,invscaling_001,invscaling,invscaling,0.001,0.5,20,1601.0,2.499219116020307e-05,"eta0 / (clf.t_ ** power_t), using sklearn update counter t_",2.239752665288644,0.7962946902520905,0,1000,0.001,0.0001,balanced
digits,8,80,1717,314,invscaling_001,invscaling,invscaling,0.001,0.5,21,1681.0,2.4390243902439026e-05,"eta0 / (clf.t_ ** power_t), using sklearn update counter t_",2.238948710202469,0.7479027117251127,0,1000,0.001,0.0001,balanced
digits,8,80,1717,415,invscaling_001,invscaling,invscaling,0.001,0.5,19,1521.0,2.5641025641025643e-05,"eta0 / (clf.t_ ** power_t), using sklearn update counter t_",2.2329626948397587,0.7730976722193856,0,1000,0.001,0.0001,balanced
digits,8,80,1717,509,invscaling_001,invscaling,invscaling,0.001,0.5,20,1601.0,2.499219116020307e-05,"eta0 / (clf.t_ ** power_t), using sklearn update counter t_",2.2395857414960116,0.806093230241725,0,1000,0.001,0.0001,balanced
digits,8,80,1717,14,invscaling_003,invscaling,invscaling,0.003,0.5,57,4561.0,4.4421295342871416e-05,"eta0 / (clf.t_ ** power_t), using sklearn update counter t_",2.0498796149621064,0.7980318498166146,0,1000,0.001,0.0001,balanced
digits,8,80,1717,52,invscaling_003,invscaling,invscaling,0.003,0.5,55,4401.0,4.522156316461346e-05,"eta0 / (clf.t_ ** power_t), using sklearn update counter t_",2.0669034278142724,0.8375670391321899,0,1000,0.001,0.0001,balanced
digits,8,80,1717,88,invscaling_003,invscaling,invscaling,0.003,0.5,53,4241.0,4.6066701688747765e-05,"eta0 / (clf.t_ ** power_t), using sklearn update counter t_",2.0552055742579167,0.7891517283197345,0,1000,0.001,0.0001,balanced
digits,8,80,1717,121,invscaling_003,invscaling,invscaling,0.003,0.5,54,4321.0,4.563826455786567e-05,"eta0 / (clf.t_ ** power_t), using sklearn update counter t_",2.052728425676999,0.7486124506008169,0,1000,0.001,0.0001,balanced
digits,8,80,1717,169,invscaling_003,invscaling,invscaling,0.003,0.5,54,4321.0,4.563826455786567e-05,"eta0 / (clf.t_ ** power_t), using sklearn update counter t_",2.0549631988727803,0.8370222727971157,0,1000,0.001,0.0001,balanced
digits,8,80,1717,203,invscaling_003,invscaling,invscaling,0.003,0.5,54,4321.0,4.563826455786567e-05,"eta0 / (clf.t_ ** power_t), using sklearn update counter t_",2.0571402450767065,0.7645098489374993,0,1000,0.001,0.0001,balanced
digits,8,80,1717,247,invscaling_003,invscaling,invscaling,0.003,0.5,55,4401.0,4.522156316461346e-05,"eta0 / (clf.t_ ** power_t), using sklearn update counter t_",2.050068480092716,0.8017534068153888,0,1000,0.001,0.0001,balanced
digits,8,80,1717,314,invscaling_003,invscaling,invscaling,0.003,0.5,53,4241.0,4.6066701688747765e-05,"eta0 / (clf.t_ ** power_t), using sklearn update counter t_",2.053352862884642,0.7890430440023621,0,1000,0.001,0.0001,balanced
digits,8,80,1717,415,invscaling_003,invscaling,invscaling,0.003,0.5,55,4401.0,4.522156316461346e-05,"eta0 / (clf.t_ ** power_t), using sklearn update counter t_",2.0305667781944967,0.7997522304926857,0,1000,0.001,0.0001,balanced
digits,8,80,1717,509,invscaling_003,invscaling,invscaling,0.003,0.5,54,4321.0,4.563826455786567e-05,"eta0 / (clf.t_ ** power_t), using sklearn update counter t_",2.051022484314342,0.8298806554565508,0,1000,0.001,0.0001,balanced
digits,8,80,1717,14,adaptive_0003,adaptive,adaptive,0.0003,0.5,189,15121.0,0.0003,eta0 nominal terminal value recorded; sklearn adaptive schedule divides by 5 after n_iter_no_change without sufficient improvement,1.4041971651415155,0.842238145583185,0,1000,0.001,0.0001,balanced
digits,8,80,1717,52,adaptive_0003,adaptive,adaptive,0.0003,0.5,188,15041.0,0.0003,eta0 nominal terminal value recorded; sklearn adaptive schedule divides by 5 after n_iter_no_change without sufficient improvement,1.410578796422568,0.8645775778212832,0,1000,0.001,0.0001,balanced
digits,8,80,1717,88,adaptive_0003,adaptive,adaptive,0.0003,0.5,191,15281.0,0.0003,eta0 nominal terminal value recorded; sklearn adaptive schedule divides by 5 after n_iter_no_change without sufficient improvement,1.4190576436946711,0.8201085332145027,0,1000,0.001,0.0001,balanced
digits,8,80,1717,121,adaptive_0003,adaptive,adaptive,0.0003,0.5,192,15361.0,0.0003,eta0 nominal terminal value recorded; sklearn adaptive schedule divides by 5 after n_iter_no_change without sufficient improvement,1.3963820136843734,0.8333862207605816,0,1000,0.001,0.0001,balanced
digits,8,80,1717,169,adaptive_0003,adaptive,adaptive,0.0003,0.5,191,15281.0,0.0003,eta0 nominal terminal value recorded; sklearn adaptive schedule divides by 5 after n_iter_no_change without sufficient improvement,1.3938519385194916,0.8603749884187938,0,1000,0.001,0.0001,balanced
digits,8,80,1717,203,adaptive_0003,adaptive,adaptive,0.0003,0.5,191,15281.0,0.0003,eta0 nominal terminal value recorded; sklearn adaptive schedule divides by 5 after n_iter_no_change without sufficient improvement,1.4285677493525317,0.8400127514526299,0,1000,0.001,0.0001,balanced
digits,8,80,1717,247,adaptive_0003,adaptive,adaptive,0.0003,0.5,191,15281.0,0.0003,eta0 nominal terminal value recorded; sklearn adaptive schedule divides by 5 after n_iter_no_change without sufficient improvement,1.400766842007751,0.8395596397011562,0,1000,0.001,0.0001,balanced
digits,8,80,1717,314,adaptive_0003,adaptive,adaptive,0.0003,0.5,191,15281.0,0.0003,eta0 nominal terminal value recorded; sklearn adaptive schedule divides by 5 after n_iter_no_change without sufficient improvement,1.4379664855097325,0.833309153907754,0,1000,0.001,0.0001,balanced
digits,8,80,1717,415,adaptive_0003,adaptive,adaptive,0.0003,0.5,189,15121.0,0.0003,eta0 nominal terminal value recorded; sklearn adaptive schedule divides by 5 after n_iter_no_change without sufficient improvement,1.3855068008207696,0.8346171147693052,0,1000,0.001,0.0001,balanced
digits,8,80,1717,509,adaptive_0003,adaptive,adaptive,0.0003,0.5,190,15201.0,0.0003,eta0 nominal terminal value recorded; sklearn adaptive schedule divides by 5 after n_iter_no_change without sufficient improvement,1.3926949910565254,0.8559948859702123,0,1000,0.001,0.0001,balanced
digits,8,80,1717,14,adaptive_001,adaptive,adaptive,0.001,0.5,147,11761.0,0.001,eta0 nominal terminal value recorded; sklearn adaptive schedule divides by 5 after n_iter_no_change without sufficient improvement,1.0809927583718502,0.8530555664826703,0,1000,0.001,0.0001,balanced
digits,8,80,1717,52,adaptive_001,adaptive,adaptive,0.001,0.5,146,11681.0,0.001,eta0 nominal terminal value recorded; sklearn adaptive schedule divides by 5 after n_iter_no_change without sufficient improvement,1.0832550506613428,0.8727743411762688,0,1000,0.001,0.0001,balanced
digits,8,80,1717,88,adaptive_001,adaptive,adaptive,0.001,0.5,146,11681.0,0.001,eta0 nominal terminal value recorded; sklearn adaptive schedule divides by 5 after n_iter_no_change without sufficient improvement,1.1212158278552133,0.8198829908149093,0,1000,0.001,0.0001,balanced
digits,8,80,1717,121,adaptive_001,adaptive,adaptive,0.001,0.5,148,11841.0,0.001,eta0 nominal terminal value recorded; sklearn adaptive schedule divides by 5 after n_iter_no_change without sufficient improvement,1.0819266344798129,0.846050198204203,0,1000,0.001,0.0001,balanced
digits,8,80,1717,169,adaptive_001,adaptive,adaptive,0.001,0.5,146,11681.0,0.001,eta0 nominal terminal value recorded; sklearn adaptive schedule divides by 5 after n_iter_no_change without sufficient improvement,1.0726604407727072,0.8602817287666751,0,1000,0.001,0.0001,balanced
digits,8,80,1717,203,adaptive_001,adaptive,adaptive,0.001,0.5,148,11841.0,0.001,eta0 nominal terminal value recorded; sklearn adaptive schedule divides by 5 after n_iter_no_change without sufficient improvement,1.1128045172249814,0.8491423615477439,0,1000,0.001,0.0001,balanced
digits,8,80,1717,247,adaptive_001,adaptive,adaptive,0.001,0.5,147,11761.0,0.001,eta0 nominal terminal value recorded; sklearn adaptive schedule divides by 5 after n_iter_no_change without sufficient improvement,1.0889520155918342,0.8454432070740084,0,1000,0.001,0.0001,balanced
digits,8,80,1717,314,adaptive_001,adaptive,adaptive,0.001,0.5,147,11761.0,0.001,eta0 nominal terminal value recorded; sklearn adaptive schedule divides by 5 after n_iter_no_change without sufficient improvement,1.1426695925541743,0.843072402514402,0,1000,0.001,0.0001,balanced
digits,8,80,1717,415,adaptive_001,adaptive,adaptive,0.001,0.5,145,11601.0,0.001,eta0 nominal terminal value recorded; sklearn adaptive schedule divides by 5 after n_iter_no_change without sufficient improvement,1.0920556483639206,0.8404756878338262,0,1000,0.001,0.0001,balanced
digits,8,80,1717,509,adaptive_001,adaptive,adaptive,0.001,0.5,146,11681.0,0.001,eta0 nominal terminal value recorded; sklearn adaptive schedule divides by 5 after n_iter_no_change without sufficient improvement,1.0713256921304704,0.8615208622507975,0,1000,0.001,0.0001,balanced
digits,8,80,1717,14,adaptive_003,adaptive,adaptive,0.003,0.5,107,8561.0,0.003,eta0 nominal terminal value recorded; sklearn adaptive schedule divides by 5 after n_iter_no_change without sufficient improvement,0.8541976947457759,0.8605571982185911,0,1000,0.001,0.0001,balanced
digits,8,80,1717,52,adaptive_003,adaptive,adaptive,0.003,0.5,108,8641.0,0.003,eta0 nominal terminal value recorded; sklearn adaptive schedule divides by 5 after n_iter_no_change without sufficient improvement,0.8492932459008926,0.8750070357650254,0,1000,0.001,0.0001,balanced
digits,8,80,1717,88,adaptive_003,adaptive,adaptive,0.003,0.5,106,8481.0,0.003,eta0 nominal terminal value recorded; sklearn adaptive schedule divides by 5 after n_iter_no_change without sufficient improvement,0.9217643264171591,0.8196688187300722,0,1000,0.001,0.0001,balanced
digits,8,80,1717,121,adaptive_003,adaptive,adaptive,0.003,0.5,108,8641.0,0.003,eta0 nominal terminal value recorded; sklearn adaptive schedule divides by 5 after n_iter_no_change without sufficient improvement,0.8660184630779106,0.856074911402113,0,1000,0.001,0.0001,balanced
digits,8,80,1717,169,adaptive_003,adaptive,adaptive,0.003,0.5,105,8401.0,0.003,eta0 nominal terminal value recorded; sklearn adaptive schedule divides by 5 after n_iter_no_change without sufficient improvement,0.8503339261383415,0.862069257422194,0,1000,0.001,0.0001,balanced
digits,8,80,1717,203,adaptive_003,adaptive,adaptive,0.003,0.5,109,8721.0,0.003,eta0 nominal terminal value recorded; sklearn adaptive schedule divides by 5 after n_iter_no_change without sufficient improvement,0.894955908576268,0.8460809122210531,0,1000,0.001,0.0001,balanced
digits,8,80,1717,247,adaptive_003,adaptive,adaptive,0.003,0.5,106,8481.0,0.003,eta0 nominal terminal value recorded; sklearn adaptive schedule divides by 5 after n_iter_no_change without sufficient improvement,0.8720252164743962,0.8530436882217968,0,1000,0.001,0.0001,balanced
digits,8,80,1717,314,adaptive_003,adaptive,adaptive,0.003,0.5,110,8801.0,0.003,eta0 nominal terminal value recorded; sklearn adaptive schedule divides by 5 after n_iter_no_change without sufficient improvement,0.9369539791073408,0.8510056079610863,0,1000,0.001,0.0001,balanced
digits,8,80,1717,415,adaptive_003,adaptive,adaptive,0.003,0.5,107,8561.0,0.003,eta0 nominal terminal value recorded; sklearn adaptive schedule divides by 5 after n_iter_no_change without sufficient improvement,0.8945554712686274,0.8426984042222798,0,1000,0.001,0.0001,balanced
digits,8,80,1717,509,adaptive_003,adaptive,adaptive,0.003,0.5,108,8641.0,0.003,eta0 nominal terminal value recorded; sklearn adaptive schedule divides by 5 after n_iter_no_change without sufficient improvement,0.8452576687819374,0.8652065268735806,0,1000,0.001,0.0001,balanced
digits,16,160,1637,14,constant_0003,constant,constant,0.0003,0.5,138,22081.0,0.0003,constant eta0,1.1983309992788453,0.8799759181286622,0,1000,0.001,0.0001,balanced
digits,16,160,1637,52,constant_0003,constant,constant,0.0003,0.5,140,22401.0,0.0003,constant eta0,1.1709305868538407,0.9019674599333479,0,1000,0.001,0.0001,balanced
digits,16,160,1637,88,constant_0003,constant,constant,0.0003,0.5,139,22241.0,0.0003,constant eta0,1.189888400781084,0.8725724997941183,0,1000,0.001,0.0001,balanced
digits,16,160,1637,121,constant_0003,constant,constant,0.0003,0.5,139,22241.0,0.0003,constant eta0,1.1796886504986568,0.9015431352418493,0,1000,0.001,0.0001,balanced
digits,16,160,1637,169,constant_0003,constant,constant,0.0003,0.5,140,22401.0,0.0003,constant eta0,1.1607295015539358,0.8944331305328166,0,1000,0.001,0.0001,balanced
digits,16,160,1637,203,constant_0003,constant,constant,0.0003,0.5,140,22401.0,0.0003,constant eta0,1.1781816042830733,0.9020186302415499,0,1000,0.001,0.0001,balanced
digits,16,160,1637,247,constant_0003,constant,constant,0.0003,0.5,140,22401.0,0.0003,constant eta0,1.1736710449746488,0.8994357857672901,0,1000,0.001,0.0001,balanced
digits,16,160,1637,314,constant_0003,constant,constant,0.0003,0.5,141,22561.0,0.0003,constant eta0,1.1863425538894041,0.8792049518752432,0,1000,0.001,0.0001,balanced
digits,16,160,1637,415,constant_0003,constant,constant,0.0003,0.5,139,22241.0,0.0003,constant eta0,1.1715564552007718,0.8927870796729348,0,1000,0.001,0.0001,balanced
digits,16,160,1637,509,constant_0003,constant,constant,0.0003,0.5,138,22081.0,0.0003,constant eta0,1.1815637463239748,0.8910659388016835,0,1000,0.001,0.0001,balanced
digits,16,160,1637,14,constant_001,constant,constant,0.001,0.5,91,14561.0,0.001,constant eta0,0.8943760444224648,0.8865102396466163,0,1000,0.001,0.0001,balanced
digits,16,160,1637,52,constant_001,constant,constant,0.001,0.5,94,15041.0,0.001,constant eta0,0.8586049361823368,0.9045602342358166,0,1000,0.001,0.0001,balanced
digits,16,160,1637,88,constant_001,constant,constant,0.001,0.5,93,14881.0,0.001,constant eta0,0.9031295840579486,0.8827452495634102,0,1000,0.001,0.0001,balanced
digits,16,160,1637,121,constant_001,constant,constant,0.001,0.5,92,14721.0,0.001,constant eta0,0.872787756384604,0.9126789009479446,0,1000,0.001,0.0001,balanced
digits,16,160,1637,169,constant_001,constant,constant,0.001,0.5,93,14881.0,0.001,constant eta0,0.8579569126520653,0.8996617277908656,0,1000,0.001,0.0001,balanced
digits,16,160,1637,203,constant_001,constant,constant,0.001,0.5,93,14881.0,0.001,constant eta0,0.8658421311331507,0.9126838531589314,0,1000,0.001,0.0001,balanced
digits,16,160,1637,247,constant_001,constant,constant,0.001,0.5,95,15201.0,0.001,constant eta0,0.8563114798778728,0.9066598360591829,0,1000,0.001,0.0001,balanced
digits,16,160,1637,314,constant_001,constant,constant,0.001,0.5,94,15041.0,0.001,constant eta0,0.8907164854242438,0.8902979308938181,0,1000,0.001,0.0001,balanced
digits,16,160,1637,415,constant_001,constant,constant,0.001,0.5,93,14881.0,0.001,constant eta0,0.8686088278162716,0.9013014691521113,0,1000,0.001,0.0001,balanced
digits,16,160,1637,509,constant_001,constant,constant,0.001,0.5,93,14881.0,0.001,constant eta0,0.8767036489448229,0.8986336330409944,0,1000,0.001,0.0001,balanced
digits,16,160,1637,14,constant_003,constant,constant,0.003,0.5,67,10721.0,0.003,constant eta0,0.6813620269187437,0.8953772935067932,0,1000,0.001,0.0001,balanced
digits,16,160,1637,52,constant_003,constant,constant,0.003,0.5,68,10881.0,0.003,constant eta0,0.6437620838859395,0.9037314926007136,0,1000,0.001,0.0001,balanced
digits,16,160,1637,88,constant_003,constant,constant,0.003,0.5,64,10241.0,0.003,constant eta0,0.7176155062689885,0.8894171469650181,0,1000,0.001,0.0001,balanced
digits,16,160,1637,121,constant_003,constant,constant,0.003,0.5,63,10081.0,0.003,constant eta0,0.6563230121910189,0.9167642448963044,0,1000,0.001,0.0001,balanced
digits,16,160,1637,169,constant_003,constant,constant,0.003,0.5,64,10241.0,0.003,constant eta0,0.6577965873475319,0.9016581049696522,0,1000,0.001,0.0001,balanced
digits,16,160,1637,203,constant_003,constant,constant,0.003,0.5,65,10401.0,0.003,constant eta0,0.6487427538136017,0.9167591269418418,0,1000,0.001,0.0001,balanced
digits,16,160,1637,247,constant_003,constant,constant,0.003,0.5,66,10561.0,0.003,constant eta0,0.6386986788085692,0.9104563863358413,0,1000,0.001,0.0001,balanced
digits,16,160,1637,314,constant_003,constant,constant,0.003,0.5,63,10081.0,0.003,constant eta0,0.6904357936592346,0.892047150244467,0,1000,0.001,0.0001,balanced
digits,16,160,1637,415,constant_003,constant,constant,0.003,0.5,63,10081.0,0.003,constant eta0,0.6623203920779656,0.9064653158349442,0,1000,0.001,0.0001,balanced
digits,16,160,1637,509,constant_003,constant,constant,0.003,0.5,66,10561.0,0.003,constant eta0,0.6673275334357411,0.9006169152164535,0,1000,0.001,0.0001,balanced
digits,16,160,1637,14,invscaling_0003,invscaling,invscaling,0.0003,0.5,9,1441.0,7.902950546607483e-06,"eta0 / (clf.t_ ** power_t), using sklearn update counter t_",2.28305452051116,0.7809388409479551,0,1000,0.001,0.0001,balanced
digits,16,160,1637,52,invscaling_0003,invscaling,invscaling,0.0003,0.5,8,1281.0,8.381981343406688e-06,"eta0 / (clf.t_ ** power_t), using sklearn update counter t_",2.2842609141168917,0.8205395464856284,0,1000,0.001,0.0001,balanced
digits,16,160,1637,88,invscaling_0003,invscaling,invscaling,0.0003,0.5,8,1281.0,8.381981343406688e-06,"eta0 / (clf.t_ ** power_t), using sklearn update counter t_",2.2835166054277485,0.7948728450169413,0,1000,0.001,0.0001,balanced
digits,16,160,1637,121,invscaling_0003,invscaling,invscaling,0.0003,0.5,9,1441.0,7.902950546607483e-06,"eta0 / (clf.t_ ** power_t), using sklearn update counter t_",2.2825236898262515,0.8092580448196036,0,1000,0.001,0.0001,balanced
digits,16,160,1637,169,invscaling_0003,invscaling,invscaling,0.0003,0.5,8,1281.0,8.381981343406688e-06,"eta0 / (clf.t_ ** power_t), using sklearn update counter t_",2.2838055519000453,0.8113615063847595,0,1000,0.001,0.0001,balanced
digits,16,160,1637,203,invscaling_0003,invscaling,invscaling,0.0003,0.5,8,1281.0,8.381981343406688e-06,"eta0 / (clf.t_ ** power_t), using sklearn update counter t_",2.283339788932437,0.7876286920616777,0,1000,0.001,0.0001,balanced
digits,16,160,1637,247,invscaling_0003,invscaling,invscaling,0.0003,0.5,8,1281.0,8.381981343406688e-06,"eta0 / (clf.t_ ** power_t), using sklearn update counter t_",2.284198600644414,0.8057725513852528,0,1000,0.001,0.0001,balanced
digits,16,160,1637,314,invscaling_0003,invscaling,invscaling,0.0003,0.5,9,1441.0,7.902950546607483e-06,"eta0 / (clf.t_ ** power_t), using sklearn update counter t_",2.2829201618736916,0.7963219860765018,0,1000,0.001,0.0001,balanced
digits,16,160,1637,415,invscaling_0003,invscaling,invscaling,0.0003,0.5,9,1441.0,7.902950546607483e-06,"eta0 / (clf.t_ ** power_t), using sklearn update counter t_",2.2838712640760646,0.8011066217151509,0,1000,0.001,0.0001,balanced
digits,16,160,1637,509,invscaling_0003,invscaling,invscaling,0.0003,0.5,9,1441.0,7.902950546607483e-06,"eta0 / (clf.t_ ** power_t), using sklearn update counter t_",2.283117933449332,0.7752236999927735,0,1000,0.001,0.0001,balanced
digits,16,160,1637,14,invscaling_001,invscaling,invscaling,0.001,0.5,30,4801.0,1.4432253448298278e-05,"eta0 / (clf.t_ ** power_t), using sklearn update counter t_",2.2019384325298614,0.7803331287817835,0,1000,0.001,0.0001,balanced
digits,16,160,1637,52,invscaling_001,invscaling,invscaling,0.001,0.5,26,4161.0,1.5502478656928755e-05,"eta0 / (clf.t_ ** power_t), using sklearn update counter t_",2.2082951415794754,0.8292734525006745,0,1000,0.001,0.0001,balanced
digits,16,160,1637,88,invscaling_001,invscaling,invscaling,0.001,0.5,26,4161.0,1.5502478656928755e-05,"eta0 / (clf.t_ ** power_t), using sklearn update counter t_",2.202997711527498,0.7960605855119375,0,1000,0.001,0.0001,balanced
digits,16,160,1637,121,invscaling_001,invscaling,invscaling,0.001,0.5,29,4641.0,1.4678923792502563e-05,"eta0 / (clf.t_ ** power_t), using sklearn update counter t_",2.198181351785903,0.8126451635285521,0,1000,0.001,0.0001,balanced
digits,16,160,1637,169,invscaling_001,invscaling,invscaling,0.001,0.5,25,4001.0,1.5809412247806517e-05,"eta0 / (clf.t_ ** power_t), using sklearn update counter t_",2.2046112868021934,0.8029575844152653,0,1000,0.001,0.0001,balanced
digits,16,160,1637,203,invscaling_001,invscaling,invscaling,0.001,0.5,27,4321.0,1.5212754852621891e-05,"eta0 / (clf.t_ ** power_t), using sklearn update counter t_",2.2039437012563146,0.7911766394176282,0,1000,0.001,0.0001,balanced
digits,16,160,1637,247,invscaling_001,invscaling,invscaling,0.001,0.5,26,4161.0,1.5502478656928755e-05,"eta0 / (clf.t_ ** power_t), using sklearn update counter t_",2.208023331011675,0.7983681881175266,0,1000,0.001,0.0001,balanced
digits,16,160,1637,314,invscaling_001,invscaling,invscaling,0.001,0.5,28,4481.0,1.4938690445150245e-05,"eta0 / (clf.t_ ** power_t), using sklearn update counter t_",2.1999947044600274,0.8014047461745959,0,1000,0.001,0.0001,balanced
digits,16,160,1637,415,invscaling_001,invscaling,invscaling,0.001,0.5,27,4321.0,1.5212754852621891e-05,"eta0 / (clf.t_ ** power_t), using sklearn update counter t_",2.2059315095493988,0.8071564274661258,0,1000,0.001,0.0001,balanced
digits,16,160,1637,509,invscaling_001,invscaling,invscaling,0.001,0.5,29,4641.0,1.4678923792502563e-05,"eta0 / (clf.t_ ** power_t), using sklearn update counter t_",2.2016048616266333,0.7780782186690475,0,1000,0.001,0.0001,balanced
digits,16,160,1637,14,invscaling_003,invscaling,invscaling,0.003,0.5,63,10081.0,2.9879233165296864e-05,"eta0 / (clf.t_ ** power_t), using sklearn update counter t_",1.9647165778019504,0.8219242822833632,0,1000,0.001,0.0001,balanced
digits,16,160,1637,52,invscaling_003,invscaling,invscaling,0.003,0.5,64,10241.0,2.9644905594260344e-05,"eta0 / (clf.t_ ** power_t), using sklearn update counter t_",1.9686388790885399,0.854930623217693,0,1000,0.001,0.0001,balanced
digits,16,160,1637,88,invscaling_003,invscaling,invscaling,0.003,0.5,64,10241.0,2.9644905594260344e-05,"eta0 / (clf.t_ ** power_t), using sklearn update counter t_",1.9581707905148051,0.8308797935591847,0,1000,0.001,0.0001,balanced
digits,16,160,1637,121,invscaling_003,invscaling,invscaling,0.003,0.5,64,10241.0,2.9644905594260344e-05,"eta0 / (clf.t_ ** power_t), using sklearn update counter t_",1.9506359250714729,0.8468941039537585,0,1000,0.001,0.0001,balanced
digits,16,160,1637,169,invscaling_003,invscaling,invscaling,0.003,0.5,62,9921.0,3.0119206766920694e-05,"eta0 / (clf.t_ ** power_t), using sklearn update counter t_",1.9589685749572048,0.8463493391875584,0,1000,0.001,0.0001,balanced
digits,16,160,1637,203,invscaling_003,invscaling,invscaling,0.003,0.5,64,10241.0,2.9644905594260344e-05,"eta0 / (clf.t_ ** power_t), using sklearn update counter t_",1.9639978550995183,0.8393738552433548,0,1000,0.001,0.0001,balanced
digits,16,160,1637,247,invscaling_003,invscaling,invscaling,0.003,0.5,63,10081.0,2.9879233165296864e-05,"eta0 / (clf.t_ ** power_t), using sklearn update counter t_",1.969211935709421,0.8325787254942172,0,1000,0.001,0.0001,balanced
digits,16,160,1637,314,invscaling_003,invscaling,invscaling,0.003,0.5,65,10401.0,2.9416006073660676e-05,"eta0 / (clf.t_ ** power_t), using sklearn update counter t_",1.9550372011207715,0.8298029440452714,0,1000,0.001,0.0001,balanced
digits,16,160,1637,415,invscaling_003,invscaling,invscaling,0.003,0.5,63,10081.0,2.9879233165296864e-05,"eta0 / (clf.t_ ** power_t), using sklearn update counter t_",1.9611074667266835,0.839364776481713,0,1000,0.001,0.0001,balanced
digits,16,160,1637,509,invscaling_003,invscaling,invscaling,0.003,0.5,65,10401.0,2.9416006073660676e-05,"eta0 / (clf.t_ ** power_t), using sklearn update counter t_",1.9600940746168325,0.8220049447885854,0,1000,0.001,0.0001,balanced
digits,16,160,1637,14,adaptive_0003,adaptive,adaptive,0.0003,0.5,158,25281.0,0.0003,eta0 nominal terminal value recorded; sklearn adaptive schedule divides by 5 after n_iter_no_change without sufficient improvement,1.1946235617836516,0.8799759181286622,0,1000,0.001,0.0001,balanced
digits,16,160,1637,52,adaptive_0003,adaptive,adaptive,0.0003,0.5,160,25601.0,0.0003,eta0 nominal terminal value recorded; sklearn adaptive schedule divides by 5 after n_iter_no_change without sufficient improvement,1.1671602169430086,0.9025957471909034,0,1000,0.001,0.0001,balanced
digits,16,160,1637,88,adaptive_0003,adaptive,adaptive,0.0003,0.5,159,25441.0,0.0003,eta0 nominal terminal value recorded; sklearn adaptive schedule divides by 5 after n_iter_no_change without sufficient improvement,1.1863154369371445,0.8725724997941183,0,1000,0.001,0.0001,balanced
digits,16,160,1637,121,adaptive_0003,adaptive,adaptive,0.0003,0.5,159,25441.0,0.0003,eta0 nominal terminal value recorded; sklearn adaptive schedule divides by 5 after n_iter_no_change without sufficient improvement,1.1759600895326168,0.9015431352418493,0,1000,0.001,0.0001,balanced
digits,16,160,1637,169,adaptive_0003,adaptive,adaptive,0.0003,0.5,160,25601.0,0.0003,eta0 nominal terminal value recorded; sklearn adaptive schedule divides by 5 after n_iter_no_change without sufficient improvement,1.1570075680877427,0.8944331305328166,0,1000,0.001,0.0001,balanced
digits,16,160,1637,203,adaptive_0003,adaptive,adaptive,0.0003,0.5,160,25601.0,0.0003,eta0 nominal terminal value recorded; sklearn adaptive schedule divides by 5 after n_iter_no_change without sufficient improvement,1.1743805538437446,0.9027056154421491,0,1000,0.001,0.0001,balanced
digits,16,160,1637,247,adaptive_0003,adaptive,adaptive,0.0003,0.5,160,25601.0,0.0003,eta0 nominal terminal value recorded; sklearn adaptive schedule divides by 5 after n_iter_no_change without sufficient improvement,1.1698599367050169,0.9000585537808028,0,1000,0.001,0.0001,balanced
digits,16,160,1637,314,adaptive_0003,adaptive,adaptive,0.0003,0.5,161,25761.0,0.0003,eta0 nominal terminal value recorded; sklearn adaptive schedule divides by 5 after n_iter_no_change without sufficient improvement,1.1826972366258353,0.8792049518752432,0,1000,0.001,0.0001,balanced
digits,16,160,1637,415,adaptive_0003,adaptive,adaptive,0.0003,0.5,159,25441.0,0.0003,eta0 nominal terminal value recorded; sklearn adaptive schedule divides by 5 after n_iter_no_change without sufficient improvement,1.1678585887549002,0.8927870796729348,0,1000,0.001,0.0001,balanced
digits,16,160,1637,509,adaptive_0003,adaptive,adaptive,0.0003,0.5,158,25281.0,0.0003,eta0 nominal terminal value recorded; sklearn adaptive schedule divides by 5 after n_iter_no_change without sufficient improvement,1.177858881126386,0.8910659388016835,0,1000,0.001,0.0001,balanced
digits,16,160,1637,14,adaptive_001,adaptive,adaptive,0.001,0.5,117,18721.0,0.001,eta0 nominal terminal value recorded; sklearn adaptive schedule divides by 5 after n_iter_no_change without sufficient improvement,0.8891799237953668,0.8865102396466163,0,1000,0.001,0.0001,balanced
digits,16,160,1637,52,adaptive_001,adaptive,adaptive,0.001,0.5,120,19201.0,0.001,eta0 nominal terminal value recorded; sklearn adaptive schedule divides by 5 after n_iter_no_change without sufficient improvement,0.8533423453558369,0.9051537930515844,0,1000,0.001,0.0001,balanced
digits,16,160,1637,88,adaptive_001,adaptive,adaptive,0.001,0.5,119,19041.0,0.001,eta0 nominal terminal value recorded; sklearn adaptive schedule divides by 5 after n_iter_no_change without sufficient improvement,0.898457051889879,0.8834077773810514,0,1000,0.001,0.0001,balanced
digits,16,160,1637,121,adaptive_001,adaptive,adaptive,0.001,0.5,117,18721.0,0.001,eta0 nominal terminal value recorded; sklearn adaptive schedule divides by 5 after n_iter_no_change without sufficient improvement,0.867608157269835,0.9132825001434061,0,1000,0.001,0.0001,balanced
digits,16,160,1637,169,adaptive_001,adaptive,adaptive,0.001,0.5,119,19041.0,0.001,eta0 nominal terminal value recorded; sklearn adaptive schedule divides by 5 after n_iter_no_change without sufficient improvement,0.8530669399006832,0.8996617277908656,0,1000,0.001,0.0001,balanced
digits,16,160,1637,203,adaptive_001,adaptive,adaptive,0.001,0.5,118,18881.0,0.001,eta0 nominal terminal value recorded; sklearn adaptive schedule divides by 5 after n_iter_no_change without sufficient improvement,0.8605738435787466,0.9126838531589314,0,1000,0.001,0.0001,balanced
digits,16,160,1637,247,adaptive_001,adaptive,adaptive,0.001,0.5,121,19361.0,0.001,eta0 nominal terminal value recorded; sklearn adaptive schedule divides by 5 after n_iter_no_change without sufficient improvement,0.8510114170624052,0.9066598360591829,0,1000,0.001,0.0001,balanced
digits,16,160,1637,314,adaptive_001,adaptive,adaptive,0.001,0.5,119,19041.0,0.001,eta0 nominal terminal value recorded; sklearn adaptive schedule divides by 5 after n_iter_no_change without sufficient improvement,0.8859116516919517,0.8908914888275705,0,1000,0.001,0.0001,balanced
digits,16,160,1637,415,adaptive_001,adaptive,adaptive,0.001,0.5,118,18881.0,0.001,eta0 nominal terminal value recorded; sklearn adaptive schedule divides by 5 after n_iter_no_change without sufficient improvement,0.863687932570066,0.9013014691521113,0,1000,0.001,0.0001,balanced
digits,16,160,1637,509,adaptive_001,adaptive,adaptive,0.001,0.5,119,19041.0,0.001,eta0 nominal terminal value recorded; sklearn adaptive schedule divides by 5 after n_iter_no_change without sufficient improvement,0.8715562455648301,0.8992369809379447,0,1000,0.001,0.0001,balanced
digits,16,160,1637,14,adaptive_003,adaptive,adaptive,0.003,0.5,93,14881.0,0.003,eta0 nominal terminal value recorded; sklearn adaptive schedule divides by 5 after n_iter_no_change without sufficient improvement,0.675622063296375,0.8953772935067932,0,1000,0.001,0.0001,balanced
digits,16,160,1637,52,adaptive_003,adaptive,adaptive,0.003,0.5,94,15041.0,0.003,eta0 nominal terminal value recorded; sklearn adaptive schedule divides by 5 after n_iter_no_change without sufficient improvement,0.6382055997906144,0.9043491276708961,0,1000,0.001,0.0001,balanced
digits,16,160,1637,88,adaptive_003,adaptive,adaptive,0.003,0.5,90,14401.0,0.003,eta0 nominal terminal value recorded; sklearn adaptive schedule divides by 5 after n_iter_no_change without sufficient improvement,0.7127918804610185,0.8894585006284403,0,1000,0.001,0.0001,balanced
digits,16,160,1637,121,adaptive_003,adaptive,adaptive,0.003,0.5,89,14241.0,0.003,eta0 nominal terminal value recorded; sklearn adaptive schedule divides by 5 after n_iter_no_change without sufficient improvement,0.6504881783163843,0.9167642448963044,0,1000,0.001,0.0001,balanced
digits,16,160,1637,169,adaptive_003,adaptive,adaptive,0.003,0.5,90,14401.0,0.003,eta0 nominal terminal value recorded; sklearn adaptive schedule divides by 5 after n_iter_no_change without sufficient improvement,0.652680289686394,0.902304894827779,0,1000,0.001,0.0001,balanced
digits,16,160,1637,203,adaptive_003,adaptive,adaptive,0.003,0.5,91,14561.0,0.003,eta0 nominal terminal value recorded; sklearn adaptive schedule divides by 5 after n_iter_no_change without sufficient improvement,0.6428741792219278,0.917411623835813,0,1000,0.001,0.0001,balanced
digits,16,160,1637,247,adaptive_003,adaptive,adaptive,0.003,0.5,92,14721.0,0.003,eta0 nominal terminal value recorded; sklearn adaptive schedule divides by 5 after n_iter_no_change without sufficient improvement,0.6331207559263519,0.9110329679517731,0,1000,0.001,0.0001,balanced
digits,16,160,1637,314,adaptive_003,adaptive,adaptive,0.003,0.5,89,14241.0,0.003,eta0 nominal terminal value recorded; sklearn adaptive schedule divides by 5 after n_iter_no_change without sufficient improvement,0.6851048248605138,0.892047150244467,0,1000,0.001,0.0001,balanced
digits,16,160,1637,415,adaptive_003,adaptive,adaptive,0.003,0.5,89,14241.0,0.003,eta0 nominal terminal value recorded; sklearn adaptive schedule divides by 5 after n_iter_no_change without sufficient improvement,0.6567340902762147,0.9064653158349442,0,1000,0.001,0.0001,balanced
digits,16,160,1637,509,adaptive_003,adaptive,adaptive,0.003,0.5,92,14721.0,0.003,eta0 nominal terminal value recorded; sklearn adaptive schedule divides by 5 after n_iter_no_change without sufficient improvement,0.6618303125058749,0.9006967462964834,0,1000,0.001,0.0001,balanced
digits,32,320,1477,14,constant_0003,constant,constant,0.0003,0.5,110,35201.0,0.0003,constant eta0,0.9659624416294614,0.9222265423337006,0,1000,0.001,0.0001,balanced
digits,32,320,1477,52,constant_0003,constant,constant,0.0003,0.5,110,35201.0,0.0003,constant eta0,0.9742183805171037,0.9254025239146493,0,1000,0.001,0.0001,balanced
digits,32,320,1477,88,constant_0003,constant,constant,0.0003,0.5,110,35201.0,0.0003,constant eta0,0.9754313450160742,0.9202919252624566,0,1000,0.001,0.0001,balanced
digits,32,320,1477,121,constant_0003,constant,constant,0.0003,0.5,109,34881.0,0.0003,constant eta0,0.9686721582808477,0.9350578707649999,0,1000,0.001,0.0001,balanced
digits,32,320,1477,169,constant_0003,constant,constant,0.0003,0.5,109,34881.0,0.0003,constant eta0,0.9672227902690819,0.9114936641015424,0,1000,0.001,0.0001,balanced
digits,32,320,1477,203,constant_0003,constant,constant,0.0003,0.5,109,34881.0,0.0003,constant eta0,0.9646363219062338,0.9256931966929773,0,1000,0.001,0.0001,balanced
digits,32,320,1477,247,constant_0003,constant,constant,0.0003,0.5,109,34881.0,0.0003,constant eta0,0.9688765522439761,0.9303467408116152,0,1000,0.001,0.0001,balanced
digits,32,320,1477,314,constant_0003,constant,constant,0.0003,0.5,109,34881.0,0.0003,constant eta0,0.9692002385989895,0.9331861261564584,0,1000,0.001,0.0001,balanced
digits,32,320,1477,415,constant_0003,constant,constant,0.0003,0.5,110,35201.0,0.0003,constant eta0,0.9744675833238055,0.9135655699186372,0,1000,0.001,0.0001,balanced
digits,32,320,1477,509,constant_0003,constant,constant,0.0003,0.5,108,34561.0,0.0003,constant eta0,0.9702491450719871,0.9187188055999365,0,1000,0.001,0.0001,balanced
digits,32,320,1477,14,constant_001,constant,constant,0.001,0.5,74,23681.0,0.001,constant eta0,0.6861015582384927,0.9311312161160012,0,1000,0.001,0.0001,balanced
digits,32,320,1477,52,constant_001,constant,constant,0.001,0.5,71,22721.0,0.001,constant eta0,0.699101032995173,0.9306319749384052,0,1000,0.001,0.0001,balanced
digits,32,320,1477,88,constant_001,constant,constant,0.001,0.5,71,22721.0,0.001,constant eta0,0.6944611257874622,0.922508467374137,0,1000,0.001,0.0001,balanced
digits,32,320,1477,121,constant_001,constant,constant,0.001,0.5,71,22721.0,0.001,constant eta0,0.6833982952111672,0.9414040469799778,0,1000,0.001,0.0001,balanced
digits,32,320,1477,169,constant_001,constant,constant,0.001,0.5,72,23041.0,0.001,constant eta0,0.6882157302539068,0.9205403773702561,0,1000,0.001,0.0001,balanced
digits,32,320,1477,203,constant_001,constant,constant,0.001,0.5,71,22721.0,0.001,constant eta0,0.6917496336815377,0.9319447897234964,0,1000,0.001,0.0001,balanced
digits,32,320,1477,247,constant_001,constant,constant,0.001,0.5,71,22721.0,0.001,constant eta0,0.6886198690261311,0.933788170676153,0,1000,0.001,0.0001,balanced
digits,32,320,1477,314,constant_001,constant,constant,0.001,0.5,71,22721.0,0.001,constant eta0,0.6897681941882272,0.9414421196744349,0,1000,0.001,0.0001,balanced
digits,32,320,1477,415,constant_001,constant,constant,0.001,0.5,73,23361.0,0.001,constant eta0,0.6987688280787059,0.924160551501618,0,1000,0.001,0.0001,balanced
digits,32,320,1477,509,constant_001,constant,constant,0.001,0.5,70,22401.0,0.001,constant eta0,0.6941345289486955,0.9244578417989324,0,1000,0.001,0.0001,balanced
digits,32,320,1477,14,constant_003,constant,constant,0.003,0.5,54,17281.0,0.003,constant eta0,0.5019764635693399,0.933869424751802,0,1000,0.001,0.0001,balanced
digits,32,320,1477,52,constant_003,constant,constant,0.003,0.5,51,16321.0,0.003,constant eta0,0.5174238142133123,0.9306607985630873,0,1000,0.001,0.0001,balanced
digits,32,320,1477,88,constant_003,constant,constant,0.003,0.5,50,16001.0,0.003,constant eta0,0.5100684425849513,0.92317054402636,0,1000,0.001,0.0001,balanced
digits,32,320,1477,121,constant_003,constant,constant,0.003,0.5,49,15681.0,0.003,constant eta0,0.49562899413478806,0.9468914364374156,0,1000,0.001,0.0001,balanced
digits,32,320,1477,169,constant_003,constant,constant,0.003,0.5,51,16321.0,0.003,constant eta0,0.5011213303657269,0.925038087123696,0,1000,0.001,0.0001,balanced
digits,32,320,1477,203,constant_003,constant,constant,0.003,0.5,49,15681.0,0.003,constant eta0,0.5134145929325448,0.9327108426784101,0,1000,0.001,0.0001,balanced
digits,32,320,1477,247,constant_003,constant,constant,0.003,0.5,51,16321.0,0.003,constant eta0,0.5017830177863141,0.9419420635886393,0,1000,0.001,0.0001,balanced
digits,32,320,1477,314,constant_003,constant,constant,0.003,0.5,49,15681.0,0.003,constant eta0,0.5065621401678733,0.9435917213434596,0,1000,0.001,0.0001,balanced
digits,32,320,1477,415,constant_003,constant,constant,0.003,0.5,51,16321.0,0.003,constant eta0,0.514685086828866,0.9275232411002117,0,1000,0.001,0.0001,balanced
digits,32,320,1477,509,constant_003,constant,constant,0.003,0.5,51,16321.0,0.003,constant eta0,0.511293148827717,0.9301824575252912,0,1000,0.001,0.0001,balanced
digits,32,320,1477,14,invscaling_0003,invscaling,invscaling,0.0003,0.5,11,3521.0,5.055780868780504e-06,"eta0 / (clf.t_ ** power_t), using sklearn update counter t_",2.2720662960488127,0.844311834371933,0,1000,0.001,0.0001,balanced
digits,32,320,1477,52,invscaling_0003,invscaling,invscaling,0.0003,0.5,11,3521.0,5.055780868780504e-06,"eta0 / (clf.t_ ** power_t), using sklearn update counter t_",2.2732559514686033,0.7920971988012531,0,1000,0.001,0.0001,balanced
digits,32,320,1477,88,invscaling_0003,invscaling,invscaling,0.0003,0.5,11,3521.0,5.055780868780504e-06,"eta0 / (clf.t_ ** power_t), using sklearn update counter t_",2.272928501305431,0.799033536074802,0,1000,0.001,0.0001,balanced
digits,32,320,1477,121,invscaling_0003,invscaling,invscaling,0.0003,0.5,11,3521.0,5.055780868780504e-06,"eta0 / (clf.t_ ** power_t), using sklearn update counter t_",2.2732833616376427,0.8191965170927782,0,1000,0.001,0.0001,balanced
digits,32,320,1477,169,invscaling_0003,invscaling,invscaling,0.0003,0.5,11,3521.0,5.055780868780504e-06,"eta0 / (clf.t_ ** power_t), using sklearn update counter t_",2.2722715621580316,0.8314548646729948,0,1000,0.001,0.0001,balanced
digits,32,320,1477,203,invscaling_0003,invscaling,invscaling,0.0003,0.5,12,3841.0,4.840598937468212e-06,"eta0 / (clf.t_ ** power_t), using sklearn update counter t_",2.2725163858009725,0.7896541723341113,0,1000,0.001,0.0001,balanced
digits,32,320,1477,247,invscaling_0003,invscaling,invscaling,0.0003,0.5,11,3521.0,5.055780868780504e-06,"eta0 / (clf.t_ ** power_t), using sklearn update counter t_",2.273633251284514,0.8357624545476613,0,1000,0.001,0.0001,balanced
digits,32,320,1477,314,invscaling_0003,invscaling,invscaling,0.0003,0.5,11,3521.0,5.055780868780504e-06,"eta0 / (clf.t_ ** power_t), using sklearn update counter t_",2.2725159228482013,0.8035495070670953,0,1000,0.001,0.0001,balanced
digits,32,320,1477,415,invscaling_0003,invscaling,invscaling,0.0003,0.5,12,3841.0,4.840598937468212e-06,"eta0 / (clf.t_ ** power_t), using sklearn update counter t_",2.272395115219364,0.831082061009129,0,1000,0.001,0.0001,balanced
digits,32,320,1477,509,invscaling_0003,invscaling,invscaling,0.0003,0.5,11,3521.0,5.055780868780504e-06,"eta0 / (clf.t_ ** power_t), using sklearn update counter t_",2.272384820464134,0.8202345240740094,0,1000,0.001,0.0001,balanced
digits,32,320,1477,14,invscaling_001,invscaling,invscaling,0.001,0.5,38,12161.0,9.068080268898008e-06,"eta0 / (clf.t_ ** power_t), using sklearn update counter t_",2.143040090208056,0.8539144085637682,0,1000,0.001,0.0001,balanced
digits,32,320,1477,52,invscaling_001,invscaling,invscaling,0.001,0.5,37,11841.0,9.189794701820031e-06,"eta0 / (clf.t_ ** power_t), using sklearn update counter t_",2.148650119535797,0.8087989127592227,0,1000,0.001,0.0001,balanced
digits,32,320,1477,88,invscaling_001,invscaling,invscaling,0.001,0.5,36,11521.0,9.316545551067793e-06,"eta0 / (clf.t_ ** power_t), using sklearn update counter t_",2.149137239744902,0.8143673678606522,0,1000,0.001,0.0001,balanced
digits,32,320,1477,121,invscaling_001,invscaling,invscaling,0.001,0.5,35,11201.0,9.448690018127141e-06,"eta0 / (clf.t_ ** power_t), using sklearn update counter t_",2.1490035116174235,0.8289903106391838,0,1000,0.001,0.0001,balanced
digits,32,320,1477,169,invscaling_001,invscaling,invscaling,0.001,0.5,36,11521.0,9.316545551067793e-06,"eta0 / (clf.t_ ** power_t), using sklearn update counter t_",2.1439939944677757,0.8400147858738742,0,1000,0.001,0.0001,balanced
digits,32,320,1477,203,invscaling_001,invscaling,invscaling,0.001,0.5,38,12161.0,9.068080268898008e-06,"eta0 / (clf.t_ ** power_t), using sklearn update counter t_",2.14729394813759,0.813466334319426,0,1000,0.001,0.0001,balanced
digits,32,320,1477,247,invscaling_001,invscaling,invscaling,0.001,0.5,35,11201.0,9.448690018127141e-06,"eta0 / (clf.t_ ** power_t), using sklearn update counter t_",2.150778737935651,0.8549231768914474,0,1000,0.001,0.0001,balanced
digits,32,320,1477,314,invscaling_001,invscaling,invscaling,0.001,0.5,37,11841.0,9.189794701820031e-06,"eta0 / (clf.t_ ** power_t), using sklearn update counter t_",2.1461391726404258,0.8212381821500891,0,1000,0.001,0.0001,balanced
digits,32,320,1477,415,invscaling_001,invscaling,invscaling,0.001,0.5,38,12161.0,9.068080268898008e-06,"eta0 / (clf.t_ ** power_t), using sklearn update counter t_",2.145061953294571,0.8408958418708192,0,1000,0.001,0.0001,balanced
digits,32,320,1477,509,invscaling_001,invscaling,invscaling,0.001,0.5,36,11521.0,9.316545551067793e-06,"eta0 / (clf.t_ ** power_t), using sklearn update counter t_",2.1463069072524203,0.8300938778954695,0,1000,0.001,0.0001,balanced
digits,32,320,1477,14,invscaling_003,invscaling,invscaling,0.003,0.5,76,24321.0,1.9236698614325407e-05,"eta0 / (clf.t_ ** power_t), using sklearn update counter t_",1.8477827178582236,0.8773550465881772,0,1000,0.001,0.0001,balanced
digits,32,320,1477,52,invscaling_003,invscaling,invscaling,0.003,0.5,75,24001.0,1.9364513307878783e-05,"eta0 / (clf.t_ ** power_t), using sklearn update counter t_",1.8549546155686552,0.8626737195575643,0,1000,0.001,0.0001,balanced
digits,32,320,1477,88,invscaling_003,invscaling,invscaling,0.003,0.5,73,23361.0,1.9627976982258718e-05,"eta0 / (clf.t_ ** power_t), using sklearn update counter t_",1.858898246961938,0.8598865638629982,0,1000,0.001,0.0001,balanced
digits,32,320,1477,121,invscaling_003,invscaling,invscaling,0.003,0.5,74,23681.0,1.9494910056080665e-05,"eta0 / (clf.t_ ** power_t), using sklearn update counter t_",1.8574503014407606,0.874870368675937,0,1000,0.001,0.0001,balanced
digits,32,320,1477,169,invscaling_003,invscaling,invscaling,0.003,0.5,74,23681.0,1.9494910056080665e-05,"eta0 / (clf.t_ ** power_t), using sklearn update counter t_",1.8482660486694287,0.8681815780685769,0,1000,0.001,0.0001,balanced
digits,32,320,1477,203,invscaling_003,invscaling,invscaling,0.003,0.5,73,23361.0,1.9627976982258718e-05,"eta0 / (clf.t_ ** power_t), using sklearn update counter t_",1.8518223086873782,0.8619551244146495,0,1000,0.001,0.0001,balanced
digits,32,320,1477,247,invscaling_003,invscaling,invscaling,0.003,0.5,74,23681.0,1.9494910056080665e-05,"eta0 / (clf.t_ ** power_t), using sklearn update counter t_",1.8556728740594937,0.8931373208205517,0,1000,0.001,0.0001,balanced
digits,32,320,1477,314,invscaling_003,invscaling,invscaling,0.003,0.5,73,23361.0,1.9627976982258718e-05,"eta0 / (clf.t_ ** power_t), using sklearn update counter t_",1.8510547006174558,0.8625105790927359,0,1000,0.001,0.0001,balanced
digits,32,320,1477,415,invscaling_003,invscaling,invscaling,0.003,0.5,74,23681.0,1.9494910056080665e-05,"eta0 / (clf.t_ ** power_t), using sklearn update counter t_",1.8506016311783084,0.8748125313172229,0,1000,0.001,0.0001,balanced
digits,32,320,1477,509,invscaling_003,invscaling,invscaling,0.003,0.5,73,23361.0,1.9627976982258718e-05,"eta0 / (clf.t_ ** power_t), using sklearn update counter t_",1.851813547347901,0.8693829936157366,0,1000,0.001,0.0001,balanced
digits,32,320,1477,14,adaptive_0003,adaptive,adaptive,0.0003,0.5,130,41601.0,0.0003,eta0 nominal terminal value recorded; sklearn adaptive schedule divides by 5 after n_iter_no_change without sufficient improvement,0.9611957591873574,0.9222265423337006,0,1000,0.001,0.0001,balanced
digits,32,320,1477,52,adaptive_0003,adaptive,adaptive,0.0003,0.5,130,41601.0,0.0003,eta0 nominal terminal value recorded; sklearn adaptive schedule divides by 5 after n_iter_no_change without sufficient improvement,0.9694755709843436,0.9260757897597856,0,1000,0.001,0.0001,balanced
digits,32,320,1477,88,adaptive_0003,adaptive,adaptive,0.0003,0.5,130,41601.0,0.0003,eta0 nominal terminal value recorded; sklearn adaptive schedule divides by 5 after n_iter_no_change without sufficient improvement,0.9706226767523073,0.9210169400466082,0,1000,0.001,0.0001,balanced
digits,32,320,1477,121,adaptive_0003,adaptive,adaptive,0.0003,0.5,129,41281.0,0.0003,eta0 nominal terminal value recorded; sklearn adaptive schedule divides by 5 after n_iter_no_change without sufficient improvement,0.9638215423540973,0.9350578707649999,0,1000,0.001,0.0001,balanced
digits,32,320,1477,169,adaptive_0003,adaptive,adaptive,0.0003,0.5,129,41281.0,0.0003,eta0 nominal terminal value recorded; sklearn adaptive schedule divides by 5 after n_iter_no_change without sufficient improvement,0.9624328478915927,0.9114936641015424,0,1000,0.001,0.0001,balanced
digits,32,320,1477,203,adaptive_0003,adaptive,adaptive,0.0003,0.5,129,41281.0,0.0003,eta0 nominal terminal value recorded; sklearn adaptive schedule divides by 5 after n_iter_no_change without sufficient improvement,0.9599171732655913,0.9270374408150943,0,1000,0.001,0.0001,balanced
digits,32,320,1477,247,adaptive_0003,adaptive,adaptive,0.0003,0.5,129,41281.0,0.0003,eta0 nominal terminal value recorded; sklearn adaptive schedule divides by 5 after n_iter_no_change without sufficient improvement,0.9640692813067665,0.9303467408116152,0,1000,0.001,0.0001,balanced
digits,32,320,1477,314,adaptive_0003,adaptive,adaptive,0.0003,0.5,129,41281.0,0.0003,eta0 nominal terminal value recorded; sklearn adaptive schedule divides by 5 after n_iter_no_change without sufficient improvement,0.9644118218862391,0.9331861261564584,0,1000,0.001,0.0001,balanced
digits,32,320,1477,415,adaptive_0003,adaptive,adaptive,0.0003,0.5,130,41601.0,0.0003,eta0 nominal terminal value recorded; sklearn adaptive schedule divides by 5 after n_iter_no_change without sufficient improvement,0.9697041855204862,0.9142317393626772,0,1000,0.001,0.0001,balanced
digits,32,320,1477,509,adaptive_0003,adaptive,adaptive,0.0003,0.5,128,40961.0,0.0003,eta0 nominal terminal value recorded; sklearn adaptive schedule divides by 5 after n_iter_no_change without sufficient improvement,0.9654989327309217,0.9187188055999365,0,1000,0.001,0.0001,balanced
digits,32,320,1477,14,adaptive_001,adaptive,adaptive,0.001,0.5,100,32001.0,0.001,eta0 nominal terminal value recorded; sklearn adaptive schedule divides by 5 after n_iter_no_change without sufficient improvement,0.6802858700120651,0.9311789263170628,0,1000,0.001,0.0001,balanced
digits,32,320,1477,52,adaptive_001,adaptive,adaptive,0.001,0.5,97,31041.0,0.001,eta0 nominal terminal value recorded; sklearn adaptive schedule divides by 5 after n_iter_no_change without sufficient improvement,0.6932054720999522,0.9306319749384052,0,1000,0.001,0.0001,balanced
digits,32,320,1477,88,adaptive_001,adaptive,adaptive,0.001,0.5,96,30721.0,0.001,eta0 nominal terminal value recorded; sklearn adaptive schedule divides by 5 after n_iter_no_change without sufficient improvement,0.6885380802580179,0.9225627057652833,0,1000,0.001,0.0001,balanced
digits,32,320,1477,121,adaptive_001,adaptive,adaptive,0.001,0.5,96,30721.0,0.001,eta0 nominal terminal value recorded; sklearn adaptive schedule divides by 5 after n_iter_no_change without sufficient improvement,0.67747343198215,0.9414040469799778,0,1000,0.001,0.0001,balanced
digits,32,320,1477,169,adaptive_001,adaptive,adaptive,0.001,0.5,97,31041.0,0.001,eta0 nominal terminal value recorded; sklearn adaptive schedule divides by 5 after n_iter_no_change without sufficient improvement,0.6823782312091288,0.9205403773702561,0,1000,0.001,0.0001,balanced
digits,32,320,1477,203,adaptive_001,adaptive,adaptive,0.001,0.5,96,30721.0,0.001,eta0 nominal terminal value recorded; sklearn adaptive schedule divides by 5 after n_iter_no_change without sufficient improvement,0.6860292750719437,0.9319386035768138,0,1000,0.001,0.0001,balanced
digits,32,320,1477,247,adaptive_001,adaptive,adaptive,0.001,0.5,97,31041.0,0.001,eta0 nominal terminal value recorded; sklearn adaptive schedule divides by 5 after n_iter_no_change without sufficient improvement,0.6826279842063205,0.9344865805380843,0,1000,0.001,0.0001,balanced
digits,32,320,1477,314,adaptive_001,adaptive,adaptive,0.001,0.5,96,30721.0,0.001,eta0 nominal terminal value recorded; sklearn adaptive schedule divides by 5 after n_iter_no_change without sufficient improvement,0.6838501347896118,0.9414421196744349,0,1000,0.001,0.0001,balanced
digits,32,320,1477,415,adaptive_001,adaptive,adaptive,0.001,0.5,98,31361.0,0.001,eta0 nominal terminal value recorded; sklearn adaptive schedule divides by 5 after n_iter_no_change without sufficient improvement,0.6929592614531722,0.924160551501618,0,1000,0.001,0.0001,balanced
digits,32,320,1477,509,adaptive_001,adaptive,adaptive,0.001,0.5,96,30721.0,0.001,eta0 nominal terminal value recorded; sklearn adaptive schedule divides by 5 after n_iter_no_change without sufficient improvement,0.6882324577984655,0.9244430259002053,0,1000,0.001,0.0001,balanced
digits,32,320,1477,14,adaptive_003,adaptive,adaptive,0.003,0.5,80,25601.0,0.003,eta0 nominal terminal value recorded; sklearn adaptive schedule divides by 5 after n_iter_no_change without sufficient improvement,0.4960635392067219,0.9331869140857675,0,1000,0.001,0.0001,balanced
digits,32,320,1477,52,adaptive_003,adaptive,adaptive,0.003,0.5,77,24641.0,0.003,eta0 nominal terminal value recorded; sklearn adaptive schedule divides by 5 after n_iter_no_change without sufficient improvement,0.5115624413392421,0.9306466254047727,0,1000,0.001,0.0001,balanced
digits,32,320,1477,88,adaptive_003,adaptive,adaptive,0.003,0.5,76,24321.0,0.003,eta0 nominal terminal value recorded; sklearn adaptive schedule divides by 5 after n_iter_no_change without sufficient improvement,0.5041529056407283,0.92317054402636,0,1000,0.001,0.0001,balanced
digits,32,320,1477,121,adaptive_003,adaptive,adaptive,0.003,0.5,75,24001.0,0.003,eta0 nominal terminal value recorded; sklearn adaptive schedule divides by 5 after n_iter_no_change without sufficient improvement,0.4894308602274576,0.9468627424427787,0,1000,0.001,0.0001,balanced
digits,32,320,1477,169,adaptive_003,adaptive,adaptive,0.003,0.5,77,24641.0,0.003,eta0 nominal terminal value recorded; sklearn adaptive schedule divides by 5 after n_iter_no_change without sufficient improvement,0.49513024457757315,0.924383229696826,0,1000,0.001,0.0001,balanced
digits,32,320,1477,203,adaptive_003,adaptive,adaptive,0.003,0.5,75,24001.0,0.003,eta0 nominal terminal value recorded; sklearn adaptive schedule divides by 5 after n_iter_no_change without sufficient improvement,0.5076552096787811,0.9327108426784101,0,1000,0.001,0.0001,balanced
digits,32,320,1477,247,adaptive_003,adaptive,adaptive,0.003,0.5,77,24641.0,0.003,eta0 nominal terminal value recorded; sklearn adaptive schedule divides by 5 after n_iter_no_change without sufficient improvement,0.4957941529014844,0.9419420635886393,0,1000,0.001,0.0001,balanced
digits,32,320,1477,314,adaptive_003,adaptive,adaptive,0.003,0.5,75,24001.0,0.003,eta0 nominal terminal value recorded; sklearn adaptive schedule divides by 5 after n_iter_no_change without sufficient improvement,0.5006031088397542,0.9435917213434596,0,1000,0.001,0.0001,balanced
digits,32,320,1477,415,adaptive_003,adaptive,adaptive,0.003,0.5,77,24641.0,0.003,eta0 nominal terminal value recorded; sklearn adaptive schedule divides by 5 after n_iter_no_change without sufficient improvement,0.5086368053954503,0.9268720445977386,0,1000,0.001,0.0001,balanced
digits,32,320,1477,509,adaptive_003,adaptive,adaptive,0.003,0.5,77,24641.0,0.003,eta0 nominal terminal value recorded; sklearn adaptive schedule divides by 5 after n_iter_no_change without sufficient improvement,0.5054807571902173,0.9309343681778588,0,1000,0.001,0.0001,balanced
